Job 4016364 on gpu01, started Mon Oct  5 17:30:45 +03 2026, DEVICE=gpu
JAX device: cuda:0 (Tesla V100-PCIE-32GB)
Energy bands: 2.25-3.15 keV
Cloud: clouds/4u1630_NH_111111111100001_DSH_11p5kpc.fits
Cloud shape (z, y, x): (1149, 53, 49)
Simulated source fluence: 6428166 ph cm^-2
Progress log: logs/progress.log
2026-10-05 17:31:05    0.05%  50,000 / 100,000,000 packets  elapsed 0:00:11  ETA 6:07:02
2026-10-05 17:31:07    0.10%  100,000 / 100,000,000 packets  elapsed 0:00:13  ETA 3:33:56
2026-10-05 17:31:08    0.15%  150,000 / 100,000,000 packets  elapsed 0:00:15  ETA 2:42:56
2026-10-05 17:31:10    0.20%  200,000 / 100,000,000 packets  elapsed 0:00:17  ETA 2:17:22
2026-10-05 17:31:12    0.25%  250,000 / 100,000,000 packets  elapsed 0:00:18  ETA 2:02:00
2026-10-05 17:31:14    0.30%  300,000 / 100,000,000 packets  elapsed 0:00:20  ETA 1:51:45
2026-10-05 17:31:16    0.35%  350,000 / 100,000,000 packets  elapsed 0:00:22  ETA 1:44:25
2026-10-05 17:31:18    0.40%  400,000 / 100,000,000 packets  elapsed 0:00:24  ETA 1:38:55
2026-10-05 17:31:19    0.45%  450,000 / 100,000,000 packets  elapsed 0:00:26  ETA 1:34:38
2026-10-05 17:31:21    0.50%  500,000 / 100,000,000 packets  elapsed 0:00:27  ETA 1:31:12
2026-10-05 17:31:23    0.55%  550,000 / 100,000,000 packets  elapsed 0:00:29  ETA 1:28:23
2026-10-05 17:31:25    0.60%  600,000 / 100,000,000 packets  elapsed 0:00:31  ETA 1:26:01
2026-10-05 17:31:27    0.65%  650,000 / 100,000,000 packets  elapsed 0:00:33  ETA 1:24:02
2026-10-05 17:31:29    0.70%  700,000 / 100,000,000 packets  elapsed 0:00:35  ETA 1:22:19
2026-10-05 17:31:30    0.75%  750,000 / 100,000,000 packets  elapsed 0:00:37  ETA 1:20:49
2026-10-05 17:31:32    0.80%  800,000 / 100,000,000 packets  elapsed 0:00:38  ETA 1:19:31
2026-10-05 17:31:34    0.85%  850,000 / 100,000,000 packets  elapsed 0:00:40  ETA 1:18:31
2026-10-05 17:31:36    0.90%  900,000 / 100,000,000 packets  elapsed 0:00:42  ETA 1:17:29
2026-10-05 17:31:38    0.95%  950,000 / 100,000,000 packets  elapsed 0:00:44  ETA 1:16:33
2026-10-05 17:31:40    1.00%  1,000,000 / 100,000,000 packets  elapsed 0:00:46  ETA 1:15:42
2026-10-05 17:31:41    1.05%  1,050,000 / 100,000,000 packets  elapsed 0:00:48  ETA 1:14:56
2026-10-05 17:31:43    1.10%  1,100,000 / 100,000,000 packets  elapsed 0:00:50  ETA 1:14:14
2026-10-05 17:31:45    1.15%  1,150,000 / 100,000,000 packets  elapsed 0:00:51  ETA 1:13:36
2026-10-05 17:31:47    1.20%  1,200,000 / 100,000,000 packets  elapsed 0:00:53  ETA 1:13:00
2026-10-05 17:31:49    1.25%  1,250,000 / 100,000,000 packets  elapsed 0:00:55  ETA 1:12:27
2026-10-05 17:31:51    1.30%  1,300,000 / 100,000,000 packets  elapsed 0:00:57  ETA 1:11:57
2026-10-05 17:31:52    1.35%  1,350,000 / 100,000,000 packets  elapsed 0:00:59  ETA 1:11:28
2026-10-05 17:31:54    1.40%  1,400,000 / 100,000,000 packets  elapsed 0:01:01  ETA 1:11:02
2026-10-05 17:31:56    1.45%  1,450,000 / 100,000,000 packets  elapsed 0:01:02  ETA 1:10:38
2026-10-05 17:31:58    1.50%  1,500,000 / 100,000,000 packets  elapsed 0:01:04  ETA 1:10:19
2026-10-05 17:32:00    1.55%  1,550,000 / 100,000,000 packets  elapsed 0:01:06  ETA 1:09:58
2026-10-05 17:32:02    1.60%  1,600,000 / 100,000,000 packets  elapsed 0:01:08  ETA 1:09:37
2026-10-05 17:32:04    1.65%  1,650,000 / 100,000,000 packets  elapsed 0:01:10  ETA 1:09:18
2026-10-05 17:32:05    1.70%  1,700,000 / 100,000,000 packets  elapsed 0:01:12  ETA 1:08:59
2026-10-05 17:32:07    1.75%  1,750,000 / 100,000,000 packets  elapsed 0:01:13  ETA 1:08:42
2026-10-05 17:32:09    1.80%  1,800,000 / 100,000,000 packets  elapsed 0:01:15  ETA 1:08:25
2026-10-05 17:32:11    1.85%  1,850,000 / 100,000,000 packets  elapsed 0:01:17  ETA 1:08:09
2026-10-05 17:32:13    1.90%  1,900,000 / 100,000,000 packets  elapsed 0:01:19  ETA 1:07:54
2026-10-05 17:32:15    1.95%  1,950,000 / 100,000,000 packets  elapsed 0:01:21  ETA 1:07:40
2026-10-05 17:32:16    2.00%  2,000,000 / 100,000,000 packets  elapsed 0:01:23  ETA 1:07:26
2026-10-05 17:32:18    2.05%  2,050,000 / 100,000,000 packets  elapsed 0:01:24  ETA 1:07:12
2026-10-05 17:32:20    2.10%  2,100,000 / 100,000,000 packets  elapsed 0:01:26  ETA 1:07:00
2026-10-05 17:32:22    2.15%  2,150,000 / 100,000,000 packets  elapsed 0:01:28  ETA 1:06:47
2026-10-05 17:32:24    2.20%  2,200,000 / 100,000,000 packets  elapsed 0:01:30  ETA 1:06:36
2026-10-05 17:32:25    2.25%  2,250,000 / 100,000,000 packets  elapsed 0:01:32  ETA 1:06:24
2026-10-05 17:32:27    2.30%  2,300,000 / 100,000,000 packets  elapsed 0:01:34  ETA 1:06:14
2026-10-05 17:32:29    2.35%  2,350,000 / 100,000,000 packets  elapsed 0:01:35  ETA 1:06:03
2026-10-05 17:32:31    2.40%  2,400,000 / 100,000,000 packets  elapsed 0:01:37  ETA 1:05:53
2026-10-05 17:32:33    2.45%  2,450,000 / 100,000,000 packets  elapsed 0:01:39  ETA 1:05:43
2026-10-05 17:32:35    2.50%  2,500,000 / 100,000,000 packets  elapsed 0:01:41  ETA 1:05:34
2026-10-05 17:32:36    2.55%  2,550,000 / 100,000,000 packets  elapsed 0:01:43  ETA 1:05:24
2026-10-05 17:32:38    2.60%  2,600,000 / 100,000,000 packets  elapsed 0:01:45  ETA 1:05:16
2026-10-05 17:32:40    2.65%  2,650,000 / 100,000,000 packets  elapsed 0:01:46  ETA 1:05:07
2026-10-05 17:32:42    2.70%  2,700,000 / 100,000,000 packets  elapsed 0:01:48  ETA 1:04:59
2026-10-05 17:32:44    2.75%  2,750,000 / 100,000,000 packets  elapsed 0:01:50  ETA 1:04:50
2026-10-05 17:32:46    2.80%  2,800,000 / 100,000,000 packets  elapsed 0:01:52  ETA 1:04:45
2026-10-05 17:32:48    2.85%  2,850,000 / 100,000,000 packets  elapsed 0:01:54  ETA 1:04:37
2026-10-05 17:32:49    2.90%  2,900,000 / 100,000,000 packets  elapsed 0:01:56  ETA 1:04:30
2026-10-05 17:32:51    2.95%  2,950,000 / 100,000,000 packets  elapsed 0:01:57  ETA 1:04:22
2026-10-05 17:32:53    3.00%  3,000,000 / 100,000,000 packets  elapsed 0:01:59  ETA 1:04:15
2026-10-05 17:32:55    3.05%  3,050,000 / 100,000,000 packets  elapsed 0:02:01  ETA 1:04:08
2026-10-05 17:32:57    3.10%  3,100,000 / 100,000,000 packets  elapsed 0:02:03  ETA 1:04:01
2026-10-05 17:32:58    3.15%  3,150,000 / 100,000,000 packets  elapsed 0:02:05  ETA 1:03:55
2026-10-05 17:33:00    3.20%  3,200,000 / 100,000,000 packets  elapsed 0:02:07  ETA 1:03:48
2026-10-05 17:33:02    3.25%  3,250,000 / 100,000,000 packets  elapsed 0:02:08  ETA 1:03:42
2026-10-05 17:33:04    3.30%  3,300,000 / 100,000,000 packets  elapsed 0:02:10  ETA 1:03:35
2026-10-05 17:33:06    3.35%  3,350,000 / 100,000,000 packets  elapsed 0:02:12  ETA 1:03:29
2026-10-05 17:33:08    3.40%  3,400,000 / 100,000,000 packets  elapsed 0:02:14  ETA 1:03:23
2026-10-05 17:33:09    3.45%  3,450,000 / 100,000,000 packets  elapsed 0:02:16  ETA 1:03:17
2026-10-05 17:33:11    3.50%  3,500,000 / 100,000,000 packets  elapsed 0:02:18  ETA 1:03:12
2026-10-05 17:33:13    3.55%  3,550,000 / 100,000,000 packets  elapsed 0:02:19  ETA 1:03:06
2026-10-05 17:33:15    3.60%  3,600,000 / 100,000,000 packets  elapsed 0:02:21  ETA 1:03:01
2026-10-05 17:33:17    3.65%  3,650,000 / 100,000,000 packets  elapsed 0:02:23  ETA 1:02:56
2026-10-05 17:33:19    3.70%  3,700,000 / 100,000,000 packets  elapsed 0:02:25  ETA 1:02:50
2026-10-05 17:33:20    3.75%  3,750,000 / 100,000,000 packets  elapsed 0:02:27  ETA 1:02:45
2026-10-05 17:33:22    3.80%  3,800,000 / 100,000,000 packets  elapsed 0:02:29  ETA 1:02:40
2026-10-05 17:33:24    3.85%  3,850,000 / 100,000,000 packets  elapsed 0:02:30  ETA 1:02:35
2026-10-05 17:33:26    3.90%  3,900,000 / 100,000,000 packets  elapsed 0:02:32  ETA 1:02:30
2026-10-05 17:33:28    3.95%  3,950,000 / 100,000,000 packets  elapsed 0:02:34  ETA 1:02:25
2026-10-05 17:33:30    4.00%  4,000,000 / 100,000,000 packets  elapsed 0:02:36  ETA 1:02:20
2026-10-05 17:33:31    4.05%  4,050,000 / 100,000,000 packets  elapsed 0:02:38  ETA 1:02:15
2026-10-05 17:33:33    4.10%  4,100,000 / 100,000,000 packets  elapsed 0:02:40  ETA 1:02:11
2026-10-05 17:33:35    4.15%  4,150,000 / 100,000,000 packets  elapsed 0:02:41  ETA 1:02:06
2026-10-05 17:33:37    4.20%  4,200,000 / 100,000,000 packets  elapsed 0:02:43  ETA 1:02:02
2026-10-05 17:33:39    4.25%  4,250,000 / 100,000,000 packets  elapsed 0:02:45  ETA 1:01:57
2026-10-05 17:33:41    4.30%  4,300,000 / 100,000,000 packets  elapsed 0:02:47  ETA 1:01:53
2026-10-05 17:33:42    4.35%  4,350,000 / 100,000,000 packets  elapsed 0:02:49  ETA 1:01:48
2026-10-05 17:33:44    4.40%  4,400,000 / 100,000,000 packets  elapsed 0:02:50  ETA 1:01:44
2026-10-05 17:33:46    4.45%  4,450,000 / 100,000,000 packets  elapsed 0:02:52  ETA 1:01:40
2026-10-05 17:33:48    4.50%  4,500,000 / 100,000,000 packets  elapsed 0:02:54  ETA 1:01:35
2026-10-05 17:33:50    4.55%  4,550,000 / 100,000,000 packets  elapsed 0:02:56  ETA 1:01:31
2026-10-05 17:33:52    4.60%  4,600,000 / 100,000,000 packets  elapsed 0:02:58  ETA 1:01:27
2026-10-05 17:33:53    4.65%  4,650,000 / 100,000,000 packets  elapsed 0:03:00  ETA 1:01:23
2026-10-05 17:33:55    4.70%  4,700,000 / 100,000,000 packets  elapsed 0:03:01  ETA 1:01:19
2026-10-05 17:33:57    4.75%  4,750,000 / 100,000,000 packets  elapsed 0:03:03  ETA 1:01:15
2026-10-05 17:33:59    4.80%  4,800,000 / 100,000,000 packets  elapsed 0:03:05  ETA 1:01:11
2026-10-05 17:34:01    4.85%  4,850,000 / 100,000,000 packets  elapsed 0:03:07  ETA 1:01:07
2026-10-05 17:34:03    4.90%  4,900,000 / 100,000,000 packets  elapsed 0:03:09  ETA 1:01:04
2026-10-05 17:34:04    4.95%  4,950,000 / 100,000,000 packets  elapsed 0:03:11  ETA 1:01:00
2026-10-05 17:34:06    5.00%  5,000,000 / 100,000,000 packets  elapsed 0:03:12  ETA 1:00:56
2026-10-05 17:34:08    5.05%  5,050,000 / 100,000,000 packets  elapsed 0:03:14  ETA 1:00:52
2026-10-05 17:34:10    5.10%  5,100,000 / 100,000,000 packets  elapsed 0:03:16  ETA 1:00:49
2026-10-05 17:34:12    5.15%  5,150,000 / 100,000,000 packets  elapsed 0:03:18  ETA 1:00:45
2026-10-05 17:34:14    5.20%  5,200,000 / 100,000,000 packets  elapsed 0:03:20  ETA 1:00:41
2026-10-05 17:34:15    5.25%  5,250,000 / 100,000,000 packets  elapsed 0:03:22  ETA 1:00:38
2026-10-05 17:34:17    5.30%  5,300,000 / 100,000,000 packets  elapsed 0:03:23  ETA 1:00:34
2026-10-05 17:34:19    5.35%  5,350,000 / 100,000,000 packets  elapsed 0:03:25  ETA 1:00:31
2026-10-05 17:34:21    5.40%  5,400,000 / 100,000,000 packets  elapsed 0:03:27  ETA 1:00:27
2026-10-05 17:34:23    5.45%  5,450,000 / 100,000,000 packets  elapsed 0:03:29  ETA 1:00:24
2026-10-05 17:34:24    5.50%  5,500,000 / 100,000,000 packets  elapsed 0:03:31  ETA 1:00:21
2026-10-05 17:34:26    5.55%  5,550,000 / 100,000,000 packets  elapsed 0:03:33  ETA 1:00:17
2026-10-05 17:34:28    5.60%  5,600,000 / 100,000,000 packets  elapsed 0:03:34  ETA 1:00:14
2026-10-05 17:34:30    5.65%  5,650,000 / 100,000,000 packets  elapsed 0:03:36  ETA 1:00:10
2026-10-05 17:34:32    5.70%  5,700,000 / 100,000,000 packets  elapsed 0:03:38  ETA 1:00:07
2026-10-05 17:34:34    5.75%  5,750,000 / 100,000,000 packets  elapsed 0:03:40  ETA 1:00:04
2026-10-05 17:34:35    5.80%  5,800,000 / 100,000,000 packets  elapsed 0:03:42  ETA 1:00:01
2026-10-05 17:34:37    5.85%  5,850,000 / 100,000,000 packets  elapsed 0:03:44  ETA 0:59:57
2026-10-05 17:34:39    5.90%  5,900,000 / 100,000,000 packets  elapsed 0:03:45  ETA 0:59:54
2026-10-05 17:34:41    5.95%  5,950,000 / 100,000,000 packets  elapsed 0:03:47  ETA 0:59:51
2026-10-05 17:34:43    6.00%  6,000,000 / 100,000,000 packets  elapsed 0:03:49  ETA 0:59:48
2026-10-05 17:34:45    6.05%  6,050,000 / 100,000,000 packets  elapsed 0:03:51  ETA 0:59:45
2026-10-05 17:34:46    6.10%  6,100,000 / 100,000,000 packets  elapsed 0:03:53  ETA 0:59:42
2026-10-05 17:34:48    6.15%  6,150,000 / 100,000,000 packets  elapsed 0:03:54  ETA 0:59:38
2026-10-05 17:34:50    6.20%  6,200,000 / 100,000,000 packets  elapsed 0:03:56  ETA 0:59:35
2026-10-05 17:34:52    6.25%  6,250,000 / 100,000,000 packets  elapsed 0:03:58  ETA 0:59:32
2026-10-05 17:34:54    6.30%  6,300,000 / 100,000,000 packets  elapsed 0:04:00  ETA 0:59:29
2026-10-05 17:34:56    6.35%  6,350,000 / 100,000,000 packets  elapsed 0:04:02  ETA 0:59:26
2026-10-05 17:34:57    6.40%  6,400,000 / 100,000,000 packets  elapsed 0:04:04  ETA 0:59:23
2026-10-05 17:34:59    6.45%  6,450,000 / 100,000,000 packets  elapsed 0:04:05  ETA 0:59:20
2026-10-05 17:35:01    6.50%  6,500,000 / 100,000,000 packets  elapsed 0:04:07  ETA 0:59:17
2026-10-05 17:35:03    6.55%  6,550,000 / 100,000,000 packets  elapsed 0:04:09  ETA 0:59:14
2026-10-05 17:35:05    6.60%  6,600,000 / 100,000,000 packets  elapsed 0:04:11  ETA 0:59:12
2026-10-05 17:35:07    6.65%  6,650,000 / 100,000,000 packets  elapsed 0:04:13  ETA 0:59:09
2026-10-05 17:35:08    6.70%  6,700,000 / 100,000,000 packets  elapsed 0:04:15  ETA 0:59:06
2026-10-05 17:35:10    6.75%  6,750,000 / 100,000,000 packets  elapsed 0:04:16  ETA 0:59:03
2026-10-05 17:35:12    6.80%  6,800,000 / 100,000,000 packets  elapsed 0:04:18  ETA 0:59:00
2026-10-05 17:35:14    6.85%  6,850,000 / 100,000,000 packets  elapsed 0:04:20  ETA 0:58:57
2026-10-05 17:35:16    6.90%  6,900,000 / 100,000,000 packets  elapsed 0:04:22  ETA 0:58:54
2026-10-05 17:35:18    6.95%  6,950,000 / 100,000,000 packets  elapsed 0:04:24  ETA 0:58:51
2026-10-05 17:35:19    7.00%  7,000,000 / 100,000,000 packets  elapsed 0:04:26  ETA 0:58:49
2026-10-05 17:35:21    7.05%  7,050,000 / 100,000,000 packets  elapsed 0:04:27  ETA 0:58:46
2026-10-05 17:35:23    7.10%  7,100,000 / 100,000,000 packets  elapsed 0:04:29  ETA 0:58:43
2026-10-05 17:35:25    7.15%  7,150,000 / 100,000,000 packets  elapsed 0:04:31  ETA 0:58:40
2026-10-05 17:35:27    7.20%  7,200,000 / 100,000,000 packets  elapsed 0:04:33  ETA 0:58:38
2026-10-05 17:35:29    7.25%  7,250,000 / 100,000,000 packets  elapsed 0:04:35  ETA 0:58:35
2026-10-05 17:35:30    7.30%  7,300,000 / 100,000,000 packets  elapsed 0:04:37  ETA 0:58:32
2026-10-05 17:35:32    7.35%  7,350,000 / 100,000,000 packets  elapsed 0:04:38  ETA 0:58:29
2026-10-05 17:35:34    7.40%  7,400,000 / 100,000,000 packets  elapsed 0:04:40  ETA 0:58:27
2026-10-05 17:35:36    7.45%  7,450,000 / 100,000,000 packets  elapsed 0:04:42  ETA 0:58:24
2026-10-05 17:35:38    7.50%  7,500,000 / 100,000,000 packets  elapsed 0:04:44  ETA 0:58:21
2026-10-05 17:35:39    7.55%  7,550,000 / 100,000,000 packets  elapsed 0:04:46  ETA 0:58:19
2026-10-05 17:35:41    7.60%  7,600,000 / 100,000,000 packets  elapsed 0:04:48  ETA 0:58:16
2026-10-05 17:35:43    7.65%  7,650,000 / 100,000,000 packets  elapsed 0:04:49  ETA 0:58:13
2026-10-05 17:35:45    7.70%  7,700,000 / 100,000,000 packets  elapsed 0:04:51  ETA 0:58:11
2026-10-05 17:35:47    7.75%  7,750,000 / 100,000,000 packets  elapsed 0:04:53  ETA 0:58:08
2026-10-05 17:35:49    7.80%  7,800,000 / 100,000,000 packets  elapsed 0:04:55  ETA 0:58:05
2026-10-05 17:35:50    7.85%  7,850,000 / 100,000,000 packets  elapsed 0:04:57  ETA 0:58:03
2026-10-05 17:35:52    7.90%  7,900,000 / 100,000,000 packets  elapsed 0:04:59  ETA 0:58:00
2026-10-05 17:35:54    7.95%  7,950,000 / 100,000,000 packets  elapsed 0:05:00  ETA 0:57:58
2026-10-05 17:35:56    8.00%  8,000,000 / 100,000,000 packets  elapsed 0:05:02  ETA 0:57:55
2026-10-05 17:35:58    8.05%  8,050,000 / 100,000,000 packets  elapsed 0:05:04  ETA 0:57:53
2026-10-05 17:36:00    8.10%  8,100,000 / 100,000,000 packets  elapsed 0:05:06  ETA 0:57:50
2026-10-05 17:36:01    8.15%  8,150,000 / 100,000,000 packets  elapsed 0:05:08  ETA 0:57:47
2026-10-05 17:36:03    8.20%  8,200,000 / 100,000,000 packets  elapsed 0:05:10  ETA 0:57:45
2026-10-05 17:36:05    8.25%  8,250,000 / 100,000,000 packets  elapsed 0:05:11  ETA 0:57:42
2026-10-05 17:36:07    8.30%  8,300,000 / 100,000,000 packets  elapsed 0:05:13  ETA 0:57:40
2026-10-05 17:36:09    8.35%  8,350,000 / 100,000,000 packets  elapsed 0:05:15  ETA 0:57:37
2026-10-05 17:36:11    8.40%  8,400,000 / 100,000,000 packets  elapsed 0:05:17  ETA 0:57:35
2026-10-05 17:36:12    8.45%  8,450,000 / 100,000,000 packets  elapsed 0:05:19  ETA 0:57:32
2026-10-05 17:36:14    8.50%  8,500,000 / 100,000,000 packets  elapsed 0:05:20  ETA 0:57:30
2026-10-05 17:36:16    8.55%  8,550,000 / 100,000,000 packets  elapsed 0:05:22  ETA 0:57:27
2026-10-05 17:36:18    8.60%  8,600,000 / 100,000,000 packets  elapsed 0:05:24  ETA 0:57:25
2026-10-05 17:36:20    8.65%  8,650,000 / 100,000,000 packets  elapsed 0:05:26  ETA 0:57:22
2026-10-05 17:36:22    8.70%  8,700,000 / 100,000,000 packets  elapsed 0:05:28  ETA 0:57:20
2026-10-05 17:36:23    8.75%  8,750,000 / 100,000,000 packets  elapsed 0:05:30  ETA 0:57:17
2026-10-05 17:36:25    8.80%  8,800,000 / 100,000,000 packets  elapsed 0:05:31  ETA 0:57:15
2026-10-05 17:36:27    8.85%  8,850,000 / 100,000,000 packets  elapsed 0:05:33  ETA 0:57:13
2026-10-05 17:36:29    8.90%  8,900,000 / 100,000,000 packets  elapsed 0:05:35  ETA 0:57:10
2026-10-05 17:36:31    8.95%  8,950,000 / 100,000,000 packets  elapsed 0:05:37  ETA 0:57:08
2026-10-05 17:36:33    9.00%  9,000,000 / 100,000,000 packets  elapsed 0:05:39  ETA 0:57:05
2026-10-05 17:36:34    9.05%  9,050,000 / 100,000,000 packets  elapsed 0:05:41  ETA 0:57:03
2026-10-05 17:36:36    9.10%  9,100,000 / 100,000,000 packets  elapsed 0:05:42  ETA 0:57:01
2026-10-05 17:36:38    9.15%  9,150,000 / 100,000,000 packets  elapsed 0:05:44  ETA 0:56:58
2026-10-05 17:36:40    9.20%  9,200,000 / 100,000,000 packets  elapsed 0:05:46  ETA 0:56:56
2026-10-05 17:36:42    9.25%  9,250,000 / 100,000,000 packets  elapsed 0:05:48  ETA 0:56:53
2026-10-05 17:36:44    9.30%  9,300,000 / 100,000,000 packets  elapsed 0:05:50  ETA 0:56:51
2026-10-05 17:36:45    9.35%  9,350,000 / 100,000,000 packets  elapsed 0:05:52  ETA 0:56:49
2026-10-05 17:36:47    9.40%  9,400,000 / 100,000,000 packets  elapsed 0:05:53  ETA 0:56:46
2026-10-05 17:36:49    9.45%  9,450,000 / 100,000,000 packets  elapsed 0:05:55  ETA 0:56:44
2026-10-05 17:36:51    9.50%  9,500,000 / 100,000,000 packets  elapsed 0:05:57  ETA 0:56:41
2026-10-05 17:36:53    9.55%  9,550,000 / 100,000,000 packets  elapsed 0:05:59  ETA 0:56:39
2026-10-05 17:36:55    9.60%  9,600,000 / 100,000,000 packets  elapsed 0:06:01  ETA 0:56:38
2026-10-05 17:36:56    9.65%  9,650,000 / 100,000,000 packets  elapsed 0:06:03  ETA 0:56:35
2026-10-05 17:36:58    9.70%  9,700,000 / 100,000,000 packets  elapsed 0:06:04  ETA 0:56:33
2026-10-05 17:37:00    9.75%  9,750,000 / 100,000,000 packets  elapsed 0:06:06  ETA 0:56:31
2026-10-05 17:37:02    9.80%  9,800,000 / 100,000,000 packets  elapsed 0:06:08  ETA 0:56:28
2026-10-05 17:37:04    9.85%  9,850,000 / 100,000,000 packets  elapsed 0:06:10  ETA 0:56:26
2026-10-05 17:37:06    9.90%  9,900,000 / 100,000,000 packets  elapsed 0:06:12  ETA 0:56:24
2026-10-05 17:37:07    9.95%  9,950,000 / 100,000,000 packets  elapsed 0:06:14  ETA 0:56:21
2026-10-05 17:37:09   10.00%  10,000,000 / 100,000,000 packets  elapsed 0:06:15  ETA 0:56:19
2026-10-05 17:37:11   10.05%  10,050,000 / 100,000,000 packets  elapsed 0:06:17  ETA 0:56:17
2026-10-05 17:37:13   10.10%  10,100,000 / 100,000,000 packets  elapsed 0:06:19  ETA 0:56:15
2026-10-05 17:37:15   10.15%  10,150,000 / 100,000,000 packets  elapsed 0:06:21  ETA 0:56:12
2026-10-05 17:37:17   10.20%  10,200,000 / 100,000,000 packets  elapsed 0:06:23  ETA 0:56:10
2026-10-05 17:37:18   10.25%  10,250,000 / 100,000,000 packets  elapsed 0:06:25  ETA 0:56:08
2026-10-05 17:37:20   10.30%  10,300,000 / 100,000,000 packets  elapsed 0:06:26  ETA 0:56:05
2026-10-05 17:37:22   10.35%  10,350,000 / 100,000,000 packets  elapsed 0:06:28  ETA 0:56:03
2026-10-05 17:37:24   10.40%  10,400,000 / 100,000,000 packets  elapsed 0:06:30  ETA 0:56:01
2026-10-05 17:37:26   10.45%  10,450,000 / 100,000,000 packets  elapsed 0:06:32  ETA 0:55:59
2026-10-05 17:37:28   10.50%  10,500,000 / 100,000,000 packets  elapsed 0:06:34  ETA 0:55:56
2026-10-05 17:37:29   10.55%  10,550,000 / 100,000,000 packets  elapsed 0:06:36  ETA 0:55:54
2026-10-05 17:37:31   10.60%  10,600,000 / 100,000,000 packets  elapsed 0:06:37  ETA 0:55:52
2026-10-05 17:37:33   10.65%  10,650,000 / 100,000,000 packets  elapsed 0:06:39  ETA 0:55:49
2026-10-05 17:37:35   10.70%  10,700,000 / 100,000,000 packets  elapsed 0:06:41  ETA 0:55:47
2026-10-05 17:37:37   10.75%  10,750,000 / 100,000,000 packets  elapsed 0:06:43  ETA 0:55:45
2026-10-05 17:37:39   10.80%  10,800,000 / 100,000,000 packets  elapsed 0:06:45  ETA 0:55:43
2026-10-05 17:37:40   10.85%  10,850,000 / 100,000,000 packets  elapsed 0:06:47  ETA 0:55:41
2026-10-05 17:37:42   10.90%  10,900,000 / 100,000,000 packets  elapsed 0:06:48  ETA 0:55:38
2026-10-05 17:37:44   10.95%  10,950,000 / 100,000,000 packets  elapsed 0:06:50  ETA 0:55:36
2026-10-05 17:37:46   11.00%  11,000,000 / 100,000,000 packets  elapsed 0:06:52  ETA 0:55:34
2026-10-05 17:37:48   11.05%  11,050,000 / 100,000,000 packets  elapsed 0:06:54  ETA 0:55:32
2026-10-05 17:37:49   11.10%  11,100,000 / 100,000,000 packets  elapsed 0:06:56  ETA 0:55:29
2026-10-05 17:37:51   11.15%  11,150,000 / 100,000,000 packets  elapsed 0:06:58  ETA 0:55:27
2026-10-05 17:37:53   11.20%  11,200,000 / 100,000,000 packets  elapsed 0:06:59  ETA 0:55:25
2026-10-05 17:37:55   11.25%  11,250,000 / 100,000,000 packets  elapsed 0:07:01  ETA 0:55:23
2026-10-05 17:37:57   11.30%  11,300,000 / 100,000,000 packets  elapsed 0:07:03  ETA 0:55:21
2026-10-05 17:37:59   11.35%  11,350,000 / 100,000,000 packets  elapsed 0:07:05  ETA 0:55:18
2026-10-05 17:38:00   11.40%  11,400,000 / 100,000,000 packets  elapsed 0:07:07  ETA 0:55:16
2026-10-05 17:38:02   11.45%  11,450,000 / 100,000,000 packets  elapsed 0:07:09  ETA 0:55:14
2026-10-05 17:38:04   11.50%  11,500,000 / 100,000,000 packets  elapsed 0:07:10  ETA 0:55:12
2026-10-05 17:38:06   11.55%  11,550,000 / 100,000,000 packets  elapsed 0:07:12  ETA 0:55:10
2026-10-05 17:38:08   11.60%  11,600,000 / 100,000,000 packets  elapsed 0:07:14  ETA 0:55:07
2026-10-05 17:38:10   11.65%  11,650,000 / 100,000,000 packets  elapsed 0:07:16  ETA 0:55:05
2026-10-05 17:38:11   11.70%  11,700,000 / 100,000,000 packets  elapsed 0:07:18  ETA 0:55:03
2026-10-05 17:38:13   11.75%  11,750,000 / 100,000,000 packets  elapsed 0:07:19  ETA 0:55:01
2026-10-05 17:38:15   11.80%  11,800,000 / 100,000,000 packets  elapsed 0:07:21  ETA 0:54:59
2026-10-05 17:38:17   11.85%  11,850,000 / 100,000,000 packets  elapsed 0:07:23  ETA 0:54:56
2026-10-05 17:38:19   11.90%  11,900,000 / 100,000,000 packets  elapsed 0:07:25  ETA 0:54:54
2026-10-05 17:38:21   11.95%  11,950,000 / 100,000,000 packets  elapsed 0:07:27  ETA 0:54:52
2026-10-05 17:38:22   12.00%  12,000,000 / 100,000,000 packets  elapsed 0:07:29  ETA 0:54:50
2026-10-05 17:38:24   12.05%  12,050,000 / 100,000,000 packets  elapsed 0:07:30  ETA 0:54:48
2026-10-05 17:38:26   12.10%  12,100,000 / 100,000,000 packets  elapsed 0:07:32  ETA 0:54:46
2026-10-05 17:38:28   12.15%  12,150,000 / 100,000,000 packets  elapsed 0:07:34  ETA 0:54:43
2026-10-05 17:38:30   12.20%  12,200,000 / 100,000,000 packets  elapsed 0:07:36  ETA 0:54:41
2026-10-05 17:38:32   12.25%  12,250,000 / 100,000,000 packets  elapsed 0:07:38  ETA 0:54:39
2026-10-05 17:38:33   12.30%  12,300,000 / 100,000,000 packets  elapsed 0:07:40  ETA 0:54:37
2026-10-05 17:38:35   12.35%  12,350,000 / 100,000,000 packets  elapsed 0:07:41  ETA 0:54:35
2026-10-05 17:38:37   12.40%  12,400,000 / 100,000,000 packets  elapsed 0:07:43  ETA 0:54:33
2026-10-05 17:38:39   12.45%  12,450,000 / 100,000,000 packets  elapsed 0:07:45  ETA 0:54:31
2026-10-05 17:38:41   12.50%  12,500,000 / 100,000,000 packets  elapsed 0:07:47  ETA 0:54:28
2026-10-05 17:38:43   12.55%  12,550,000 / 100,000,000 packets  elapsed 0:07:49  ETA 0:54:26
2026-10-05 17:38:44   12.60%  12,600,000 / 100,000,000 packets  elapsed 0:07:51  ETA 0:54:24
2026-10-05 17:38:46   12.65%  12,650,000 / 100,000,000 packets  elapsed 0:07:52  ETA 0:54:22
2026-10-05 17:38:48   12.70%  12,700,000 / 100,000,000 packets  elapsed 0:07:54  ETA 0:54:20
2026-10-05 17:38:50   12.75%  12,750,000 / 100,000,000 packets  elapsed 0:07:56  ETA 0:54:18
2026-10-05 17:38:52   12.80%  12,800,000 / 100,000,000 packets  elapsed 0:07:58  ETA 0:54:16
2026-10-05 17:38:53   12.85%  12,850,000 / 100,000,000 packets  elapsed 0:08:00  ETA 0:54:14
2026-10-05 17:38:55   12.90%  12,900,000 / 100,000,000 packets  elapsed 0:08:02  ETA 0:54:11
2026-10-05 17:38:57   12.95%  12,950,000 / 100,000,000 packets  elapsed 0:08:03  ETA 0:54:09
2026-10-05 17:38:59   13.00%  13,000,000 / 100,000,000 packets  elapsed 0:08:05  ETA 0:54:07
2026-10-05 17:39:01   13.05%  13,050,000 / 100,000,000 packets  elapsed 0:08:07  ETA 0:54:05
2026-10-05 17:39:03   13.10%  13,100,000 / 100,000,000 packets  elapsed 0:08:09  ETA 0:54:03
2026-10-05 17:39:04   13.15%  13,150,000 / 100,000,000 packets  elapsed 0:08:11  ETA 0:54:01
2026-10-05 17:39:06   13.20%  13,200,000 / 100,000,000 packets  elapsed 0:08:13  ETA 0:53:59
2026-10-05 17:39:08   13.25%  13,250,000 / 100,000,000 packets  elapsed 0:08:14  ETA 0:53:57
2026-10-05 17:39:10   13.30%  13,300,000 / 100,000,000 packets  elapsed 0:08:16  ETA 0:53:55
2026-10-05 17:39:12   13.35%  13,350,000 / 100,000,000 packets  elapsed 0:08:18  ETA 0:53:52
2026-10-05 17:39:14   13.40%  13,400,000 / 100,000,000 packets  elapsed 0:08:20  ETA 0:53:50
2026-10-05 17:39:15   13.45%  13,450,000 / 100,000,000 packets  elapsed 0:08:22  ETA 0:53:48
2026-10-05 17:39:17   13.50%  13,500,000 / 100,000,000 packets  elapsed 0:08:24  ETA 0:53:46
2026-10-05 17:39:19   13.55%  13,550,000 / 100,000,000 packets  elapsed 0:08:25  ETA 0:53:44
2026-10-05 17:39:21   13.60%  13,600,000 / 100,000,000 packets  elapsed 0:08:27  ETA 0:53:42
2026-10-05 17:39:23   13.65%  13,650,000 / 100,000,000 packets  elapsed 0:08:29  ETA 0:53:40
2026-10-05 17:39:25   13.70%  13,700,000 / 100,000,000 packets  elapsed 0:08:31  ETA 0:53:38
2026-10-05 17:39:26   13.75%  13,750,000 / 100,000,000 packets  elapsed 0:08:33  ETA 0:53:36
2026-10-05 17:39:28   13.80%  13,800,000 / 100,000,000 packets  elapsed 0:08:34  ETA 0:53:34
2026-10-05 17:39:30   13.85%  13,850,000 / 100,000,000 packets  elapsed 0:08:36  ETA 0:53:32
2026-10-05 17:39:32   13.90%  13,900,000 / 100,000,000 packets  elapsed 0:08:38  ETA 0:53:29
2026-10-05 17:39:34   13.95%  13,950,000 / 100,000,000 packets  elapsed 0:08:40  ETA 0:53:27
2026-10-05 17:39:36   14.00%  14,000,000 / 100,000,000 packets  elapsed 0:08:42  ETA 0:53:25
2026-10-05 17:39:37   14.05%  14,050,000 / 100,000,000 packets  elapsed 0:08:44  ETA 0:53:23
2026-10-05 17:39:39   14.10%  14,100,000 / 100,000,000 packets  elapsed 0:08:45  ETA 0:53:21
2026-10-05 17:39:41   14.15%  14,150,000 / 100,000,000 packets  elapsed 0:08:47  ETA 0:53:19
2026-10-05 17:39:43   14.20%  14,200,000 / 100,000,000 packets  elapsed 0:08:49  ETA 0:53:17
2026-10-05 17:39:45   14.25%  14,250,000 / 100,000,000 packets  elapsed 0:08:51  ETA 0:53:15
2026-10-05 17:39:47   14.30%  14,300,000 / 100,000,000 packets  elapsed 0:08:53  ETA 0:53:13
2026-10-05 17:39:48   14.35%  14,350,000 / 100,000,000 packets  elapsed 0:08:55  ETA 0:53:11
2026-10-05 17:39:50   14.40%  14,400,000 / 100,000,000 packets  elapsed 0:08:56  ETA 0:53:09
2026-10-05 17:39:52   14.45%  14,450,000 / 100,000,000 packets  elapsed 0:08:58  ETA 0:53:07
2026-10-05 17:39:54   14.50%  14,500,000 / 100,000,000 packets  elapsed 0:09:00  ETA 0:53:05
2026-10-05 17:39:56   14.55%  14,550,000 / 100,000,000 packets  elapsed 0:09:02  ETA 0:53:03
2026-10-05 17:39:58   14.60%  14,600,000 / 100,000,000 packets  elapsed 0:09:04  ETA 0:53:00
2026-10-05 17:39:59   14.65%  14,650,000 / 100,000,000 packets  elapsed 0:09:06  ETA 0:52:58
2026-10-05 17:40:01   14.70%  14,700,000 / 100,000,000 packets  elapsed 0:09:07  ETA 0:52:56
2026-10-05 17:40:03   14.75%  14,750,000 / 100,000,000 packets  elapsed 0:09:09  ETA 0:52:54
2026-10-05 17:40:05   14.80%  14,800,000 / 100,000,000 packets  elapsed 0:09:11  ETA 0:52:52
2026-10-05 17:40:07   14.85%  14,850,000 / 100,000,000 packets  elapsed 0:09:13  ETA 0:52:50
2026-10-05 17:40:08   14.90%  14,900,000 / 100,000,000 packets  elapsed 0:09:15  ETA 0:52:48
2026-10-05 17:40:10   14.95%  14,950,000 / 100,000,000 packets  elapsed 0:09:17  ETA 0:52:46
2026-10-05 17:40:12   15.00%  15,000,000 / 100,000,000 packets  elapsed 0:09:18  ETA 0:52:44
2026-10-05 17:40:14   15.05%  15,050,000 / 100,000,000 packets  elapsed 0:09:20  ETA 0:52:42
2026-10-05 17:40:16   15.10%  15,100,000 / 100,000,000 packets  elapsed 0:09:22  ETA 0:52:40
2026-10-05 17:40:18   15.15%  15,150,000 / 100,000,000 packets  elapsed 0:09:24  ETA 0:52:38
2026-10-05 17:40:19   15.20%  15,200,000 / 100,000,000 packets  elapsed 0:09:26  ETA 0:52:36
2026-10-05 17:40:21   15.25%  15,250,000 / 100,000,000 packets  elapsed 0:09:28  ETA 0:52:34
2026-10-05 17:40:23   15.30%  15,300,000 / 100,000,000 packets  elapsed 0:09:29  ETA 0:52:32
2026-10-05 17:40:25   15.35%  15,350,000 / 100,000,000 packets  elapsed 0:09:31  ETA 0:52:30
2026-10-05 17:40:27   15.40%  15,400,000 / 100,000,000 packets  elapsed 0:09:33  ETA 0:52:28
2026-10-05 17:40:29   15.45%  15,450,000 / 100,000,000 packets  elapsed 0:09:35  ETA 0:52:26
2026-10-05 17:40:30   15.50%  15,500,000 / 100,000,000 packets  elapsed 0:09:37  ETA 0:52:24
2026-10-05 17:40:32   15.55%  15,550,000 / 100,000,000 packets  elapsed 0:09:38  ETA 0:52:22
2026-10-05 17:40:34   15.60%  15,600,000 / 100,000,000 packets  elapsed 0:09:40  ETA 0:52:20
2026-10-05 17:40:36   15.65%  15,650,000 / 100,000,000 packets  elapsed 0:09:42  ETA 0:52:18
2026-10-05 17:40:38   15.70%  15,700,000 / 100,000,000 packets  elapsed 0:09:44  ETA 0:52:16
2026-10-05 17:40:40   15.75%  15,750,000 / 100,000,000 packets  elapsed 0:09:46  ETA 0:52:14
2026-10-05 17:40:41   15.80%  15,800,000 / 100,000,000 packets  elapsed 0:09:48  ETA 0:52:12
2026-10-05 17:40:43   15.85%  15,850,000 / 100,000,000 packets  elapsed 0:09:49  ETA 0:52:10
2026-10-05 17:40:45   15.90%  15,900,000 / 100,000,000 packets  elapsed 0:09:51  ETA 0:52:08
2026-10-05 17:40:47   15.95%  15,950,000 / 100,000,000 packets  elapsed 0:09:53  ETA 0:52:05
2026-10-05 17:40:49   16.00%  16,000,000 / 100,000,000 packets  elapsed 0:09:55  ETA 0:52:03
2026-10-05 17:40:51   16.05%  16,050,000 / 100,000,000 packets  elapsed 0:09:57  ETA 0:52:01
2026-10-05 17:40:52   16.10%  16,100,000 / 100,000,000 packets  elapsed 0:09:59  ETA 0:51:59
2026-10-05 17:40:54   16.15%  16,150,000 / 100,000,000 packets  elapsed 0:10:00  ETA 0:51:57
2026-10-05 17:40:56   16.20%  16,200,000 / 100,000,000 packets  elapsed 0:10:02  ETA 0:51:55
2026-10-05 17:40:58   16.25%  16,250,000 / 100,000,000 packets  elapsed 0:10:04  ETA 0:51:53
2026-10-05 17:41:00   16.30%  16,300,000 / 100,000,000 packets  elapsed 0:10:06  ETA 0:51:51
2026-10-05 17:41:02   16.35%  16,350,000 / 100,000,000 packets  elapsed 0:10:08  ETA 0:51:49
2026-10-05 17:41:03   16.40%  16,400,000 / 100,000,000 packets  elapsed 0:10:10  ETA 0:51:47
2026-10-05 17:41:05   16.45%  16,450,000 / 100,000,000 packets  elapsed 0:10:11  ETA 0:51:45
2026-10-05 17:41:07   16.50%  16,500,000 / 100,000,000 packets  elapsed 0:10:13  ETA 0:51:43
2026-10-05 17:41:09   16.55%  16,550,000 / 100,000,000 packets  elapsed 0:10:15  ETA 0:51:41
2026-10-05 17:41:11   16.60%  16,600,000 / 100,000,000 packets  elapsed 0:10:17  ETA 0:51:39
2026-10-05 17:41:12   16.65%  16,650,000 / 100,000,000 packets  elapsed 0:10:19  ETA 0:51:37
2026-10-05 17:41:14   16.70%  16,700,000 / 100,000,000 packets  elapsed 0:10:21  ETA 0:51:35
2026-10-05 17:41:16   16.75%  16,750,000 / 100,000,000 packets  elapsed 0:10:22  ETA 0:51:33
2026-10-05 17:41:18   16.80%  16,800,000 / 100,000,000 packets  elapsed 0:10:24  ETA 0:51:31
2026-10-05 17:41:20   16.85%  16,850,000 / 100,000,000 packets  elapsed 0:10:26  ETA 0:51:29
2026-10-05 17:41:22   16.90%  16,900,000 / 100,000,000 packets  elapsed 0:10:28  ETA 0:51:27
2026-10-05 17:41:23   16.95%  16,950,000 / 100,000,000 packets  elapsed 0:10:30  ETA 0:51:25
2026-10-05 17:41:25   17.00%  17,000,000 / 100,000,000 packets  elapsed 0:10:32  ETA 0:51:23
2026-10-05 17:41:27   17.05%  17,050,000 / 100,000,000 packets  elapsed 0:10:33  ETA 0:51:21
2026-10-05 17:41:29   17.10%  17,100,000 / 100,000,000 packets  elapsed 0:10:35  ETA 0:51:19
2026-10-05 17:41:31   17.15%  17,150,000 / 100,000,000 packets  elapsed 0:10:37  ETA 0:51:17
2026-10-05 17:41:33   17.20%  17,200,000 / 100,000,000 packets  elapsed 0:10:39  ETA 0:51:15
2026-10-05 17:41:34   17.25%  17,250,000 / 100,000,000 packets  elapsed 0:10:41  ETA 0:51:13
2026-10-05 17:41:36   17.30%  17,300,000 / 100,000,000 packets  elapsed 0:10:42  ETA 0:51:11
2026-10-05 17:41:38   17.35%  17,350,000 / 100,000,000 packets  elapsed 0:10:44  ETA 0:51:09
2026-10-05 17:41:40   17.40%  17,400,000 / 100,000,000 packets  elapsed 0:10:46  ETA 0:51:07
2026-10-05 17:41:42   17.45%  17,450,000 / 100,000,000 packets  elapsed 0:10:48  ETA 0:51:05
2026-10-05 17:41:44   17.50%  17,500,000 / 100,000,000 packets  elapsed 0:10:50  ETA 0:51:03
2026-10-05 17:41:45   17.55%  17,550,000 / 100,000,000 packets  elapsed 0:10:52  ETA 0:51:01
2026-10-05 17:41:47   17.60%  17,600,000 / 100,000,000 packets  elapsed 0:10:53  ETA 0:50:59
2026-10-05 17:41:49   17.65%  17,650,000 / 100,000,000 packets  elapsed 0:10:55  ETA 0:50:57
2026-10-05 17:41:51   17.70%  17,700,000 / 100,000,000 packets  elapsed 0:10:57  ETA 0:50:55
2026-10-05 17:41:53   17.75%  17,750,000 / 100,000,000 packets  elapsed 0:10:59  ETA 0:50:53
2026-10-05 17:41:55   17.80%  17,800,000 / 100,000,000 packets  elapsed 0:11:01  ETA 0:50:52
2026-10-05 17:41:56   17.85%  17,850,000 / 100,000,000 packets  elapsed 0:11:03  ETA 0:50:50
2026-10-05 17:41:58   17.90%  17,900,000 / 100,000,000 packets  elapsed 0:11:04  ETA 0:50:48
2026-10-05 17:42:00   17.95%  17,950,000 / 100,000,000 packets  elapsed 0:11:06  ETA 0:50:46
2026-10-05 17:42:02   18.00%  18,000,000 / 100,000,000 packets  elapsed 0:11:08  ETA 0:50:44
2026-10-05 17:42:04   18.05%  18,050,000 / 100,000,000 packets  elapsed 0:11:10  ETA 0:50:42
2026-10-05 17:42:06   18.10%  18,100,000 / 100,000,000 packets  elapsed 0:11:12  ETA 0:50:40
2026-10-05 17:42:07   18.15%  18,150,000 / 100,000,000 packets  elapsed 0:11:14  ETA 0:50:38
2026-10-05 17:42:09   18.20%  18,200,000 / 100,000,000 packets  elapsed 0:11:16  ETA 0:50:36
2026-10-05 17:42:11   18.25%  18,250,000 / 100,000,000 packets  elapsed 0:11:17  ETA 0:50:34
2026-10-05 17:42:13   18.30%  18,300,000 / 100,000,000 packets  elapsed 0:11:19  ETA 0:50:32
2026-10-05 17:42:15   18.35%  18,350,000 / 100,000,000 packets  elapsed 0:11:21  ETA 0:50:30
2026-10-05 17:42:17   18.40%  18,400,000 / 100,000,000 packets  elapsed 0:11:23  ETA 0:50:28
2026-10-05 17:42:18   18.45%  18,450,000 / 100,000,000 packets  elapsed 0:11:25  ETA 0:50:26
2026-10-05 17:42:20   18.50%  18,500,000 / 100,000,000 packets  elapsed 0:11:27  ETA 0:50:24
2026-10-05 17:42:22   18.55%  18,550,000 / 100,000,000 packets  elapsed 0:11:28  ETA 0:50:22
2026-10-05 17:42:24   18.60%  18,600,000 / 100,000,000 packets  elapsed 0:11:30  ETA 0:50:20
2026-10-05 17:42:26   18.65%  18,650,000 / 100,000,000 packets  elapsed 0:11:32  ETA 0:50:19
2026-10-05 17:42:28   18.70%  18,700,000 / 100,000,000 packets  elapsed 0:11:34  ETA 0:50:17
2026-10-05 17:42:29   18.75%  18,750,000 / 100,000,000 packets  elapsed 0:11:36  ETA 0:50:15
2026-10-05 17:42:31   18.80%  18,800,000 / 100,000,000 packets  elapsed 0:11:38  ETA 0:50:13
2026-10-05 17:42:33   18.85%  18,850,000 / 100,000,000 packets  elapsed 0:11:39  ETA 0:50:11
2026-10-05 17:42:35   18.90%  18,900,000 / 100,000,000 packets  elapsed 0:11:41  ETA 0:50:09
2026-10-05 17:42:37   18.95%  18,950,000 / 100,000,000 packets  elapsed 0:11:43  ETA 0:50:07
2026-10-05 17:42:39   19.00%  19,000,000 / 100,000,000 packets  elapsed 0:11:45  ETA 0:50:05
2026-10-05 17:42:40   19.05%  19,050,000 / 100,000,000 packets  elapsed 0:11:47  ETA 0:50:03
2026-10-05 17:42:42   19.10%  19,100,000 / 100,000,000 packets  elapsed 0:11:48  ETA 0:50:01
2026-10-05 17:42:44   19.15%  19,150,000 / 100,000,000 packets  elapsed 0:11:50  ETA 0:49:59
2026-10-05 17:42:46   19.20%  19,200,000 / 100,000,000 packets  elapsed 0:11:52  ETA 0:49:57
2026-10-05 17:42:48   19.25%  19,250,000 / 100,000,000 packets  elapsed 0:11:54  ETA 0:49:55
2026-10-05 17:42:50   19.30%  19,300,000 / 100,000,000 packets  elapsed 0:11:56  ETA 0:49:53
2026-10-05 17:42:51   19.35%  19,350,000 / 100,000,000 packets  elapsed 0:11:58  ETA 0:49:51
2026-10-05 17:42:53   19.40%  19,400,000 / 100,000,000 packets  elapsed 0:11:59  ETA 0:49:49
2026-10-05 17:42:55   19.45%  19,450,000 / 100,000,000 packets  elapsed 0:12:01  ETA 0:49:47
2026-10-05 17:42:57   19.50%  19,500,000 / 100,000,000 packets  elapsed 0:12:03  ETA 0:49:45
2026-10-05 17:42:59   19.55%  19,550,000 / 100,000,000 packets  elapsed 0:12:05  ETA 0:49:43
2026-10-05 17:43:01   19.60%  19,600,000 / 100,000,000 packets  elapsed 0:12:07  ETA 0:49:41
2026-10-05 17:43:02   19.65%  19,650,000 / 100,000,000 packets  elapsed 0:12:09  ETA 0:49:39
2026-10-05 17:43:04   19.70%  19,700,000 / 100,000,000 packets  elapsed 0:12:10  ETA 0:49:37
2026-10-05 17:43:06   19.75%  19,750,000 / 100,000,000 packets  elapsed 0:12:12  ETA 0:49:35
2026-10-05 17:43:08   19.80%  19,800,000 / 100,000,000 packets  elapsed 0:12:14  ETA 0:49:33
2026-10-05 17:43:10   19.85%  19,850,000 / 100,000,000 packets  elapsed 0:12:16  ETA 0:49:31
2026-10-05 17:43:12   19.90%  19,900,000 / 100,000,000 packets  elapsed 0:12:18  ETA 0:49:29
2026-10-05 17:43:13   19.95%  19,950,000 / 100,000,000 packets  elapsed 0:12:20  ETA 0:49:28
2026-10-05 17:43:15   20.00%  20,000,000 / 100,000,000 packets  elapsed 0:12:21  ETA 0:49:26
2026-10-05 17:43:17   20.05%  20,050,000 / 100,000,000 packets  elapsed 0:12:23  ETA 0:49:24
2026-10-05 17:43:19   20.10%  20,100,000 / 100,000,000 packets  elapsed 0:12:25  ETA 0:49:22
2026-10-05 17:43:21   20.15%  20,150,000 / 100,000,000 packets  elapsed 0:12:27  ETA 0:49:20
2026-10-05 17:43:22   20.20%  20,200,000 / 100,000,000 packets  elapsed 0:12:29  ETA 0:49:18
2026-10-05 17:43:24   20.25%  20,250,000 / 100,000,000 packets  elapsed 0:12:31  ETA 0:49:16
2026-10-05 17:43:26   20.30%  20,300,000 / 100,000,000 packets  elapsed 0:12:32  ETA 0:49:14
2026-10-05 17:43:28   20.35%  20,350,000 / 100,000,000 packets  elapsed 0:12:34  ETA 0:49:12
2026-10-05 17:43:30   20.40%  20,400,000 / 100,000,000 packets  elapsed 0:12:36  ETA 0:49:10
2026-10-05 17:43:32   20.45%  20,450,000 / 100,000,000 packets  elapsed 0:12:38  ETA 0:49:08
2026-10-05 17:43:33   20.50%  20,500,000 / 100,000,000 packets  elapsed 0:12:40  ETA 0:49:06
2026-10-05 17:43:35   20.55%  20,550,000 / 100,000,000 packets  elapsed 0:12:42  ETA 0:49:04
2026-10-05 17:43:37   20.60%  20,600,000 / 100,000,000 packets  elapsed 0:12:43  ETA 0:49:02
2026-10-05 17:43:39   20.65%  20,650,000 / 100,000,000 packets  elapsed 0:12:45  ETA 0:49:00
2026-10-05 17:43:41   20.70%  20,700,000 / 100,000,000 packets  elapsed 0:12:47  ETA 0:48:58
2026-10-05 17:43:43   20.75%  20,750,000 / 100,000,000 packets  elapsed 0:12:49  ETA 0:48:56
2026-10-05 17:43:44   20.80%  20,800,000 / 100,000,000 packets  elapsed 0:12:51  ETA 0:48:54
2026-10-05 17:43:46   20.85%  20,850,000 / 100,000,000 packets  elapsed 0:12:52  ETA 0:48:52
2026-10-05 17:43:48   20.90%  20,900,000 / 100,000,000 packets  elapsed 0:12:54  ETA 0:48:51
2026-10-05 17:43:50   20.95%  20,950,000 / 100,000,000 packets  elapsed 0:12:56  ETA 0:48:49
2026-10-05 17:43:52   21.00%  21,000,000 / 100,000,000 packets  elapsed 0:12:58  ETA 0:48:47
2026-10-05 17:43:54   21.05%  21,050,000 / 100,000,000 packets  elapsed 0:13:00  ETA 0:48:45
2026-10-05 17:43:55   21.10%  21,100,000 / 100,000,000 packets  elapsed 0:13:02  ETA 0:48:43
2026-10-05 17:43:57   21.15%  21,150,000 / 100,000,000 packets  elapsed 0:13:03  ETA 0:48:41
2026-10-05 17:43:59   21.20%  21,200,000 / 100,000,000 packets  elapsed 0:13:05  ETA 0:48:39
2026-10-05 17:44:01   21.25%  21,250,000 / 100,000,000 packets  elapsed 0:13:07  ETA 0:48:37
2026-10-05 17:44:03   21.30%  21,300,000 / 100,000,000 packets  elapsed 0:13:09  ETA 0:48:35
2026-10-05 17:44:05   21.35%  21,350,000 / 100,000,000 packets  elapsed 0:13:11  ETA 0:48:33
2026-10-05 17:44:06   21.40%  21,400,000 / 100,000,000 packets  elapsed 0:13:13  ETA 0:48:31
2026-10-05 17:44:08   21.45%  21,450,000 / 100,000,000 packets  elapsed 0:13:14  ETA 0:48:29
2026-10-05 17:44:10   21.50%  21,500,000 / 100,000,000 packets  elapsed 0:13:16  ETA 0:48:27
2026-10-05 17:44:12   21.55%  21,550,000 / 100,000,000 packets  elapsed 0:13:18  ETA 0:48:25
2026-10-05 17:44:14   21.60%  21,600,000 / 100,000,000 packets  elapsed 0:13:20  ETA 0:48:23
2026-10-05 17:44:16   21.65%  21,650,000 / 100,000,000 packets  elapsed 0:13:22  ETA 0:48:21
2026-10-05 17:44:17   21.70%  21,700,000 / 100,000,000 packets  elapsed 0:13:24  ETA 0:48:20
2026-10-05 17:44:19   21.75%  21,750,000 / 100,000,000 packets  elapsed 0:13:25  ETA 0:48:18
2026-10-05 17:44:21   21.80%  21,800,000 / 100,000,000 packets  elapsed 0:13:27  ETA 0:48:16
2026-10-05 17:44:23   21.85%  21,850,000 / 100,000,000 packets  elapsed 0:13:29  ETA 0:48:14
2026-10-05 17:44:25   21.90%  21,900,000 / 100,000,000 packets  elapsed 0:13:31  ETA 0:48:12
2026-10-05 17:44:26   21.95%  21,950,000 / 100,000,000 packets  elapsed 0:13:33  ETA 0:48:10
2026-10-05 17:44:28   22.00%  22,000,000 / 100,000,000 packets  elapsed 0:13:35  ETA 0:48:08
2026-10-05 17:44:30   22.05%  22,050,000 / 100,000,000 packets  elapsed 0:13:36  ETA 0:48:06
2026-10-05 17:44:32   22.10%  22,100,000 / 100,000,000 packets  elapsed 0:13:38  ETA 0:48:04
2026-10-05 17:44:34   22.15%  22,150,000 / 100,000,000 packets  elapsed 0:13:40  ETA 0:48:02
2026-10-05 17:44:36   22.20%  22,200,000 / 100,000,000 packets  elapsed 0:13:42  ETA 0:48:00
2026-10-05 17:44:37   22.25%  22,250,000 / 100,000,000 packets  elapsed 0:13:44  ETA 0:47:58
2026-10-05 17:44:39   22.30%  22,300,000 / 100,000,000 packets  elapsed 0:13:46  ETA 0:47:56
2026-10-05 17:44:41   22.35%  22,350,000 / 100,000,000 packets  elapsed 0:13:47  ETA 0:47:54
2026-10-05 17:44:43   22.40%  22,400,000 / 100,000,000 packets  elapsed 0:13:49  ETA 0:47:53
2026-10-05 17:44:45   22.45%  22,450,000 / 100,000,000 packets  elapsed 0:13:51  ETA 0:47:51
2026-10-05 17:44:47   22.50%  22,500,000 / 100,000,000 packets  elapsed 0:13:53  ETA 0:47:49
2026-10-05 17:44:48   22.55%  22,550,000 / 100,000,000 packets  elapsed 0:13:55  ETA 0:47:47
2026-10-05 17:44:50   22.60%  22,600,000 / 100,000,000 packets  elapsed 0:13:56  ETA 0:47:45
2026-10-05 17:44:52   22.65%  22,650,000 / 100,000,000 packets  elapsed 0:13:58  ETA 0:47:43
2026-10-05 17:44:54   22.70%  22,700,000 / 100,000,000 packets  elapsed 0:14:00  ETA 0:47:41
2026-10-05 17:44:56   22.75%  22,750,000 / 100,000,000 packets  elapsed 0:14:02  ETA 0:47:39
2026-10-05 17:44:58   22.80%  22,800,000 / 100,000,000 packets  elapsed 0:14:04  ETA 0:47:37
2026-10-05 17:44:59   22.85%  22,850,000 / 100,000,000 packets  elapsed 0:14:06  ETA 0:47:35
2026-10-05 17:45:01   22.90%  22,900,000 / 100,000,000 packets  elapsed 0:14:07  ETA 0:47:33
2026-10-05 17:45:03   22.95%  22,950,000 / 100,000,000 packets  elapsed 0:14:09  ETA 0:47:31
2026-10-05 17:45:05   23.00%  23,000,000 / 100,000,000 packets  elapsed 0:14:11  ETA 0:47:29
2026-10-05 17:45:07   23.05%  23,050,000 / 100,000,000 packets  elapsed 0:14:13  ETA 0:47:28
2026-10-05 17:45:09   23.10%  23,100,000 / 100,000,000 packets  elapsed 0:14:15  ETA 0:47:26
2026-10-05 17:45:10   23.15%  23,150,000 / 100,000,000 packets  elapsed 0:14:17  ETA 0:47:24
2026-10-05 17:45:12   23.20%  23,200,000 / 100,000,000 packets  elapsed 0:14:18  ETA 0:47:22
2026-10-05 17:45:14   23.25%  23,250,000 / 100,000,000 packets  elapsed 0:14:20  ETA 0:47:20
2026-10-05 17:45:16   23.30%  23,300,000 / 100,000,000 packets  elapsed 0:14:22  ETA 0:47:18
2026-10-05 17:45:18   23.35%  23,350,000 / 100,000,000 packets  elapsed 0:14:24  ETA 0:47:16
2026-10-05 17:45:20   23.40%  23,400,000 / 100,000,000 packets  elapsed 0:14:26  ETA 0:47:14
2026-10-05 17:45:21   23.45%  23,450,000 / 100,000,000 packets  elapsed 0:14:28  ETA 0:47:12
2026-10-05 17:45:23   23.50%  23,500,000 / 100,000,000 packets  elapsed 0:14:29  ETA 0:47:10
2026-10-05 17:45:25   23.55%  23,550,000 / 100,000,000 packets  elapsed 0:14:31  ETA 0:47:08
2026-10-05 17:45:27   23.60%  23,600,000 / 100,000,000 packets  elapsed 0:14:33  ETA 0:47:06
2026-10-05 17:45:29   23.65%  23,650,000 / 100,000,000 packets  elapsed 0:14:35  ETA 0:47:04
2026-10-05 17:45:31   23.70%  23,700,000 / 100,000,000 packets  elapsed 0:14:37  ETA 0:47:03
2026-10-05 17:45:32   23.75%  23,750,000 / 100,000,000 packets  elapsed 0:14:39  ETA 0:47:01
2026-10-05 17:45:34   23.80%  23,800,000 / 100,000,000 packets  elapsed 0:14:40  ETA 0:46:59
2026-10-05 17:45:36   23.85%  23,850,000 / 100,000,000 packets  elapsed 0:14:42  ETA 0:46:57
2026-10-05 17:45:38   23.90%  23,900,000 / 100,000,000 packets  elapsed 0:14:44  ETA 0:46:55
2026-10-05 17:45:40   23.95%  23,950,000 / 100,000,000 packets  elapsed 0:14:46  ETA 0:46:53
2026-10-05 17:45:41   24.00%  24,000,000 / 100,000,000 packets  elapsed 0:14:48  ETA 0:46:51
2026-10-05 17:45:43   24.05%  24,050,000 / 100,000,000 packets  elapsed 0:14:50  ETA 0:46:49
2026-10-05 17:45:45   24.10%  24,100,000 / 100,000,000 packets  elapsed 0:14:51  ETA 0:46:47
2026-10-05 17:45:47   24.15%  24,150,000 / 100,000,000 packets  elapsed 0:14:53  ETA 0:46:45
2026-10-05 17:45:49   24.20%  24,200,000 / 100,000,000 packets  elapsed 0:14:55  ETA 0:46:43
2026-10-05 17:45:51   24.25%  24,250,000 / 100,000,000 packets  elapsed 0:14:57  ETA 0:46:41
2026-10-05 17:45:52   24.30%  24,300,000 / 100,000,000 packets  elapsed 0:14:59  ETA 0:46:40
2026-10-05 17:45:54   24.35%  24,350,000 / 100,000,000 packets  elapsed 0:15:01  ETA 0:46:38
2026-10-05 17:45:56   24.40%  24,400,000 / 100,000,000 packets  elapsed 0:15:02  ETA 0:46:36
2026-10-05 17:45:58   24.45%  24,450,000 / 100,000,000 packets  elapsed 0:15:04  ETA 0:46:34
2026-10-05 17:46:00   24.50%  24,500,000 / 100,000,000 packets  elapsed 0:15:06  ETA 0:46:32
2026-10-05 17:46:02   24.55%  24,550,000 / 100,000,000 packets  elapsed 0:15:08  ETA 0:46:30
2026-10-05 17:46:03   24.60%  24,600,000 / 100,000,000 packets  elapsed 0:15:10  ETA 0:46:28
2026-10-05 17:46:05   24.65%  24,650,000 / 100,000,000 packets  elapsed 0:15:11  ETA 0:46:26
2026-10-05 17:46:07   24.70%  24,700,000 / 100,000,000 packets  elapsed 0:15:13  ETA 0:46:24
2026-10-05 17:46:09   24.75%  24,750,000 / 100,000,000 packets  elapsed 0:15:15  ETA 0:46:22
2026-10-05 17:46:11   24.80%  24,800,000 / 100,000,000 packets  elapsed 0:15:17  ETA 0:46:20
2026-10-05 17:46:13   24.85%  24,850,000 / 100,000,000 packets  elapsed 0:15:19  ETA 0:46:19
2026-10-05 17:46:14   24.90%  24,900,000 / 100,000,000 packets  elapsed 0:15:21  ETA 0:46:17
2026-10-05 17:46:16   24.95%  24,950,000 / 100,000,000 packets  elapsed 0:15:22  ETA 0:46:15
2026-10-05 17:46:18   25.00%  25,000,000 / 100,000,000 packets  elapsed 0:15:24  ETA 0:46:13
2026-10-05 17:46:20   25.05%  25,050,000 / 100,000,000 packets  elapsed 0:15:26  ETA 0:46:11
2026-10-05 17:46:22   25.10%  25,100,000 / 100,000,000 packets  elapsed 0:15:28  ETA 0:46:09
2026-10-05 17:46:24   25.15%  25,150,000 / 100,000,000 packets  elapsed 0:15:30  ETA 0:46:07
2026-10-05 17:46:25   25.20%  25,200,000 / 100,000,000 packets  elapsed 0:15:32  ETA 0:46:05
2026-10-05 17:46:27   25.25%  25,250,000 / 100,000,000 packets  elapsed 0:15:33  ETA 0:46:03
2026-10-05 17:46:29   25.30%  25,300,000 / 100,000,000 packets  elapsed 0:15:35  ETA 0:46:01
2026-10-05 17:46:31   25.35%  25,350,000 / 100,000,000 packets  elapsed 0:15:37  ETA 0:46:00
2026-10-05 17:46:33   25.40%  25,400,000 / 100,000,000 packets  elapsed 0:15:39  ETA 0:45:58
2026-10-05 17:46:35   25.45%  25,450,000 / 100,000,000 packets  elapsed 0:15:41  ETA 0:45:56
2026-10-05 17:46:36   25.50%  25,500,000 / 100,000,000 packets  elapsed 0:15:43  ETA 0:45:54
2026-10-05 17:46:38   25.55%  25,550,000 / 100,000,000 packets  elapsed 0:15:44  ETA 0:45:52
2026-10-05 17:46:40   25.60%  25,600,000 / 100,000,000 packets  elapsed 0:15:46  ETA 0:45:50
2026-10-05 17:46:42   25.65%  25,650,000 / 100,000,000 packets  elapsed 0:15:48  ETA 0:45:48
2026-10-05 17:46:44   25.70%  25,700,000 / 100,000,000 packets  elapsed 0:15:50  ETA 0:45:46
2026-10-05 17:46:45   25.75%  25,750,000 / 100,000,000 packets  elapsed 0:15:52  ETA 0:45:44
2026-10-05 17:46:47   25.80%  25,800,000 / 100,000,000 packets  elapsed 0:15:54  ETA 0:45:42
2026-10-05 17:46:49   25.85%  25,850,000 / 100,000,000 packets  elapsed 0:15:55  ETA 0:45:40
2026-10-05 17:46:51   25.90%  25,900,000 / 100,000,000 packets  elapsed 0:15:57  ETA 0:45:39
2026-10-05 17:46:53   25.95%  25,950,000 / 100,000,000 packets  elapsed 0:15:59  ETA 0:45:37
2026-10-05 17:46:55   26.00%  26,000,000 / 100,000,000 packets  elapsed 0:16:01  ETA 0:45:35
2026-10-05 17:46:56   26.05%  26,050,000 / 100,000,000 packets  elapsed 0:16:03  ETA 0:45:33
2026-10-05 17:46:58   26.10%  26,100,000 / 100,000,000 packets  elapsed 0:16:05  ETA 0:45:31
2026-10-05 17:47:00   26.15%  26,150,000 / 100,000,000 packets  elapsed 0:16:06  ETA 0:45:29
2026-10-05 17:47:02   26.20%  26,200,000 / 100,000,000 packets  elapsed 0:16:08  ETA 0:45:27
2026-10-05 17:47:04   26.25%  26,250,000 / 100,000,000 packets  elapsed 0:16:10  ETA 0:45:25
2026-10-05 17:47:06   26.30%  26,300,000 / 100,000,000 packets  elapsed 0:16:12  ETA 0:45:23
2026-10-05 17:47:07   26.35%  26,350,000 / 100,000,000 packets  elapsed 0:16:14  ETA 0:45:21
2026-10-05 17:47:09   26.40%  26,400,000 / 100,000,000 packets  elapsed 0:16:16  ETA 0:45:20
2026-10-05 17:47:11   26.45%  26,450,000 / 100,000,000 packets  elapsed 0:16:17  ETA 0:45:18
2026-10-05 17:47:13   26.50%  26,500,000 / 100,000,000 packets  elapsed 0:16:19  ETA 0:45:16
2026-10-05 17:47:15   26.55%  26,550,000 / 100,000,000 packets  elapsed 0:16:21  ETA 0:45:14
2026-10-05 17:47:17   26.60%  26,600,000 / 100,000,000 packets  elapsed 0:16:23  ETA 0:45:12
2026-10-05 17:47:18   26.65%  26,650,000 / 100,000,000 packets  elapsed 0:16:25  ETA 0:45:10
2026-10-05 17:47:20   26.70%  26,700,000 / 100,000,000 packets  elapsed 0:16:26  ETA 0:45:08
2026-10-05 17:47:22   26.75%  26,750,000 / 100,000,000 packets  elapsed 0:16:28  ETA 0:45:06
2026-10-05 17:47:24   26.80%  26,800,000 / 100,000,000 packets  elapsed 0:16:30  ETA 0:45:04
2026-10-05 17:47:26   26.85%  26,850,000 / 100,000,000 packets  elapsed 0:16:32  ETA 0:45:02
2026-10-05 17:47:28   26.90%  26,900,000 / 100,000,000 packets  elapsed 0:16:34  ETA 0:45:01
2026-10-05 17:47:29   26.95%  26,950,000 / 100,000,000 packets  elapsed 0:16:36  ETA 0:44:59
2026-10-05 17:47:31   27.00%  27,000,000 / 100,000,000 packets  elapsed 0:16:37  ETA 0:44:57
2026-10-05 17:47:33   27.05%  27,050,000 / 100,000,000 packets  elapsed 0:16:39  ETA 0:44:55
2026-10-05 17:47:35   27.10%  27,100,000 / 100,000,000 packets  elapsed 0:16:41  ETA 0:44:53
2026-10-05 17:47:37   27.15%  27,150,000 / 100,000,000 packets  elapsed 0:16:43  ETA 0:44:51
2026-10-05 17:47:39   27.20%  27,200,000 / 100,000,000 packets  elapsed 0:16:45  ETA 0:44:49
2026-10-05 17:47:40   27.25%  27,250,000 / 100,000,000 packets  elapsed 0:16:47  ETA 0:44:47
2026-10-05 17:47:42   27.30%  27,300,000 / 100,000,000 packets  elapsed 0:16:48  ETA 0:44:45
2026-10-05 17:47:44   27.35%  27,350,000 / 100,000,000 packets  elapsed 0:16:50  ETA 0:44:44
2026-10-05 17:47:46   27.40%  27,400,000 / 100,000,000 packets  elapsed 0:16:52  ETA 0:44:42
2026-10-05 17:47:48   27.45%  27,450,000 / 100,000,000 packets  elapsed 0:16:54  ETA 0:44:40
2026-10-05 17:47:50   27.50%  27,500,000 / 100,000,000 packets  elapsed 0:16:56  ETA 0:44:38
2026-10-05 17:47:51   27.55%  27,550,000 / 100,000,000 packets  elapsed 0:16:58  ETA 0:44:36
2026-10-05 17:47:53   27.60%  27,600,000 / 100,000,000 packets  elapsed 0:16:59  ETA 0:44:34
2026-10-05 17:47:55   27.65%  27,650,000 / 100,000,000 packets  elapsed 0:17:01  ETA 0:44:32
2026-10-05 17:47:57   27.70%  27,700,000 / 100,000,000 packets  elapsed 0:17:03  ETA 0:44:30
2026-10-05 17:47:59   27.75%  27,750,000 / 100,000,000 packets  elapsed 0:17:05  ETA 0:44:28
2026-10-05 17:48:00   27.80%  27,800,000 / 100,000,000 packets  elapsed 0:17:07  ETA 0:44:26
2026-10-05 17:48:02   27.85%  27,850,000 / 100,000,000 packets  elapsed 0:17:09  ETA 0:44:25
2026-10-05 17:48:04   27.90%  27,900,000 / 100,000,000 packets  elapsed 0:17:10  ETA 0:44:23
2026-10-05 17:48:06   27.95%  27,950,000 / 100,000,000 packets  elapsed 0:17:12  ETA 0:44:21
2026-10-05 17:48:08   28.00%  28,000,000 / 100,000,000 packets  elapsed 0:17:14  ETA 0:44:19
2026-10-05 17:48:10   28.05%  28,050,000 / 100,000,000 packets  elapsed 0:17:16  ETA 0:44:17
2026-10-05 17:48:11   28.10%  28,100,000 / 100,000,000 packets  elapsed 0:17:18  ETA 0:44:15
2026-10-05 17:48:13   28.15%  28,150,000 / 100,000,000 packets  elapsed 0:17:20  ETA 0:44:13
2026-10-05 17:48:15   28.20%  28,200,000 / 100,000,000 packets  elapsed 0:17:21  ETA 0:44:11
2026-10-05 17:48:17   28.25%  28,250,000 / 100,000,000 packets  elapsed 0:17:23  ETA 0:44:09
2026-10-05 17:48:19   28.30%  28,300,000 / 100,000,000 packets  elapsed 0:17:25  ETA 0:44:08
2026-10-05 17:48:21   28.35%  28,350,000 / 100,000,000 packets  elapsed 0:17:27  ETA 0:44:06
2026-10-05 17:48:22   28.40%  28,400,000 / 100,000,000 packets  elapsed 0:17:29  ETA 0:44:04
2026-10-05 17:48:24   28.45%  28,450,000 / 100,000,000 packets  elapsed 0:17:30  ETA 0:44:02
2026-10-05 17:48:26   28.50%  28,500,000 / 100,000,000 packets  elapsed 0:17:32  ETA 0:44:00
2026-10-05 17:48:28   28.55%  28,550,000 / 100,000,000 packets  elapsed 0:17:34  ETA 0:43:58
2026-10-05 17:48:30   28.60%  28,600,000 / 100,000,000 packets  elapsed 0:17:36  ETA 0:43:56
2026-10-05 17:48:32   28.65%  28,650,000 / 100,000,000 packets  elapsed 0:17:38  ETA 0:43:54
2026-10-05 17:48:33   28.70%  28,700,000 / 100,000,000 packets  elapsed 0:17:40  ETA 0:43:52
2026-10-05 17:48:35   28.75%  28,750,000 / 100,000,000 packets  elapsed 0:17:41  ETA 0:43:51
2026-10-05 17:48:37   28.80%  28,800,000 / 100,000,000 packets  elapsed 0:17:43  ETA 0:43:49
2026-10-05 17:48:39   28.85%  28,850,000 / 100,000,000 packets  elapsed 0:17:45  ETA 0:43:47
2026-10-05 17:48:41   28.90%  28,900,000 / 100,000,000 packets  elapsed 0:17:47  ETA 0:43:45
2026-10-05 17:48:43   28.95%  28,950,000 / 100,000,000 packets  elapsed 0:17:49  ETA 0:43:43
2026-10-05 17:48:44   29.00%  29,000,000 / 100,000,000 packets  elapsed 0:17:51  ETA 0:43:41
2026-10-05 17:48:46   29.05%  29,050,000 / 100,000,000 packets  elapsed 0:17:52  ETA 0:43:39
2026-10-05 17:48:48   29.10%  29,100,000 / 100,000,000 packets  elapsed 0:17:54  ETA 0:43:37
2026-10-05 17:48:50   29.15%  29,150,000 / 100,000,000 packets  elapsed 0:17:56  ETA 0:43:35
2026-10-05 17:48:52   29.20%  29,200,000 / 100,000,000 packets  elapsed 0:17:58  ETA 0:43:34
2026-10-05 17:48:54   29.25%  29,250,000 / 100,000,000 packets  elapsed 0:18:00  ETA 0:43:32
2026-10-05 17:48:55   29.30%  29,300,000 / 100,000,000 packets  elapsed 0:18:02  ETA 0:43:30
2026-10-05 17:48:57   29.35%  29,350,000 / 100,000,000 packets  elapsed 0:18:03  ETA 0:43:28
2026-10-05 17:48:59   29.40%  29,400,000 / 100,000,000 packets  elapsed 0:18:05  ETA 0:43:26
2026-10-05 17:49:01   29.45%  29,450,000 / 100,000,000 packets  elapsed 0:18:07  ETA 0:43:24
2026-10-05 17:49:03   29.50%  29,500,000 / 100,000,000 packets  elapsed 0:18:09  ETA 0:43:22
2026-10-05 17:49:04   29.55%  29,550,000 / 100,000,000 packets  elapsed 0:18:11  ETA 0:43:20
2026-10-05 17:49:06   29.60%  29,600,000 / 100,000,000 packets  elapsed 0:18:13  ETA 0:43:18
2026-10-05 17:49:08   29.65%  29,650,000 / 100,000,000 packets  elapsed 0:18:14  ETA 0:43:17
2026-10-05 17:49:10   29.70%  29,700,000 / 100,000,000 packets  elapsed 0:18:16  ETA 0:43:15
2026-10-05 17:49:12   29.75%  29,750,000 / 100,000,000 packets  elapsed 0:18:18  ETA 0:43:13
2026-10-05 17:49:14   29.80%  29,800,000 / 100,000,000 packets  elapsed 0:18:20  ETA 0:43:11
2026-10-05 17:49:15   29.85%  29,850,000 / 100,000,000 packets  elapsed 0:18:22  ETA 0:43:09
2026-10-05 17:49:17   29.90%  29,900,000 / 100,000,000 packets  elapsed 0:18:24  ETA 0:43:07
2026-10-05 17:49:19   29.95%  29,950,000 / 100,000,000 packets  elapsed 0:18:25  ETA 0:43:05
2026-10-05 17:49:21   30.00%  30,000,000 / 100,000,000 packets  elapsed 0:18:27  ETA 0:43:03
2026-10-05 17:49:23   30.05%  30,050,000 / 100,000,000 packets  elapsed 0:18:29  ETA 0:43:02
2026-10-05 17:49:25   30.10%  30,100,000 / 100,000,000 packets  elapsed 0:18:31  ETA 0:43:00
2026-10-05 17:49:26   30.15%  30,150,000 / 100,000,000 packets  elapsed 0:18:33  ETA 0:42:58
2026-10-05 17:49:28   30.20%  30,200,000 / 100,000,000 packets  elapsed 0:18:34  ETA 0:42:56
2026-10-05 17:49:30   30.25%  30,250,000 / 100,000,000 packets  elapsed 0:18:36  ETA 0:42:54
2026-10-05 17:49:32   30.30%  30,300,000 / 100,000,000 packets  elapsed 0:18:38  ETA 0:42:52
2026-10-05 17:49:34   30.35%  30,350,000 / 100,000,000 packets  elapsed 0:18:40  ETA 0:42:50
2026-10-05 17:49:36   30.40%  30,400,000 / 100,000,000 packets  elapsed 0:18:42  ETA 0:42:48
2026-10-05 17:49:37   30.45%  30,450,000 / 100,000,000 packets  elapsed 0:18:44  ETA 0:42:46
2026-10-05 17:49:39   30.50%  30,500,000 / 100,000,000 packets  elapsed 0:18:45  ETA 0:42:45
2026-10-05 17:49:41   30.55%  30,550,000 / 100,000,000 packets  elapsed 0:18:47  ETA 0:42:43
2026-10-05 17:49:43   30.60%  30,600,000 / 100,000,000 packets  elapsed 0:18:49  ETA 0:42:41
2026-10-05 17:49:45   30.65%  30,650,000 / 100,000,000 packets  elapsed 0:18:51  ETA 0:42:39
2026-10-05 17:49:47   30.70%  30,700,000 / 100,000,000 packets  elapsed 0:18:53  ETA 0:42:37
2026-10-05 17:49:48   30.75%  30,750,000 / 100,000,000 packets  elapsed 0:18:55  ETA 0:42:35
2026-10-05 17:49:50   30.80%  30,800,000 / 100,000,000 packets  elapsed 0:18:56  ETA 0:42:33
2026-10-05 17:49:52   30.85%  30,850,000 / 100,000,000 packets  elapsed 0:18:58  ETA 0:42:31
2026-10-05 17:49:54   30.90%  30,900,000 / 100,000,000 packets  elapsed 0:19:00  ETA 0:42:30
2026-10-05 17:49:56   30.95%  30,950,000 / 100,000,000 packets  elapsed 0:19:02  ETA 0:42:28
2026-10-05 17:49:58   31.00%  31,000,000 / 100,000,000 packets  elapsed 0:19:04  ETA 0:42:26
2026-10-05 17:49:59   31.05%  31,050,000 / 100,000,000 packets  elapsed 0:19:06  ETA 0:42:24
2026-10-05 17:50:01   31.10%  31,100,000 / 100,000,000 packets  elapsed 0:19:07  ETA 0:42:22
2026-10-05 17:50:03   31.15%  31,150,000 / 100,000,000 packets  elapsed 0:19:09  ETA 0:42:20
2026-10-05 17:50:05   31.20%  31,200,000 / 100,000,000 packets  elapsed 0:19:11  ETA 0:42:18
2026-10-05 17:50:07   31.25%  31,250,000 / 100,000,000 packets  elapsed 0:19:13  ETA 0:42:16
2026-10-05 17:50:08   31.30%  31,300,000 / 100,000,000 packets  elapsed 0:19:15  ETA 0:42:14
2026-10-05 17:50:10   31.35%  31,350,000 / 100,000,000 packets  elapsed 0:19:17  ETA 0:42:13
2026-10-05 17:50:12   31.40%  31,400,000 / 100,000,000 packets  elapsed 0:19:18  ETA 0:42:11
2026-10-05 17:50:14   31.45%  31,450,000 / 100,000,000 packets  elapsed 0:19:20  ETA 0:42:09
2026-10-05 17:50:16   31.50%  31,500,000 / 100,000,000 packets  elapsed 0:19:22  ETA 0:42:07
2026-10-05 17:50:18   31.55%  31,550,000 / 100,000,000 packets  elapsed 0:19:24  ETA 0:42:05
2026-10-05 17:50:19   31.60%  31,600,000 / 100,000,000 packets  elapsed 0:19:26  ETA 0:42:03
2026-10-05 17:50:21   31.65%  31,650,000 / 100,000,000 packets  elapsed 0:19:28  ETA 0:42:01
2026-10-05 17:50:23   31.70%  31,700,000 / 100,000,000 packets  elapsed 0:19:29  ETA 0:41:59
2026-10-05 17:50:25   31.75%  31,750,000 / 100,000,000 packets  elapsed 0:19:31  ETA 0:41:58
2026-10-05 17:50:27   31.80%  31,800,000 / 100,000,000 packets  elapsed 0:19:33  ETA 0:41:56
2026-10-05 17:50:29   31.85%  31,850,000 / 100,000,000 packets  elapsed 0:19:35  ETA 0:41:54
2026-10-05 17:50:30   31.90%  31,900,000 / 100,000,000 packets  elapsed 0:19:37  ETA 0:41:52
2026-10-05 17:50:32   31.95%  31,950,000 / 100,000,000 packets  elapsed 0:19:38  ETA 0:41:50
2026-10-05 17:50:34   32.00%  32,000,000 / 100,000,000 packets  elapsed 0:19:40  ETA 0:41:48
2026-10-05 17:50:36   32.05%  32,050,000 / 100,000,000 packets  elapsed 0:19:42  ETA 0:41:46
2026-10-05 17:50:38   32.10%  32,100,000 / 100,000,000 packets  elapsed 0:19:44  ETA 0:41:44
2026-10-05 17:50:40   32.15%  32,150,000 / 100,000,000 packets  elapsed 0:19:46  ETA 0:41:43
2026-10-05 17:50:41   32.20%  32,200,000 / 100,000,000 packets  elapsed 0:19:48  ETA 0:41:41
2026-10-05 17:50:43   32.25%  32,250,000 / 100,000,000 packets  elapsed 0:19:49  ETA 0:41:39
2026-10-05 17:50:45   32.30%  32,300,000 / 100,000,000 packets  elapsed 0:19:51  ETA 0:41:37
2026-10-05 17:50:47   32.35%  32,350,000 / 100,000,000 packets  elapsed 0:19:53  ETA 0:41:35
2026-10-05 17:50:49   32.40%  32,400,000 / 100,000,000 packets  elapsed 0:19:55  ETA 0:41:33
2026-10-05 17:50:51   32.45%  32,450,000 / 100,000,000 packets  elapsed 0:19:57  ETA 0:41:31
2026-10-05 17:50:52   32.50%  32,500,000 / 100,000,000 packets  elapsed 0:19:59  ETA 0:41:30
2026-10-05 17:50:54   32.55%  32,550,000 / 100,000,000 packets  elapsed 0:20:01  ETA 0:41:28
2026-10-05 17:50:56   32.60%  32,600,000 / 100,000,000 packets  elapsed 0:20:02  ETA 0:41:26
2026-10-05 17:50:58   32.65%  32,650,000 / 100,000,000 packets  elapsed 0:20:04  ETA 0:41:24
2026-10-05 17:51:00   32.70%  32,700,000 / 100,000,000 packets  elapsed 0:20:06  ETA 0:41:22
2026-10-05 17:51:02   32.75%  32,750,000 / 100,000,000 packets  elapsed 0:20:08  ETA 0:41:20
2026-10-05 17:51:03   32.80%  32,800,000 / 100,000,000 packets  elapsed 0:20:10  ETA 0:41:18
2026-10-05 17:51:05   32.85%  32,850,000 / 100,000,000 packets  elapsed 0:20:11  ETA 0:41:16
2026-10-05 17:51:07   32.90%  32,900,000 / 100,000,000 packets  elapsed 0:20:13  ETA 0:41:15
2026-10-05 17:51:09   32.95%  32,950,000 / 100,000,000 packets  elapsed 0:20:15  ETA 0:41:13
2026-10-05 17:51:11   33.00%  33,000,000 / 100,000,000 packets  elapsed 0:20:17  ETA 0:41:11
2026-10-05 17:51:13   33.05%  33,050,000 / 100,000,000 packets  elapsed 0:20:19  ETA 0:41:09
2026-10-05 17:51:14   33.10%  33,100,000 / 100,000,000 packets  elapsed 0:20:21  ETA 0:41:07
2026-10-05 17:51:16   33.15%  33,150,000 / 100,000,000 packets  elapsed 0:20:22  ETA 0:41:05
2026-10-05 17:51:18   33.20%  33,200,000 / 100,000,000 packets  elapsed 0:20:24  ETA 0:41:03
2026-10-05 17:51:20   33.25%  33,250,000 / 100,000,000 packets  elapsed 0:20:26  ETA 0:41:01
2026-10-05 17:51:22   33.30%  33,300,000 / 100,000,000 packets  elapsed 0:20:28  ETA 0:41:00
2026-10-05 17:51:24   33.35%  33,350,000 / 100,000,000 packets  elapsed 0:20:30  ETA 0:40:58
2026-10-05 17:51:25   33.40%  33,400,000 / 100,000,000 packets  elapsed 0:20:32  ETA 0:40:56
2026-10-05 17:51:27   33.45%  33,450,000 / 100,000,000 packets  elapsed 0:20:33  ETA 0:40:54
2026-10-05 17:51:29   33.50%  33,500,000 / 100,000,000 packets  elapsed 0:20:35  ETA 0:40:52
2026-10-05 17:51:31   33.55%  33,550,000 / 100,000,000 packets  elapsed 0:20:37  ETA 0:40:50
2026-10-05 17:51:33   33.60%  33,600,000 / 100,000,000 packets  elapsed 0:20:39  ETA 0:40:48
2026-10-05 17:51:35   33.65%  33,650,000 / 100,000,000 packets  elapsed 0:20:41  ETA 0:40:46
2026-10-05 17:51:36   33.70%  33,700,000 / 100,000,000 packets  elapsed 0:20:43  ETA 0:40:45
2026-10-05 17:51:38   33.75%  33,750,000 / 100,000,000 packets  elapsed 0:20:44  ETA 0:40:43
2026-10-05 17:51:40   33.80%  33,800,000 / 100,000,000 packets  elapsed 0:20:46  ETA 0:40:41
2026-10-05 17:51:42   33.85%  33,850,000 / 100,000,000 packets  elapsed 0:20:48  ETA 0:40:39
2026-10-05 17:51:44   33.90%  33,900,000 / 100,000,000 packets  elapsed 0:20:50  ETA 0:40:37
2026-10-05 17:51:46   33.95%  33,950,000 / 100,000,000 packets  elapsed 0:20:52  ETA 0:40:35
2026-10-05 17:51:47   34.00%  34,000,000 / 100,000,000 packets  elapsed 0:20:54  ETA 0:40:33
2026-10-05 17:51:49   34.05%  34,050,000 / 100,000,000 packets  elapsed 0:20:55  ETA 0:40:32
2026-10-05 17:51:51   34.10%  34,100,000 / 100,000,000 packets  elapsed 0:20:57  ETA 0:40:30
2026-10-05 17:51:53   34.15%  34,150,000 / 100,000,000 packets  elapsed 0:20:59  ETA 0:40:28
2026-10-05 17:51:55   34.20%  34,200,000 / 100,000,000 packets  elapsed 0:21:01  ETA 0:40:26
2026-10-05 17:51:56   34.25%  34,250,000 / 100,000,000 packets  elapsed 0:21:03  ETA 0:40:24
2026-10-05 17:51:58   34.30%  34,300,000 / 100,000,000 packets  elapsed 0:21:05  ETA 0:40:22
2026-10-05 17:52:00   34.35%  34,350,000 / 100,000,000 packets  elapsed 0:21:06  ETA 0:40:20
2026-10-05 17:52:02   34.40%  34,400,000 / 100,000,000 packets  elapsed 0:21:08  ETA 0:40:19
2026-10-05 17:52:04   34.45%  34,450,000 / 100,000,000 packets  elapsed 0:21:10  ETA 0:40:17
2026-10-05 17:52:06   34.50%  34,500,000 / 100,000,000 packets  elapsed 0:21:12  ETA 0:40:15
2026-10-05 17:52:08   34.55%  34,550,000 / 100,000,000 packets  elapsed 0:21:14  ETA 0:40:13
2026-10-05 17:52:09   34.60%  34,600,000 / 100,000,000 packets  elapsed 0:21:16  ETA 0:40:11
2026-10-05 17:52:11   34.65%  34,650,000 / 100,000,000 packets  elapsed 0:21:17  ETA 0:40:09
2026-10-05 17:52:13   34.70%  34,700,000 / 100,000,000 packets  elapsed 0:21:19  ETA 0:40:07
2026-10-05 17:52:15   34.75%  34,750,000 / 100,000,000 packets  elapsed 0:21:21  ETA 0:40:05
2026-10-05 17:52:17   34.80%  34,800,000 / 100,000,000 packets  elapsed 0:21:23  ETA 0:40:04
2026-10-05 17:52:19   34.85%  34,850,000 / 100,000,000 packets  elapsed 0:21:25  ETA 0:40:02
2026-10-05 17:52:20   34.90%  34,900,000 / 100,000,000 packets  elapsed 0:21:27  ETA 0:40:00
2026-10-05 17:52:22   34.95%  34,950,000 / 100,000,000 packets  elapsed 0:21:28  ETA 0:39:58
2026-10-05 17:52:24   35.00%  35,000,000 / 100,000,000 packets  elapsed 0:21:30  ETA 0:39:56
2026-10-05 17:52:26   35.05%  35,050,000 / 100,000,000 packets  elapsed 0:21:32  ETA 0:39:54
2026-10-05 17:52:28   35.10%  35,100,000 / 100,000,000 packets  elapsed 0:21:34  ETA 0:39:52
2026-10-05 17:52:29   35.15%  35,150,000 / 100,000,000 packets  elapsed 0:21:36  ETA 0:39:51
2026-10-05 17:52:31   35.20%  35,200,000 / 100,000,000 packets  elapsed 0:21:38  ETA 0:39:49
2026-10-05 17:52:33   35.25%  35,250,000 / 100,000,000 packets  elapsed 0:21:39  ETA 0:39:47
2026-10-05 17:52:35   35.30%  35,300,000 / 100,000,000 packets  elapsed 0:21:41  ETA 0:39:45
2026-10-05 17:52:37   35.35%  35,350,000 / 100,000,000 packets  elapsed 0:21:43  ETA 0:39:43
2026-10-05 17:52:39   35.40%  35,400,000 / 100,000,000 packets  elapsed 0:21:45  ETA 0:39:41
2026-10-05 17:52:40   35.45%  35,450,000 / 100,000,000 packets  elapsed 0:21:47  ETA 0:39:39
2026-10-05 17:52:42   35.50%  35,500,000 / 100,000,000 packets  elapsed 0:21:49  ETA 0:39:37
2026-10-05 17:52:44   35.55%  35,550,000 / 100,000,000 packets  elapsed 0:21:50  ETA 0:39:36
2026-10-05 17:52:46   35.60%  35,600,000 / 100,000,000 packets  elapsed 0:21:52  ETA 0:39:34
2026-10-05 17:52:48   35.65%  35,650,000 / 100,000,000 packets  elapsed 0:21:54  ETA 0:39:32
2026-10-05 17:52:50   35.70%  35,700,000 / 100,000,000 packets  elapsed 0:21:56  ETA 0:39:30
2026-10-05 17:52:51   35.75%  35,750,000 / 100,000,000 packets  elapsed 0:21:58  ETA 0:39:28
2026-10-05 17:52:53   35.80%  35,800,000 / 100,000,000 packets  elapsed 0:21:59  ETA 0:39:26
2026-10-05 17:52:55   35.85%  35,850,000 / 100,000,000 packets  elapsed 0:22:01  ETA 0:39:24
2026-10-05 17:52:57   35.90%  35,900,000 / 100,000,000 packets  elapsed 0:22:03  ETA 0:39:22
2026-10-05 17:52:59   35.95%  35,950,000 / 100,000,000 packets  elapsed 0:22:05  ETA 0:39:21
2026-10-05 17:53:01   36.00%  36,000,000 / 100,000,000 packets  elapsed 0:22:07  ETA 0:39:19
2026-10-05 17:53:02   36.05%  36,050,000 / 100,000,000 packets  elapsed 0:22:09  ETA 0:39:17
2026-10-05 17:53:04   36.10%  36,100,000 / 100,000,000 packets  elapsed 0:22:10  ETA 0:39:15
2026-10-05 17:53:06   36.15%  36,150,000 / 100,000,000 packets  elapsed 0:22:12  ETA 0:39:13
2026-10-05 17:53:08   36.20%  36,200,000 / 100,000,000 packets  elapsed 0:22:14  ETA 0:39:11
2026-10-05 17:53:10   36.25%  36,250,000 / 100,000,000 packets  elapsed 0:22:16  ETA 0:39:09
2026-10-05 17:53:12   36.30%  36,300,000 / 100,000,000 packets  elapsed 0:22:18  ETA 0:39:08
2026-10-05 17:53:13   36.35%  36,350,000 / 100,000,000 packets  elapsed 0:22:20  ETA 0:39:06
2026-10-05 17:53:15   36.40%  36,400,000 / 100,000,000 packets  elapsed 0:22:21  ETA 0:39:04
2026-10-05 17:53:17   36.45%  36,450,000 / 100,000,000 packets  elapsed 0:22:23  ETA 0:39:02
2026-10-05 17:53:19   36.50%  36,500,000 / 100,000,000 packets  elapsed 0:22:25  ETA 0:39:00
2026-10-05 17:53:21   36.55%  36,550,000 / 100,000,000 packets  elapsed 0:22:27  ETA 0:38:58
2026-10-05 17:53:23   36.60%  36,600,000 / 100,000,000 packets  elapsed 0:22:29  ETA 0:38:56
2026-10-05 17:53:24   36.65%  36,650,000 / 100,000,000 packets  elapsed 0:22:31  ETA 0:38:54
2026-10-05 17:53:26   36.70%  36,700,000 / 100,000,000 packets  elapsed 0:22:32  ETA 0:38:53
2026-10-05 17:53:28   36.75%  36,750,000 / 100,000,000 packets  elapsed 0:22:34  ETA 0:38:51
2026-10-05 17:53:30   36.80%  36,800,000 / 100,000,000 packets  elapsed 0:22:36  ETA 0:38:49
2026-10-05 17:53:32   36.85%  36,850,000 / 100,000,000 packets  elapsed 0:22:38  ETA 0:38:47
2026-10-05 17:53:33   36.90%  36,900,000 / 100,000,000 packets  elapsed 0:22:40  ETA 0:38:45
2026-10-05 17:53:35   36.95%  36,950,000 / 100,000,000 packets  elapsed 0:22:42  ETA 0:38:43
2026-10-05 17:53:37   37.00%  37,000,000 / 100,000,000 packets  elapsed 0:22:43  ETA 0:38:41
2026-10-05 17:53:39   37.05%  37,050,000 / 100,000,000 packets  elapsed 0:22:45  ETA 0:38:40
2026-10-05 17:53:41   37.10%  37,100,000 / 100,000,000 packets  elapsed 0:22:47  ETA 0:38:38
2026-10-05 17:53:43   37.15%  37,150,000 / 100,000,000 packets  elapsed 0:22:49  ETA 0:38:36
2026-10-05 17:53:44   37.20%  37,200,000 / 100,000,000 packets  elapsed 0:22:51  ETA 0:38:34
2026-10-05 17:53:46   37.25%  37,250,000 / 100,000,000 packets  elapsed 0:22:53  ETA 0:38:32
2026-10-05 17:53:48   37.30%  37,300,000 / 100,000,000 packets  elapsed 0:22:54  ETA 0:38:30
2026-10-05 17:53:50   37.35%  37,350,000 / 100,000,000 packets  elapsed 0:22:56  ETA 0:38:28
2026-10-05 17:53:52   37.40%  37,400,000 / 100,000,000 packets  elapsed 0:22:58  ETA 0:38:27
2026-10-05 17:53:54   37.45%  37,450,000 / 100,000,000 packets  elapsed 0:23:00  ETA 0:38:25
2026-10-05 17:53:55   37.50%  37,500,000 / 100,000,000 packets  elapsed 0:23:02  ETA 0:38:23
2026-10-05 17:53:57   37.55%  37,550,000 / 100,000,000 packets  elapsed 0:23:03  ETA 0:38:21
2026-10-05 17:53:59   37.60%  37,600,000 / 100,000,000 packets  elapsed 0:23:05  ETA 0:38:19
2026-10-05 17:54:01   37.65%  37,650,000 / 100,000,000 packets  elapsed 0:23:07  ETA 0:38:17
2026-10-05 17:54:03   37.70%  37,700,000 / 100,000,000 packets  elapsed 0:23:09  ETA 0:38:15
2026-10-05 17:54:05   37.75%  37,750,000 / 100,000,000 packets  elapsed 0:23:11  ETA 0:38:13
2026-10-05 17:54:06   37.80%  37,800,000 / 100,000,000 packets  elapsed 0:23:13  ETA 0:38:12
2026-10-05 17:54:08   37.85%  37,850,000 / 100,000,000 packets  elapsed 0:23:15  ETA 0:38:10
2026-10-05 17:54:10   37.90%  37,900,000 / 100,000,000 packets  elapsed 0:23:16  ETA 0:38:08
2026-10-05 17:54:12   37.95%  37,950,000 / 100,000,000 packets  elapsed 0:23:18  ETA 0:38:06
2026-10-05 17:54:14   38.00%  38,000,000 / 100,000,000 packets  elapsed 0:23:20  ETA 0:38:04
2026-10-05 17:54:16   38.05%  38,050,000 / 100,000,000 packets  elapsed 0:23:22  ETA 0:38:02
2026-10-05 17:54:17   38.10%  38,100,000 / 100,000,000 packets  elapsed 0:23:24  ETA 0:38:01
2026-10-05 17:54:19   38.15%  38,150,000 / 100,000,000 packets  elapsed 0:23:26  ETA 0:37:59
2026-10-05 17:54:21   38.20%  38,200,000 / 100,000,000 packets  elapsed 0:23:27  ETA 0:37:57
2026-10-05 17:54:23   38.25%  38,250,000 / 100,000,000 packets  elapsed 0:23:29  ETA 0:37:55
2026-10-05 17:54:25   38.30%  38,300,000 / 100,000,000 packets  elapsed 0:23:31  ETA 0:37:53
2026-10-05 17:54:27   38.35%  38,350,000 / 100,000,000 packets  elapsed 0:23:33  ETA 0:37:51
2026-10-05 17:54:28   38.40%  38,400,000 / 100,000,000 packets  elapsed 0:23:35  ETA 0:37:49
2026-10-05 17:54:30   38.45%  38,450,000 / 100,000,000 packets  elapsed 0:23:37  ETA 0:37:48
2026-10-05 17:54:32   38.50%  38,500,000 / 100,000,000 packets  elapsed 0:23:38  ETA 0:37:46
2026-10-05 17:54:34   38.55%  38,550,000 / 100,000,000 packets  elapsed 0:23:40  ETA 0:37:44
2026-10-05 17:54:36   38.60%  38,600,000 / 100,000,000 packets  elapsed 0:23:42  ETA 0:37:42
2026-10-05 17:54:38   38.65%  38,650,000 / 100,000,000 packets  elapsed 0:23:44  ETA 0:37:40
2026-10-05 17:54:39   38.70%  38,700,000 / 100,000,000 packets  elapsed 0:23:46  ETA 0:37:38
2026-10-05 17:54:41   38.75%  38,750,000 / 100,000,000 packets  elapsed 0:23:47  ETA 0:37:36
2026-10-05 17:54:43   38.80%  38,800,000 / 100,000,000 packets  elapsed 0:23:49  ETA 0:37:34
2026-10-05 17:54:45   38.85%  38,850,000 / 100,000,000 packets  elapsed 0:23:51  ETA 0:37:33
2026-10-05 17:54:47   38.90%  38,900,000 / 100,000,000 packets  elapsed 0:23:53  ETA 0:37:31
2026-10-05 17:54:49   38.95%  38,950,000 / 100,000,000 packets  elapsed 0:23:55  ETA 0:37:29
2026-10-05 17:54:50   39.00%  39,000,000 / 100,000,000 packets  elapsed 0:23:57  ETA 0:37:27
2026-10-05 17:54:52   39.05%  39,050,000 / 100,000,000 packets  elapsed 0:23:58  ETA 0:37:25
2026-10-05 17:54:54   39.10%  39,100,000 / 100,000,000 packets  elapsed 0:24:00  ETA 0:37:23
2026-10-05 17:54:56   39.15%  39,150,000 / 100,000,000 packets  elapsed 0:24:02  ETA 0:37:21
2026-10-05 17:54:58   39.20%  39,200,000 / 100,000,000 packets  elapsed 0:24:04  ETA 0:37:20
2026-10-05 17:55:00   39.25%  39,250,000 / 100,000,000 packets  elapsed 0:24:06  ETA 0:37:18
2026-10-05 17:55:01   39.30%  39,300,000 / 100,000,000 packets  elapsed 0:24:08  ETA 0:37:16
2026-10-05 17:55:03   39.35%  39,350,000 / 100,000,000 packets  elapsed 0:24:09  ETA 0:37:14
2026-10-05 17:55:05   39.40%  39,400,000 / 100,000,000 packets  elapsed 0:24:11  ETA 0:37:12
2026-10-05 17:55:07   39.45%  39,450,000 / 100,000,000 packets  elapsed 0:24:13  ETA 0:37:10
2026-10-05 17:55:09   39.50%  39,500,000 / 100,000,000 packets  elapsed 0:24:15  ETA 0:37:08
2026-10-05 17:55:11   39.55%  39,550,000 / 100,000,000 packets  elapsed 0:24:17  ETA 0:37:07
2026-10-05 17:55:12   39.60%  39,600,000 / 100,000,000 packets  elapsed 0:24:19  ETA 0:37:05
2026-10-05 17:55:14   39.65%  39,650,000 / 100,000,000 packets  elapsed 0:24:20  ETA 0:37:03
2026-10-05 17:55:16   39.70%  39,700,000 / 100,000,000 packets  elapsed 0:24:22  ETA 0:37:01
2026-10-05 17:55:18   39.75%  39,750,000 / 100,000,000 packets  elapsed 0:24:24  ETA 0:36:59
2026-10-05 17:55:20   39.80%  39,800,000 / 100,000,000 packets  elapsed 0:24:26  ETA 0:36:57
2026-10-05 17:55:21   39.85%  39,850,000 / 100,000,000 packets  elapsed 0:24:28  ETA 0:36:55
2026-10-05 17:55:23   39.90%  39,900,000 / 100,000,000 packets  elapsed 0:24:30  ETA 0:36:54
2026-10-05 17:55:25   39.95%  39,950,000 / 100,000,000 packets  elapsed 0:24:31  ETA 0:36:52
2026-10-05 17:55:27   40.00%  40,000,000 / 100,000,000 packets  elapsed 0:24:33  ETA 0:36:50
2026-10-05 17:55:29   40.05%  40,050,000 / 100,000,000 packets  elapsed 0:24:35  ETA 0:36:48
2026-10-05 17:55:31   40.10%  40,100,000 / 100,000,000 packets  elapsed 0:24:37  ETA 0:36:46
2026-10-05 17:55:32   40.15%  40,150,000 / 100,000,000 packets  elapsed 0:24:39  ETA 0:36:44
2026-10-05 17:55:34   40.20%  40,200,000 / 100,000,000 packets  elapsed 0:24:41  ETA 0:36:42
2026-10-05 17:55:36   40.25%  40,250,000 / 100,000,000 packets  elapsed 0:24:42  ETA 0:36:41
2026-10-05 17:55:38   40.30%  40,300,000 / 100,000,000 packets  elapsed 0:24:44  ETA 0:36:39
2026-10-05 17:55:40   40.35%  40,350,000 / 100,000,000 packets  elapsed 0:24:46  ETA 0:36:37
2026-10-05 17:55:42   40.40%  40,400,000 / 100,000,000 packets  elapsed 0:24:48  ETA 0:36:35
2026-10-05 17:55:43   40.45%  40,450,000 / 100,000,000 packets  elapsed 0:24:50  ETA 0:36:33
2026-10-05 17:55:45   40.50%  40,500,000 / 100,000,000 packets  elapsed 0:24:51  ETA 0:36:31
2026-10-05 17:55:47   40.55%  40,550,000 / 100,000,000 packets  elapsed 0:24:53  ETA 0:36:29
2026-10-05 17:55:49   40.60%  40,600,000 / 100,000,000 packets  elapsed 0:24:55  ETA 0:36:27
2026-10-05 17:55:51   40.65%  40,650,000 / 100,000,000 packets  elapsed 0:24:57  ETA 0:36:26
2026-10-05 17:55:53   40.70%  40,700,000 / 100,000,000 packets  elapsed 0:24:59  ETA 0:36:24
2026-10-05 17:55:54   40.75%  40,750,000 / 100,000,000 packets  elapsed 0:25:01  ETA 0:36:22
2026-10-05 17:55:56   40.80%  40,800,000 / 100,000,000 packets  elapsed 0:25:02  ETA 0:36:20
2026-10-05 17:55:58   40.85%  40,850,000 / 100,000,000 packets  elapsed 0:25:04  ETA 0:36:18
2026-10-05 17:56:00   40.90%  40,900,000 / 100,000,000 packets  elapsed 0:25:06  ETA 0:36:16
2026-10-05 17:56:02   40.95%  40,950,000 / 100,000,000 packets  elapsed 0:25:08  ETA 0:36:14
2026-10-05 17:56:04   41.00%  41,000,000 / 100,000,000 packets  elapsed 0:25:10  ETA 0:36:13
2026-10-05 17:56:05   41.05%  41,050,000 / 100,000,000 packets  elapsed 0:25:12  ETA 0:36:11
2026-10-05 17:56:07   41.10%  41,100,000 / 100,000,000 packets  elapsed 0:25:13  ETA 0:36:09
2026-10-05 17:56:09   41.15%  41,150,000 / 100,000,000 packets  elapsed 0:25:15  ETA 0:36:07
2026-10-05 17:56:11   41.20%  41,200,000 / 100,000,000 packets  elapsed 0:25:17  ETA 0:36:05
2026-10-05 17:56:13   41.25%  41,250,000 / 100,000,000 packets  elapsed 0:25:19  ETA 0:36:03
2026-10-05 17:56:15   41.30%  41,300,000 / 100,000,000 packets  elapsed 0:25:21  ETA 0:36:01
2026-10-05 17:56:16   41.35%  41,350,000 / 100,000,000 packets  elapsed 0:25:23  ETA 0:36:00
2026-10-05 17:56:18   41.40%  41,400,000 / 100,000,000 packets  elapsed 0:25:24  ETA 0:35:58
2026-10-05 17:56:20   41.45%  41,450,000 / 100,000,000 packets  elapsed 0:25:26  ETA 0:35:56
2026-10-05 17:56:22   41.50%  41,500,000 / 100,000,000 packets  elapsed 0:25:28  ETA 0:35:54
2026-10-05 17:56:24   41.55%  41,550,000 / 100,000,000 packets  elapsed 0:25:30  ETA 0:35:52
2026-10-05 17:56:26   41.60%  41,600,000 / 100,000,000 packets  elapsed 0:25:32  ETA 0:35:50
2026-10-05 17:56:27   41.65%  41,650,000 / 100,000,000 packets  elapsed 0:25:34  ETA 0:35:48
2026-10-05 17:56:29   41.70%  41,700,000 / 100,000,000 packets  elapsed 0:25:35  ETA 0:35:47
2026-10-05 17:56:31   41.75%  41,750,000 / 100,000,000 packets  elapsed 0:25:37  ETA 0:35:45
2026-10-05 17:56:33   41.80%  41,800,000 / 100,000,000 packets  elapsed 0:25:39  ETA 0:35:43
2026-10-05 17:56:35   41.85%  41,850,000 / 100,000,000 packets  elapsed 0:25:41  ETA 0:35:41
2026-10-05 17:56:36   41.90%  41,900,000 / 100,000,000 packets  elapsed 0:25:43  ETA 0:35:39
2026-10-05 17:56:38   41.95%  41,950,000 / 100,000,000 packets  elapsed 0:25:45  ETA 0:35:37
2026-10-05 17:56:40   42.00%  42,000,000 / 100,000,000 packets  elapsed 0:25:46  ETA 0:35:35
2026-10-05 17:56:42   42.05%  42,050,000 / 100,000,000 packets  elapsed 0:25:48  ETA 0:35:34
2026-10-05 17:56:44   42.10%  42,100,000 / 100,000,000 packets  elapsed 0:25:50  ETA 0:35:32
2026-10-05 17:56:46   42.15%  42,150,000 / 100,000,000 packets  elapsed 0:25:52  ETA 0:35:30
2026-10-05 17:56:47   42.20%  42,200,000 / 100,000,000 packets  elapsed 0:25:54  ETA 0:35:28
2026-10-05 17:56:49   42.25%  42,250,000 / 100,000,000 packets  elapsed 0:25:56  ETA 0:35:26
2026-10-05 17:56:51   42.30%  42,300,000 / 100,000,000 packets  elapsed 0:25:57  ETA 0:35:24
2026-10-05 17:56:53   42.35%  42,350,000 / 100,000,000 packets  elapsed 0:25:59  ETA 0:35:22
2026-10-05 17:56:55   42.40%  42,400,000 / 100,000,000 packets  elapsed 0:26:01  ETA 0:35:21
2026-10-05 17:56:57   42.45%  42,450,000 / 100,000,000 packets  elapsed 0:26:03  ETA 0:35:19
2026-10-05 17:56:58   42.50%  42,500,000 / 100,000,000 packets  elapsed 0:26:05  ETA 0:35:17
2026-10-05 17:57:00   42.55%  42,550,000 / 100,000,000 packets  elapsed 0:26:07  ETA 0:35:15
2026-10-05 17:57:02   42.60%  42,600,000 / 100,000,000 packets  elapsed 0:26:08  ETA 0:35:13
2026-10-05 17:57:04   42.65%  42,650,000 / 100,000,000 packets  elapsed 0:26:10  ETA 0:35:11
2026-10-05 17:57:06   42.70%  42,700,000 / 100,000,000 packets  elapsed 0:26:12  ETA 0:35:10
2026-10-05 17:57:08   42.75%  42,750,000 / 100,000,000 packets  elapsed 0:26:14  ETA 0:35:08
2026-10-05 17:57:09   42.80%  42,800,000 / 100,000,000 packets  elapsed 0:26:16  ETA 0:35:06
2026-10-05 17:57:11   42.85%  42,850,000 / 100,000,000 packets  elapsed 0:26:18  ETA 0:35:04
2026-10-05 17:57:13   42.90%  42,900,000 / 100,000,000 packets  elapsed 0:26:19  ETA 0:35:02
2026-10-05 17:57:15   42.95%  42,950,000 / 100,000,000 packets  elapsed 0:26:21  ETA 0:35:00
2026-10-05 17:57:17   43.00%  43,000,000 / 100,000,000 packets  elapsed 0:26:23  ETA 0:34:58
2026-10-05 17:57:19   43.05%  43,050,000 / 100,000,000 packets  elapsed 0:26:25  ETA 0:34:57
2026-10-05 17:57:20   43.10%  43,100,000 / 100,000,000 packets  elapsed 0:26:27  ETA 0:34:55
2026-10-05 17:57:22   43.15%  43,150,000 / 100,000,000 packets  elapsed 0:26:28  ETA 0:34:53
2026-10-05 17:57:24   43.20%  43,200,000 / 100,000,000 packets  elapsed 0:26:30  ETA 0:34:51
2026-10-05 17:57:26   43.25%  43,250,000 / 100,000,000 packets  elapsed 0:26:32  ETA 0:34:49
2026-10-05 17:57:28   43.30%  43,300,000 / 100,000,000 packets  elapsed 0:26:34  ETA 0:34:47
2026-10-05 17:57:30   43.35%  43,350,000 / 100,000,000 packets  elapsed 0:26:36  ETA 0:34:45
2026-10-05 17:57:31   43.40%  43,400,000 / 100,000,000 packets  elapsed 0:26:38  ETA 0:34:44
2026-10-05 17:57:33   43.45%  43,450,000 / 100,000,000 packets  elapsed 0:26:39  ETA 0:34:42
2026-10-05 17:57:35   43.50%  43,500,000 / 100,000,000 packets  elapsed 0:26:41  ETA 0:34:40
2026-10-05 17:57:37   43.55%  43,550,000 / 100,000,000 packets  elapsed 0:26:43  ETA 0:34:38
2026-10-05 17:57:39   43.60%  43,600,000 / 100,000,000 packets  elapsed 0:26:45  ETA 0:34:36
2026-10-05 17:57:41   43.65%  43,650,000 / 100,000,000 packets  elapsed 0:26:47  ETA 0:34:34
2026-10-05 17:57:42   43.70%  43,700,000 / 100,000,000 packets  elapsed 0:26:49  ETA 0:34:32
2026-10-05 17:57:44   43.75%  43,750,000 / 100,000,000 packets  elapsed 0:26:50  ETA 0:34:31
2026-10-05 17:57:46   43.80%  43,800,000 / 100,000,000 packets  elapsed 0:26:52  ETA 0:34:29
2026-10-05 17:57:48   43.85%  43,850,000 / 100,000,000 packets  elapsed 0:26:54  ETA 0:34:27
2026-10-05 17:57:50   43.90%  43,900,000 / 100,000,000 packets  elapsed 0:26:56  ETA 0:34:25
2026-10-05 17:57:52   43.95%  43,950,000 / 100,000,000 packets  elapsed 0:26:58  ETA 0:34:23
2026-10-05 17:57:53   44.00%  44,000,000 / 100,000,000 packets  elapsed 0:27:00  ETA 0:34:21
2026-10-05 17:57:55   44.05%  44,050,000 / 100,000,000 packets  elapsed 0:27:01  ETA 0:34:19
2026-10-05 17:57:57   44.10%  44,100,000 / 100,000,000 packets  elapsed 0:27:03  ETA 0:34:18
2026-10-05 17:57:59   44.15%  44,150,000 / 100,000,000 packets  elapsed 0:27:05  ETA 0:34:16
2026-10-05 17:58:01   44.20%  44,200,000 / 100,000,000 packets  elapsed 0:27:07  ETA 0:34:14
2026-10-05 17:58:03   44.25%  44,250,000 / 100,000,000 packets  elapsed 0:27:09  ETA 0:34:12
2026-10-05 17:58:04   44.30%  44,300,000 / 100,000,000 packets  elapsed 0:27:11  ETA 0:34:10
2026-10-05 17:58:06   44.35%  44,350,000 / 100,000,000 packets  elapsed 0:27:12  ETA 0:34:08
2026-10-05 17:58:08   44.40%  44,400,000 / 100,000,000 packets  elapsed 0:27:14  ETA 0:34:06
2026-10-05 17:58:10   44.45%  44,450,000 / 100,000,000 packets  elapsed 0:27:16  ETA 0:34:05
2026-10-05 17:58:12   44.50%  44,500,000 / 100,000,000 packets  elapsed 0:27:18  ETA 0:34:03
2026-10-05 17:58:13   44.55%  44,550,000 / 100,000,000 packets  elapsed 0:27:20  ETA 0:34:01
2026-10-05 17:58:15   44.60%  44,600,000 / 100,000,000 packets  elapsed 0:27:22  ETA 0:33:59
2026-10-05 17:58:17   44.65%  44,650,000 / 100,000,000 packets  elapsed 0:27:23  ETA 0:33:57
2026-10-05 17:58:19   44.70%  44,700,000 / 100,000,000 packets  elapsed 0:27:25  ETA 0:33:55
2026-10-05 17:58:21   44.75%  44,750,000 / 100,000,000 packets  elapsed 0:27:27  ETA 0:33:53
2026-10-05 17:58:23   44.80%  44,800,000 / 100,000,000 packets  elapsed 0:27:29  ETA 0:33:52
2026-10-05 17:58:24   44.85%  44,850,000 / 100,000,000 packets  elapsed 0:27:31  ETA 0:33:50
2026-10-05 17:58:26   44.90%  44,900,000 / 100,000,000 packets  elapsed 0:27:33  ETA 0:33:48
2026-10-05 17:58:28   44.95%  44,950,000 / 100,000,000 packets  elapsed 0:27:34  ETA 0:33:46
2026-10-05 17:58:30   45.00%  45,000,000 / 100,000,000 packets  elapsed 0:27:36  ETA 0:33:44
2026-10-05 17:58:32   45.05%  45,050,000 / 100,000,000 packets  elapsed 0:27:38  ETA 0:33:42
2026-10-05 17:58:34   45.10%  45,100,000 / 100,000,000 packets  elapsed 0:27:40  ETA 0:33:40
2026-10-05 17:58:35   45.15%  45,150,000 / 100,000,000 packets  elapsed 0:27:42  ETA 0:33:39
2026-10-05 17:58:37   45.20%  45,200,000 / 100,000,000 packets  elapsed 0:27:43  ETA 0:33:37
2026-10-05 17:58:39   45.25%  45,250,000 / 100,000,000 packets  elapsed 0:27:45  ETA 0:33:35
2026-10-05 17:58:41   45.30%  45,300,000 / 100,000,000 packets  elapsed 0:27:47  ETA 0:33:33
2026-10-05 17:58:43   45.35%  45,350,000 / 100,000,000 packets  elapsed 0:27:49  ETA 0:33:31
2026-10-05 17:58:45   45.40%  45,400,000 / 100,000,000 packets  elapsed 0:27:51  ETA 0:33:29
2026-10-05 17:58:46   45.45%  45,450,000 / 100,000,000 packets  elapsed 0:27:53  ETA 0:33:28
2026-10-05 17:58:48   45.50%  45,500,000 / 100,000,000 packets  elapsed 0:27:54  ETA 0:33:26
2026-10-05 17:58:50   45.55%  45,550,000 / 100,000,000 packets  elapsed 0:27:56  ETA 0:33:24
2026-10-05 17:58:52   45.60%  45,600,000 / 100,000,000 packets  elapsed 0:27:58  ETA 0:33:22
2026-10-05 17:58:54   45.65%  45,650,000 / 100,000,000 packets  elapsed 0:28:00  ETA 0:33:20
2026-10-05 17:58:56   45.70%  45,700,000 / 100,000,000 packets  elapsed 0:28:02  ETA 0:33:18
2026-10-05 17:58:57   45.75%  45,750,000 / 100,000,000 packets  elapsed 0:28:04  ETA 0:33:16
2026-10-05 17:58:59   45.80%  45,800,000 / 100,000,000 packets  elapsed 0:28:05  ETA 0:33:15
2026-10-05 17:59:01   45.85%  45,850,000 / 100,000,000 packets  elapsed 0:28:07  ETA 0:33:13
2026-10-05 17:59:03   45.90%  45,900,000 / 100,000,000 packets  elapsed 0:28:09  ETA 0:33:11
2026-10-05 17:59:05   45.95%  45,950,000 / 100,000,000 packets  elapsed 0:28:11  ETA 0:33:09
2026-10-05 17:59:07   46.00%  46,000,000 / 100,000,000 packets  elapsed 0:28:13  ETA 0:33:07
2026-10-05 17:59:08   46.05%  46,050,000 / 100,000,000 packets  elapsed 0:28:15  ETA 0:33:05
2026-10-05 17:59:10   46.10%  46,100,000 / 100,000,000 packets  elapsed 0:28:16  ETA 0:33:03
2026-10-05 17:59:12   46.15%  46,150,000 / 100,000,000 packets  elapsed 0:28:18  ETA 0:33:02
2026-10-05 17:59:14   46.20%  46,200,000 / 100,000,000 packets  elapsed 0:28:20  ETA 0:33:00
2026-10-05 17:59:16   46.25%  46,250,000 / 100,000,000 packets  elapsed 0:28:22  ETA 0:32:58
2026-10-05 17:59:17   46.30%  46,300,000 / 100,000,000 packets  elapsed 0:28:24  ETA 0:32:56
2026-10-05 17:59:19   46.35%  46,350,000 / 100,000,000 packets  elapsed 0:28:26  ETA 0:32:54
2026-10-05 17:59:21   46.40%  46,400,000 / 100,000,000 packets  elapsed 0:28:27  ETA 0:32:52
2026-10-05 17:59:23   46.45%  46,450,000 / 100,000,000 packets  elapsed 0:28:29  ETA 0:32:50
2026-10-05 17:59:25   46.50%  46,500,000 / 100,000,000 packets  elapsed 0:28:31  ETA 0:32:49
2026-10-05 17:59:27   46.55%  46,550,000 / 100,000,000 packets  elapsed 0:28:33  ETA 0:32:47
2026-10-05 17:59:28   46.60%  46,600,000 / 100,000,000 packets  elapsed 0:28:35  ETA 0:32:45
2026-10-05 17:59:30   46.65%  46,650,000 / 100,000,000 packets  elapsed 0:28:37  ETA 0:32:43
2026-10-05 17:59:32   46.70%  46,700,000 / 100,000,000 packets  elapsed 0:28:38  ETA 0:32:41
2026-10-05 17:59:34   46.75%  46,750,000 / 100,000,000 packets  elapsed 0:28:40  ETA 0:32:39
2026-10-05 17:59:36   46.80%  46,800,000 / 100,000,000 packets  elapsed 0:28:42  ETA 0:32:37
2026-10-05 17:59:38   46.85%  46,850,000 / 100,000,000 packets  elapsed 0:28:44  ETA 0:32:36
2026-10-05 17:59:39   46.90%  46,900,000 / 100,000,000 packets  elapsed 0:28:46  ETA 0:32:34
2026-10-05 17:59:41   46.95%  46,950,000 / 100,000,000 packets  elapsed 0:28:47  ETA 0:32:32
2026-10-05 17:59:43   47.00%  47,000,000 / 100,000,000 packets  elapsed 0:28:49  ETA 0:32:30
2026-10-05 17:59:45   47.05%  47,050,000 / 100,000,000 packets  elapsed 0:28:51  ETA 0:32:28
2026-10-05 17:59:47   47.10%  47,100,000 / 100,000,000 packets  elapsed 0:28:53  ETA 0:32:26
2026-10-05 17:59:49   47.15%  47,150,000 / 100,000,000 packets  elapsed 0:28:55  ETA 0:32:25
2026-10-05 17:59:50   47.20%  47,200,000 / 100,000,000 packets  elapsed 0:28:57  ETA 0:32:23
2026-10-05 17:59:52   47.25%  47,250,000 / 100,000,000 packets  elapsed 0:28:58  ETA 0:32:21
2026-10-05 17:59:54   47.30%  47,300,000 / 100,000,000 packets  elapsed 0:29:00  ETA 0:32:19
2026-10-05 17:59:56   47.35%  47,350,000 / 100,000,000 packets  elapsed 0:29:02  ETA 0:32:17
2026-10-05 17:59:58   47.40%  47,400,000 / 100,000,000 packets  elapsed 0:29:04  ETA 0:32:15
2026-10-05 18:00:00   47.45%  47,450,000 / 100,000,000 packets  elapsed 0:29:06  ETA 0:32:13
2026-10-05 18:00:01   47.50%  47,500,000 / 100,000,000 packets  elapsed 0:29:08  ETA 0:32:12
2026-10-05 18:00:03   47.55%  47,550,000 / 100,000,000 packets  elapsed 0:29:09  ETA 0:32:10
2026-10-05 18:00:05   47.60%  47,600,000 / 100,000,000 packets  elapsed 0:29:11  ETA 0:32:08
2026-10-05 18:00:07   47.65%  47,650,000 / 100,000,000 packets  elapsed 0:29:13  ETA 0:32:06
2026-10-05 18:00:09   47.70%  47,700,000 / 100,000,000 packets  elapsed 0:29:15  ETA 0:32:04
2026-10-05 18:00:11   47.75%  47,750,000 / 100,000,000 packets  elapsed 0:29:17  ETA 0:32:02
2026-10-05 18:00:12   47.80%  47,800,000 / 100,000,000 packets  elapsed 0:29:19  ETA 0:32:00
2026-10-05 18:00:14   47.85%  47,850,000 / 100,000,000 packets  elapsed 0:29:20  ETA 0:31:59
2026-10-05 18:00:16   47.90%  47,900,000 / 100,000,000 packets  elapsed 0:29:22  ETA 0:31:57
2026-10-05 18:00:18   47.95%  47,950,000 / 100,000,000 packets  elapsed 0:29:24  ETA 0:31:55
2026-10-05 18:00:20   48.00%  48,000,000 / 100,000,000 packets  elapsed 0:29:26  ETA 0:31:53
2026-10-05 18:00:21   48.05%  48,050,000 / 100,000,000 packets  elapsed 0:29:28  ETA 0:31:51
2026-10-05 18:00:23   48.10%  48,100,000 / 100,000,000 packets  elapsed 0:29:30  ETA 0:31:49
2026-10-05 18:00:25   48.15%  48,150,000 / 100,000,000 packets  elapsed 0:29:31  ETA 0:31:47
2026-10-05 18:00:27   48.20%  48,200,000 / 100,000,000 packets  elapsed 0:29:33  ETA 0:31:46
2026-10-05 18:00:29   48.25%  48,250,000 / 100,000,000 packets  elapsed 0:29:35  ETA 0:31:44
2026-10-05 18:00:31   48.30%  48,300,000 / 100,000,000 packets  elapsed 0:29:37  ETA 0:31:42
2026-10-05 18:00:32   48.35%  48,350,000 / 100,000,000 packets  elapsed 0:29:39  ETA 0:31:40
2026-10-05 18:00:34   48.40%  48,400,000 / 100,000,000 packets  elapsed 0:29:41  ETA 0:31:38
2026-10-05 18:00:36   48.45%  48,450,000 / 100,000,000 packets  elapsed 0:29:42  ETA 0:31:36
2026-10-05 18:00:38   48.50%  48,500,000 / 100,000,000 packets  elapsed 0:29:44  ETA 0:31:35
2026-10-05 18:00:40   48.55%  48,550,000 / 100,000,000 packets  elapsed 0:29:46  ETA 0:31:33
2026-10-05 18:00:42   48.60%  48,600,000 / 100,000,000 packets  elapsed 0:29:48  ETA 0:31:31
2026-10-05 18:00:43   48.65%  48,650,000 / 100,000,000 packets  elapsed 0:29:50  ETA 0:31:29
2026-10-05 18:00:45   48.70%  48,700,000 / 100,000,000 packets  elapsed 0:29:51  ETA 0:31:27
2026-10-05 18:00:47   48.75%  48,750,000 / 100,000,000 packets  elapsed 0:29:53  ETA 0:31:25
2026-10-05 18:00:49   48.80%  48,800,000 / 100,000,000 packets  elapsed 0:29:55  ETA 0:31:23
2026-10-05 18:00:51   48.85%  48,850,000 / 100,000,000 packets  elapsed 0:29:57  ETA 0:31:22
2026-10-05 18:00:53   48.90%  48,900,000 / 100,000,000 packets  elapsed 0:29:59  ETA 0:31:20
2026-10-05 18:00:54   48.95%  48,950,000 / 100,000,000 packets  elapsed 0:30:01  ETA 0:31:18
2026-10-05 18:00:56   49.00%  49,000,000 / 100,000,000 packets  elapsed 0:30:02  ETA 0:31:16
2026-10-05 18:00:58   49.05%  49,050,000 / 100,000,000 packets  elapsed 0:30:04  ETA 0:31:14
2026-10-05 18:01:00   49.10%  49,100,000 / 100,000,000 packets  elapsed 0:30:06  ETA 0:31:12
2026-10-05 18:01:02   49.15%  49,150,000 / 100,000,000 packets  elapsed 0:30:08  ETA 0:31:10
2026-10-05 18:01:04   49.20%  49,200,000 / 100,000,000 packets  elapsed 0:30:10  ETA 0:31:09
2026-10-05 18:01:05   49.25%  49,250,000 / 100,000,000 packets  elapsed 0:30:12  ETA 0:31:07
2026-10-05 18:01:07   49.30%  49,300,000 / 100,000,000 packets  elapsed 0:30:13  ETA 0:31:05
2026-10-05 18:01:09   49.35%  49,350,000 / 100,000,000 packets  elapsed 0:30:15  ETA 0:31:03
2026-10-05 18:01:11   49.40%  49,400,000 / 100,000,000 packets  elapsed 0:30:17  ETA 0:31:01
2026-10-05 18:01:13   49.45%  49,450,000 / 100,000,000 packets  elapsed 0:30:19  ETA 0:30:59
2026-10-05 18:01:15   49.50%  49,500,000 / 100,000,000 packets  elapsed 0:30:21  ETA 0:30:58
2026-10-05 18:01:16   49.55%  49,550,000 / 100,000,000 packets  elapsed 0:30:23  ETA 0:30:56
2026-10-05 18:01:18   49.60%  49,600,000 / 100,000,000 packets  elapsed 0:30:24  ETA 0:30:54
2026-10-05 18:01:20   49.65%  49,650,000 / 100,000,000 packets  elapsed 0:30:26  ETA 0:30:52
2026-10-05 18:01:22   49.70%  49,700,000 / 100,000,000 packets  elapsed 0:30:28  ETA 0:30:50
2026-10-05 18:01:24   49.75%  49,750,000 / 100,000,000 packets  elapsed 0:30:30  ETA 0:30:48
2026-10-05 18:01:26   49.80%  49,800,000 / 100,000,000 packets  elapsed 0:30:32  ETA 0:30:46
2026-10-05 18:01:27   49.85%  49,850,000 / 100,000,000 packets  elapsed 0:30:34  ETA 0:30:45
2026-10-05 18:01:29   49.90%  49,900,000 / 100,000,000 packets  elapsed 0:30:35  ETA 0:30:43
2026-10-05 18:01:31   49.95%  49,950,000 / 100,000,000 packets  elapsed 0:30:37  ETA 0:30:41
2026-10-05 18:01:33   50.00%  50,000,000 / 100,000,000 packets  elapsed 0:30:39  ETA 0:30:39
2026-10-05 18:01:35   50.05%  50,050,000 / 100,000,000 packets  elapsed 0:30:41  ETA 0:30:37
2026-10-05 18:01:36   50.10%  50,100,000 / 100,000,000 packets  elapsed 0:30:43  ETA 0:30:35
2026-10-05 18:01:38   50.15%  50,150,000 / 100,000,000 packets  elapsed 0:30:45  ETA 0:30:33
2026-10-05 18:01:40   50.20%  50,200,000 / 100,000,000 packets  elapsed 0:30:46  ETA 0:30:32
2026-10-05 18:01:42   50.25%  50,250,000 / 100,000,000 packets  elapsed 0:30:48  ETA 0:30:30
2026-10-05 18:01:44   50.30%  50,300,000 / 100,000,000 packets  elapsed 0:30:50  ETA 0:30:28
2026-10-05 18:01:46   50.35%  50,350,000 / 100,000,000 packets  elapsed 0:30:52  ETA 0:30:26
2026-10-05 18:01:47   50.40%  50,400,000 / 100,000,000 packets  elapsed 0:30:54  ETA 0:30:24
2026-10-05 18:01:49   50.45%  50,450,000 / 100,000,000 packets  elapsed 0:30:56  ETA 0:30:22
2026-10-05 18:01:51   50.50%  50,500,000 / 100,000,000 packets  elapsed 0:30:57  ETA 0:30:21
2026-10-05 18:01:53   50.55%  50,550,000 / 100,000,000 packets  elapsed 0:30:59  ETA 0:30:19
2026-10-05 18:01:55   50.60%  50,600,000 / 100,000,000 packets  elapsed 0:31:01  ETA 0:30:17
2026-10-05 18:01:57   50.65%  50,650,000 / 100,000,000 packets  elapsed 0:31:03  ETA 0:30:15
2026-10-05 18:01:58   50.70%  50,700,000 / 100,000,000 packets  elapsed 0:31:05  ETA 0:30:13
2026-10-05 18:02:00   50.75%  50,750,000 / 100,000,000 packets  elapsed 0:31:07  ETA 0:30:11
2026-10-05 18:02:02   50.80%  50,800,000 / 100,000,000 packets  elapsed 0:31:08  ETA 0:30:10
2026-10-05 18:02:04   50.85%  50,850,000 / 100,000,000 packets  elapsed 0:31:10  ETA 0:30:08
2026-10-05 18:02:06   50.90%  50,900,000 / 100,000,000 packets  elapsed 0:31:12  ETA 0:30:06
2026-10-05 18:02:08   50.95%  50,950,000 / 100,000,000 packets  elapsed 0:31:14  ETA 0:30:04
2026-10-05 18:02:09   51.00%  51,000,000 / 100,000,000 packets  elapsed 0:31:16  ETA 0:30:02
2026-10-05 18:02:11   51.05%  51,050,000 / 100,000,000 packets  elapsed 0:31:18  ETA 0:30:00
2026-10-05 18:02:13   51.10%  51,100,000 / 100,000,000 packets  elapsed 0:31:19  ETA 0:29:58
2026-10-05 18:02:15   51.15%  51,150,000 / 100,000,000 packets  elapsed 0:31:21  ETA 0:29:57
2026-10-05 18:02:17   51.20%  51,200,000 / 100,000,000 packets  elapsed 0:31:23  ETA 0:29:55
2026-10-05 18:02:19   51.25%  51,250,000 / 100,000,000 packets  elapsed 0:31:25  ETA 0:29:53
2026-10-05 18:02:20   51.30%  51,300,000 / 100,000,000 packets  elapsed 0:31:27  ETA 0:29:51
2026-10-05 18:02:22   51.35%  51,350,000 / 100,000,000 packets  elapsed 0:31:29  ETA 0:29:49
2026-10-05 18:02:24   51.40%  51,400,000 / 100,000,000 packets  elapsed 0:31:30  ETA 0:29:47
2026-10-05 18:02:26   51.45%  51,450,000 / 100,000,000 packets  elapsed 0:31:32  ETA 0:29:46
2026-10-05 18:02:28   51.50%  51,500,000 / 100,000,000 packets  elapsed 0:31:34  ETA 0:29:44
2026-10-05 18:02:30   51.55%  51,550,000 / 100,000,000 packets  elapsed 0:31:36  ETA 0:29:42
2026-10-05 18:02:31   51.60%  51,600,000 / 100,000,000 packets  elapsed 0:31:38  ETA 0:29:40
2026-10-05 18:02:33   51.65%  51,650,000 / 100,000,000 packets  elapsed 0:31:39  ETA 0:29:38
2026-10-05 18:02:35   51.70%  51,700,000 / 100,000,000 packets  elapsed 0:31:41  ETA 0:29:36
2026-10-05 18:02:37   51.75%  51,750,000 / 100,000,000 packets  elapsed 0:31:43  ETA 0:29:34
2026-10-05 18:02:39   51.80%  51,800,000 / 100,000,000 packets  elapsed 0:31:45  ETA 0:29:33
2026-10-05 18:02:41   51.85%  51,850,000 / 100,000,000 packets  elapsed 0:31:47  ETA 0:29:31
2026-10-05 18:02:42   51.90%  51,900,000 / 100,000,000 packets  elapsed 0:31:49  ETA 0:29:29
2026-10-05 18:02:44   51.95%  51,950,000 / 100,000,000 packets  elapsed 0:31:50  ETA 0:29:27
2026-10-05 18:02:46   52.00%  52,000,000 / 100,000,000 packets  elapsed 0:31:52  ETA 0:29:25
2026-10-05 18:02:48   52.05%  52,050,000 / 100,000,000 packets  elapsed 0:31:54  ETA 0:29:23
2026-10-05 18:02:50   52.10%  52,100,000 / 100,000,000 packets  elapsed 0:31:56  ETA 0:29:21
2026-10-05 18:02:52   52.15%  52,150,000 / 100,000,000 packets  elapsed 0:31:58  ETA 0:29:20
2026-10-05 18:02:53   52.20%  52,200,000 / 100,000,000 packets  elapsed 0:32:00  ETA 0:29:18
2026-10-05 18:02:55   52.25%  52,250,000 / 100,000,000 packets  elapsed 0:32:01  ETA 0:29:16
2026-10-05 18:02:57   52.30%  52,300,000 / 100,000,000 packets  elapsed 0:32:03  ETA 0:29:14
2026-10-05 18:02:59   52.35%  52,350,000 / 100,000,000 packets  elapsed 0:32:05  ETA 0:29:12
2026-10-05 18:03:01   52.40%  52,400,000 / 100,000,000 packets  elapsed 0:32:07  ETA 0:29:10
2026-10-05 18:03:03   52.45%  52,450,000 / 100,000,000 packets  elapsed 0:32:09  ETA 0:29:09
2026-10-05 18:03:04   52.50%  52,500,000 / 100,000,000 packets  elapsed 0:32:11  ETA 0:29:07
2026-10-05 18:03:06   52.55%  52,550,000 / 100,000,000 packets  elapsed 0:32:12  ETA 0:29:05
2026-10-05 18:03:08   52.60%  52,600,000 / 100,000,000 packets  elapsed 0:32:14  ETA 0:29:03
2026-10-05 18:03:10   52.65%  52,650,000 / 100,000,000 packets  elapsed 0:32:16  ETA 0:29:01
2026-10-05 18:03:12   52.70%  52,700,000 / 100,000,000 packets  elapsed 0:32:18  ETA 0:28:59
2026-10-05 18:03:13   52.75%  52,750,000 / 100,000,000 packets  elapsed 0:32:20  ETA 0:28:57
2026-10-05 18:03:15   52.80%  52,800,000 / 100,000,000 packets  elapsed 0:32:22  ETA 0:28:56
2026-10-05 18:03:17   52.85%  52,850,000 / 100,000,000 packets  elapsed 0:32:23  ETA 0:28:54
2026-10-05 18:03:19   52.90%  52,900,000 / 100,000,000 packets  elapsed 0:32:25  ETA 0:28:52
2026-10-05 18:03:21   52.95%  52,950,000 / 100,000,000 packets  elapsed 0:32:27  ETA 0:28:50
2026-10-05 18:03:23   53.00%  53,000,000 / 100,000,000 packets  elapsed 0:32:29  ETA 0:28:48
2026-10-05 18:03:24   53.05%  53,050,000 / 100,000,000 packets  elapsed 0:32:31  ETA 0:28:46
2026-10-05 18:03:26   53.10%  53,100,000 / 100,000,000 packets  elapsed 0:32:33  ETA 0:28:45
2026-10-05 18:03:28   53.15%  53,150,000 / 100,000,000 packets  elapsed 0:32:34  ETA 0:28:43
2026-10-05 18:03:30   53.20%  53,200,000 / 100,000,000 packets  elapsed 0:32:36  ETA 0:28:41
2026-10-05 18:03:32   53.25%  53,250,000 / 100,000,000 packets  elapsed 0:32:38  ETA 0:28:39
2026-10-05 18:03:34   53.30%  53,300,000 / 100,000,000 packets  elapsed 0:32:40  ETA 0:28:37
2026-10-05 18:03:35   53.35%  53,350,000 / 100,000,000 packets  elapsed 0:32:42  ETA 0:28:35
2026-10-05 18:03:37   53.40%  53,400,000 / 100,000,000 packets  elapsed 0:32:43  ETA 0:28:33
2026-10-05 18:03:39   53.45%  53,450,000 / 100,000,000 packets  elapsed 0:32:45  ETA 0:28:32
2026-10-05 18:03:41   53.50%  53,500,000 / 100,000,000 packets  elapsed 0:32:47  ETA 0:28:30
2026-10-05 18:03:43   53.55%  53,550,000 / 100,000,000 packets  elapsed 0:32:49  ETA 0:28:28
2026-10-05 18:03:45   53.60%  53,600,000 / 100,000,000 packets  elapsed 0:32:51  ETA 0:28:26
2026-10-05 18:03:46   53.65%  53,650,000 / 100,000,000 packets  elapsed 0:32:53  ETA 0:28:24
2026-10-05 18:03:48   53.70%  53,700,000 / 100,000,000 packets  elapsed 0:32:54  ETA 0:28:22
2026-10-05 18:03:50   53.75%  53,750,000 / 100,000,000 packets  elapsed 0:32:56  ETA 0:28:21
2026-10-05 18:03:52   53.80%  53,800,000 / 100,000,000 packets  elapsed 0:32:58  ETA 0:28:19
2026-10-05 18:03:54   53.85%  53,850,000 / 100,000,000 packets  elapsed 0:33:00  ETA 0:28:17
2026-10-05 18:03:56   53.90%  53,900,000 / 100,000,000 packets  elapsed 0:33:02  ETA 0:28:15
2026-10-05 18:03:57   53.95%  53,950,000 / 100,000,000 packets  elapsed 0:33:04  ETA 0:28:13
2026-10-05 18:03:59   54.00%  54,000,000 / 100,000,000 packets  elapsed 0:33:05  ETA 0:28:11
2026-10-05 18:04:01   54.05%  54,050,000 / 100,000,000 packets  elapsed 0:33:07  ETA 0:28:09
2026-10-05 18:04:03   54.10%  54,100,000 / 100,000,000 packets  elapsed 0:33:09  ETA 0:28:08
2026-10-05 18:04:05   54.15%  54,150,000 / 100,000,000 packets  elapsed 0:33:11  ETA 0:28:06
2026-10-05 18:04:07   54.20%  54,200,000 / 100,000,000 packets  elapsed 0:33:13  ETA 0:28:04
2026-10-05 18:04:08   54.25%  54,250,000 / 100,000,000 packets  elapsed 0:33:15  ETA 0:28:02
2026-10-05 18:04:10   54.30%  54,300,000 / 100,000,000 packets  elapsed 0:33:16  ETA 0:28:00
2026-10-05 18:04:12   54.35%  54,350,000 / 100,000,000 packets  elapsed 0:33:18  ETA 0:27:58
2026-10-05 18:04:14   54.40%  54,400,000 / 100,000,000 packets  elapsed 0:33:20  ETA 0:27:57
2026-10-05 18:04:16   54.45%  54,450,000 / 100,000,000 packets  elapsed 0:33:22  ETA 0:27:55
2026-10-05 18:04:17   54.50%  54,500,000 / 100,000,000 packets  elapsed 0:33:24  ETA 0:27:53
2026-10-05 18:04:19   54.55%  54,550,000 / 100,000,000 packets  elapsed 0:33:26  ETA 0:27:51
2026-10-05 18:04:21   54.60%  54,600,000 / 100,000,000 packets  elapsed 0:33:27  ETA 0:27:49
2026-10-05 18:04:23   54.65%  54,650,000 / 100,000,000 packets  elapsed 0:33:29  ETA 0:27:47
2026-10-05 18:04:25   54.70%  54,700,000 / 100,000,000 packets  elapsed 0:33:31  ETA 0:27:45
2026-10-05 18:04:27   54.75%  54,750,000 / 100,000,000 packets  elapsed 0:33:33  ETA 0:27:44
2026-10-05 18:04:28   54.80%  54,800,000 / 100,000,000 packets  elapsed 0:33:35  ETA 0:27:42
2026-10-05 18:04:30   54.85%  54,850,000 / 100,000,000 packets  elapsed 0:33:37  ETA 0:27:40
2026-10-05 18:04:32   54.90%  54,900,000 / 100,000,000 packets  elapsed 0:33:38  ETA 0:27:38
2026-10-05 18:04:34   54.95%  54,950,000 / 100,000,000 packets  elapsed 0:33:40  ETA 0:27:36
2026-10-05 18:04:36   55.00%  55,000,000 / 100,000,000 packets  elapsed 0:33:42  ETA 0:27:34
2026-10-05 18:04:38   55.05%  55,050,000 / 100,000,000 packets  elapsed 0:33:44  ETA 0:27:33
2026-10-05 18:04:39   55.10%  55,100,000 / 100,000,000 packets  elapsed 0:33:46  ETA 0:27:31
2026-10-05 18:04:41   55.15%  55,150,000 / 100,000,000 packets  elapsed 0:33:47  ETA 0:27:29
2026-10-05 18:04:43   55.20%  55,200,000 / 100,000,000 packets  elapsed 0:33:49  ETA 0:27:27
2026-10-05 18:04:45   55.25%  55,250,000 / 100,000,000 packets  elapsed 0:33:51  ETA 0:27:25
2026-10-05 18:04:47   55.30%  55,300,000 / 100,000,000 packets  elapsed 0:33:53  ETA 0:27:23
2026-10-05 18:04:49   55.35%  55,350,000 / 100,000,000 packets  elapsed 0:33:55  ETA 0:27:21
2026-10-05 18:04:50   55.40%  55,400,000 / 100,000,000 packets  elapsed 0:33:57  ETA 0:27:20
2026-10-05 18:04:52   55.45%  55,450,000 / 100,000,000 packets  elapsed 0:33:58  ETA 0:27:18
2026-10-05 18:04:54   55.50%  55,500,000 / 100,000,000 packets  elapsed 0:34:00  ETA 0:27:16
2026-10-05 18:04:56   55.55%  55,550,000 / 100,000,000 packets  elapsed 0:34:02  ETA 0:27:14
2026-10-05 18:04:58   55.60%  55,600,000 / 100,000,000 packets  elapsed 0:34:04  ETA 0:27:12
2026-10-05 18:05:00   55.65%  55,650,000 / 100,000,000 packets  elapsed 0:34:06  ETA 0:27:10
2026-10-05 18:05:01   55.70%  55,700,000 / 100,000,000 packets  elapsed 0:34:08  ETA 0:27:09
2026-10-05 18:05:03   55.75%  55,750,000 / 100,000,000 packets  elapsed 0:34:09  ETA 0:27:07
2026-10-05 18:05:05   55.80%  55,800,000 / 100,000,000 packets  elapsed 0:34:11  ETA 0:27:05
2026-10-05 18:05:07   55.85%  55,850,000 / 100,000,000 packets  elapsed 0:34:13  ETA 0:27:03
2026-10-05 18:05:09   55.90%  55,900,000 / 100,000,000 packets  elapsed 0:34:15  ETA 0:27:01
2026-10-05 18:05:11   55.95%  55,950,000 / 100,000,000 packets  elapsed 0:34:17  ETA 0:26:59
2026-10-05 18:05:12   56.00%  56,000,000 / 100,000,000 packets  elapsed 0:34:19  ETA 0:26:57
2026-10-05 18:05:14   56.05%  56,050,000 / 100,000,000 packets  elapsed 0:34:20  ETA 0:26:56
2026-10-05 18:05:16   56.10%  56,100,000 / 100,000,000 packets  elapsed 0:34:22  ETA 0:26:54
2026-10-05 18:05:18   56.15%  56,150,000 / 100,000,000 packets  elapsed 0:34:24  ETA 0:26:52
2026-10-05 18:05:20   56.20%  56,200,000 / 100,000,000 packets  elapsed 0:34:26  ETA 0:26:50
2026-10-05 18:05:21   56.25%  56,250,000 / 100,000,000 packets  elapsed 0:34:28  ETA 0:26:48
2026-10-05 18:05:23   56.30%  56,300,000 / 100,000,000 packets  elapsed 0:34:30  ETA 0:26:46
2026-10-05 18:05:25   56.35%  56,350,000 / 100,000,000 packets  elapsed 0:34:31  ETA 0:26:45
2026-10-05 18:05:27   56.40%  56,400,000 / 100,000,000 packets  elapsed 0:34:33  ETA 0:26:43
2026-10-05 18:05:29   56.45%  56,450,000 / 100,000,000 packets  elapsed 0:34:35  ETA 0:26:41
2026-10-05 18:05:31   56.50%  56,500,000 / 100,000,000 packets  elapsed 0:34:37  ETA 0:26:39
2026-10-05 18:05:32   56.55%  56,550,000 / 100,000,000 packets  elapsed 0:34:39  ETA 0:26:37
2026-10-05 18:05:34   56.60%  56,600,000 / 100,000,000 packets  elapsed 0:34:41  ETA 0:26:35
2026-10-05 18:05:36   56.65%  56,650,000 / 100,000,000 packets  elapsed 0:34:42  ETA 0:26:33
2026-10-05 18:05:38   56.70%  56,700,000 / 100,000,000 packets  elapsed 0:34:44  ETA 0:26:32
2026-10-05 18:05:40   56.75%  56,750,000 / 100,000,000 packets  elapsed 0:34:46  ETA 0:26:30
2026-10-05 18:05:42   56.80%  56,800,000 / 100,000,000 packets  elapsed 0:34:48  ETA 0:26:28
2026-10-05 18:05:43   56.85%  56,850,000 / 100,000,000 packets  elapsed 0:34:50  ETA 0:26:26
2026-10-05 18:05:45   56.90%  56,900,000 / 100,000,000 packets  elapsed 0:34:51  ETA 0:26:24
2026-10-05 18:05:47   56.95%  56,950,000 / 100,000,000 packets  elapsed 0:34:53  ETA 0:26:22
2026-10-05 18:05:49   57.00%  57,000,000 / 100,000,000 packets  elapsed 0:34:55  ETA 0:26:21
2026-10-05 18:05:51   57.05%  57,050,000 / 100,000,000 packets  elapsed 0:34:57  ETA 0:26:19
2026-10-05 18:05:53   57.10%  57,100,000 / 100,000,000 packets  elapsed 0:34:59  ETA 0:26:17
2026-10-05 18:05:54   57.15%  57,150,000 / 100,000,000 packets  elapsed 0:35:01  ETA 0:26:15
2026-10-05 18:05:56   57.20%  57,200,000 / 100,000,000 packets  elapsed 0:35:02  ETA 0:26:13
2026-10-05 18:05:58   57.25%  57,250,000 / 100,000,000 packets  elapsed 0:35:04  ETA 0:26:11
2026-10-05 18:06:00   57.30%  57,300,000 / 100,000,000 packets  elapsed 0:35:06  ETA 0:26:09
2026-10-05 18:06:02   57.35%  57,350,000 / 100,000,000 packets  elapsed 0:35:08  ETA 0:26:08
2026-10-05 18:06:04   57.40%  57,400,000 / 100,000,000 packets  elapsed 0:35:10  ETA 0:26:06
2026-10-05 18:06:05   57.45%  57,450,000 / 100,000,000 packets  elapsed 0:35:12  ETA 0:26:04
2026-10-05 18:06:07   57.50%  57,500,000 / 100,000,000 packets  elapsed 0:35:13  ETA 0:26:02
2026-10-05 18:06:09   57.55%  57,550,000 / 100,000,000 packets  elapsed 0:35:15  ETA 0:26:00
2026-10-05 18:06:11   57.60%  57,600,000 / 100,000,000 packets  elapsed 0:35:17  ETA 0:25:58
2026-10-05 18:06:13   57.65%  57,650,000 / 100,000,000 packets  elapsed 0:35:19  ETA 0:25:57
2026-10-05 18:06:15   57.70%  57,700,000 / 100,000,000 packets  elapsed 0:35:21  ETA 0:25:55
2026-10-05 18:06:16   57.75%  57,750,000 / 100,000,000 packets  elapsed 0:35:23  ETA 0:25:53
2026-10-05 18:06:18   57.80%  57,800,000 / 100,000,000 packets  elapsed 0:35:24  ETA 0:25:51
2026-10-05 18:06:20   57.85%  57,850,000 / 100,000,000 packets  elapsed 0:35:26  ETA 0:25:49
2026-10-05 18:06:22   57.90%  57,900,000 / 100,000,000 packets  elapsed 0:35:28  ETA 0:25:47
2026-10-05 18:06:24   57.95%  57,950,000 / 100,000,000 packets  elapsed 0:35:30  ETA 0:25:46
2026-10-05 18:06:26   58.00%  58,000,000 / 100,000,000 packets  elapsed 0:35:32  ETA 0:25:44
2026-10-05 18:06:27   58.05%  58,050,000 / 100,000,000 packets  elapsed 0:35:34  ETA 0:25:42
2026-10-05 18:06:29   58.10%  58,100,000 / 100,000,000 packets  elapsed 0:35:35  ETA 0:25:40
2026-10-05 18:06:31   58.15%  58,150,000 / 100,000,000 packets  elapsed 0:35:37  ETA 0:25:38
2026-10-05 18:06:33   58.20%  58,200,000 / 100,000,000 packets  elapsed 0:35:39  ETA 0:25:36
2026-10-05 18:06:35   58.25%  58,250,000 / 100,000,000 packets  elapsed 0:35:41  ETA 0:25:34
2026-10-05 18:06:36   58.30%  58,300,000 / 100,000,000 packets  elapsed 0:35:43  ETA 0:25:33
2026-10-05 18:06:38   58.35%  58,350,000 / 100,000,000 packets  elapsed 0:35:45  ETA 0:25:31
2026-10-05 18:06:40   58.40%  58,400,000 / 100,000,000 packets  elapsed 0:35:46  ETA 0:25:29
2026-10-05 18:06:42   58.45%  58,450,000 / 100,000,000 packets  elapsed 0:35:48  ETA 0:25:27
2026-10-05 18:06:44   58.50%  58,500,000 / 100,000,000 packets  elapsed 0:35:50  ETA 0:25:25
2026-10-05 18:06:46   58.55%  58,550,000 / 100,000,000 packets  elapsed 0:35:52  ETA 0:25:23
2026-10-05 18:06:47   58.60%  58,600,000 / 100,000,000 packets  elapsed 0:35:54  ETA 0:25:22
2026-10-05 18:06:49   58.65%  58,650,000 / 100,000,000 packets  elapsed 0:35:56  ETA 0:25:20
2026-10-05 18:06:51   58.70%  58,700,000 / 100,000,000 packets  elapsed 0:35:57  ETA 0:25:18
2026-10-05 18:06:53   58.75%  58,750,000 / 100,000,000 packets  elapsed 0:35:59  ETA 0:25:16
2026-10-05 18:06:55   58.80%  58,800,000 / 100,000,000 packets  elapsed 0:36:01  ETA 0:25:14
2026-10-05 18:06:57   58.85%  58,850,000 / 100,000,000 packets  elapsed 0:36:03  ETA 0:25:12
2026-10-05 18:06:58   58.90%  58,900,000 / 100,000,000 packets  elapsed 0:36:05  ETA 0:25:11
2026-10-05 18:07:00   58.95%  58,950,000 / 100,000,000 packets  elapsed 0:36:07  ETA 0:25:09
2026-10-05 18:07:02   59.00%  59,000,000 / 100,000,000 packets  elapsed 0:36:08  ETA 0:25:07
2026-10-05 18:07:04   59.05%  59,050,000 / 100,000,000 packets  elapsed 0:36:10  ETA 0:25:05
2026-10-05 18:07:06   59.10%  59,100,000 / 100,000,000 packets  elapsed 0:36:12  ETA 0:25:03
2026-10-05 18:07:08   59.15%  59,150,000 / 100,000,000 packets  elapsed 0:36:14  ETA 0:25:01
2026-10-05 18:07:09   59.20%  59,200,000 / 100,000,000 packets  elapsed 0:36:16  ETA 0:24:59
2026-10-05 18:07:11   59.25%  59,250,000 / 100,000,000 packets  elapsed 0:36:18  ETA 0:24:58
2026-10-05 18:07:13   59.30%  59,300,000 / 100,000,000 packets  elapsed 0:36:19  ETA 0:24:56
2026-10-05 18:07:15   59.35%  59,350,000 / 100,000,000 packets  elapsed 0:36:21  ETA 0:24:54
2026-10-05 18:07:17   59.40%  59,400,000 / 100,000,000 packets  elapsed 0:36:23  ETA 0:24:52
2026-10-05 18:07:19   59.45%  59,450,000 / 100,000,000 packets  elapsed 0:36:25  ETA 0:24:50
2026-10-05 18:07:20   59.50%  59,500,000 / 100,000,000 packets  elapsed 0:36:27  ETA 0:24:48
2026-10-05 18:07:22   59.55%  59,550,000 / 100,000,000 packets  elapsed 0:36:29  ETA 0:24:47
2026-10-05 18:07:24   59.60%  59,600,000 / 100,000,000 packets  elapsed 0:36:30  ETA 0:24:45
2026-10-05 18:07:26   59.65%  59,650,000 / 100,000,000 packets  elapsed 0:36:32  ETA 0:24:43
2026-10-05 18:07:28   59.70%  59,700,000 / 100,000,000 packets  elapsed 0:36:34  ETA 0:24:41
2026-10-05 18:07:30   59.75%  59,750,000 / 100,000,000 packets  elapsed 0:36:36  ETA 0:24:39
2026-10-05 18:07:31   59.80%  59,800,000 / 100,000,000 packets  elapsed 0:36:38  ETA 0:24:37
2026-10-05 18:07:33   59.85%  59,850,000 / 100,000,000 packets  elapsed 0:36:39  ETA 0:24:36
2026-10-05 18:07:35   59.90%  59,900,000 / 100,000,000 packets  elapsed 0:36:41  ETA 0:24:34
2026-10-05 18:07:37   59.95%  59,950,000 / 100,000,000 packets  elapsed 0:36:43  ETA 0:24:32
2026-10-05 18:07:39   60.00%  60,000,000 / 100,000,000 packets  elapsed 0:36:45  ETA 0:24:30
2026-10-05 18:07:41   60.05%  60,050,000 / 100,000,000 packets  elapsed 0:36:47  ETA 0:24:28
2026-10-05 18:07:42   60.10%  60,100,000 / 100,000,000 packets  elapsed 0:36:49  ETA 0:24:26
2026-10-05 18:07:44   60.15%  60,150,000 / 100,000,000 packets  elapsed 0:36:50  ETA 0:24:24
2026-10-05 18:07:46   60.20%  60,200,000 / 100,000,000 packets  elapsed 0:36:52  ETA 0:24:23
2026-10-05 18:07:48   60.25%  60,250,000 / 100,000,000 packets  elapsed 0:36:54  ETA 0:24:21
2026-10-05 18:07:50   60.30%  60,300,000 / 100,000,000 packets  elapsed 0:36:56  ETA 0:24:19
2026-10-05 18:07:52   60.35%  60,350,000 / 100,000,000 packets  elapsed 0:36:58  ETA 0:24:17
2026-10-05 18:07:53   60.40%  60,400,000 / 100,000,000 packets  elapsed 0:37:00  ETA 0:24:15
2026-10-05 18:07:55   60.45%  60,450,000 / 100,000,000 packets  elapsed 0:37:01  ETA 0:24:13
2026-10-05 18:07:57   60.50%  60,500,000 / 100,000,000 packets  elapsed 0:37:03  ETA 0:24:12
2026-10-05 18:07:59   60.55%  60,550,000 / 100,000,000 packets  elapsed 0:37:05  ETA 0:24:10
2026-10-05 18:08:01   60.60%  60,600,000 / 100,000,000 packets  elapsed 0:37:07  ETA 0:24:08
2026-10-05 18:08:03   60.65%  60,650,000 / 100,000,000 packets  elapsed 0:37:09  ETA 0:24:06
2026-10-05 18:08:04   60.70%  60,700,000 / 100,000,000 packets  elapsed 0:37:11  ETA 0:24:04
2026-10-05 18:08:06   60.75%  60,750,000 / 100,000,000 packets  elapsed 0:37:12  ETA 0:24:02
2026-10-05 18:08:08   60.80%  60,800,000 / 100,000,000 packets  elapsed 0:37:14  ETA 0:24:00
2026-10-05 18:08:10   60.85%  60,850,000 / 100,000,000 packets  elapsed 0:37:16  ETA 0:23:59
2026-10-05 18:08:12   60.90%  60,900,000 / 100,000,000 packets  elapsed 0:37:18  ETA 0:23:57
2026-10-05 18:08:13   60.95%  60,950,000 / 100,000,000 packets  elapsed 0:37:20  ETA 0:23:55
2026-10-05 18:08:15   61.00%  61,000,000 / 100,000,000 packets  elapsed 0:37:22  ETA 0:23:53
2026-10-05 18:08:17   61.05%  61,050,000 / 100,000,000 packets  elapsed 0:37:23  ETA 0:23:51
2026-10-05 18:08:19   61.10%  61,100,000 / 100,000,000 packets  elapsed 0:37:25  ETA 0:23:49
2026-10-05 18:08:21   61.15%  61,150,000 / 100,000,000 packets  elapsed 0:37:27  ETA 0:23:48
2026-10-05 18:08:23   61.20%  61,200,000 / 100,000,000 packets  elapsed 0:37:29  ETA 0:23:46
2026-10-05 18:08:24   61.25%  61,250,000 / 100,000,000 packets  elapsed 0:37:31  ETA 0:23:44
2026-10-05 18:08:26   61.30%  61,300,000 / 100,000,000 packets  elapsed 0:37:33  ETA 0:23:42
2026-10-05 18:08:28   61.35%  61,350,000 / 100,000,000 packets  elapsed 0:37:34  ETA 0:23:40
2026-10-05 18:08:30   61.40%  61,400,000 / 100,000,000 packets  elapsed 0:37:36  ETA 0:23:38
2026-10-05 18:08:32   61.45%  61,450,000 / 100,000,000 packets  elapsed 0:37:38  ETA 0:23:37
2026-10-05 18:08:34   61.50%  61,500,000 / 100,000,000 packets  elapsed 0:37:40  ETA 0:23:35
2026-10-05 18:08:35   61.55%  61,550,000 / 100,000,000 packets  elapsed 0:37:42  ETA 0:23:33
2026-10-05 18:08:37   61.60%  61,600,000 / 100,000,000 packets  elapsed 0:37:43  ETA 0:23:31
2026-10-05 18:08:39   61.65%  61,650,000 / 100,000,000 packets  elapsed 0:37:45  ETA 0:23:29
2026-10-05 18:08:41   61.70%  61,700,000 / 100,000,000 packets  elapsed 0:37:47  ETA 0:23:27
2026-10-05 18:08:43   61.75%  61,750,000 / 100,000,000 packets  elapsed 0:37:49  ETA 0:23:25
2026-10-05 18:08:45   61.80%  61,800,000 / 100,000,000 packets  elapsed 0:37:51  ETA 0:23:24
2026-10-05 18:08:46   61.85%  61,850,000 / 100,000,000 packets  elapsed 0:37:53  ETA 0:23:22
2026-10-05 18:08:48   61.90%  61,900,000 / 100,000,000 packets  elapsed 0:37:54  ETA 0:23:20
2026-10-05 18:08:50   61.95%  61,950,000 / 100,000,000 packets  elapsed 0:37:56  ETA 0:23:18
2026-10-05 18:08:52   62.00%  62,000,000 / 100,000,000 packets  elapsed 0:37:58  ETA 0:23:16
2026-10-05 18:08:54   62.05%  62,050,000 / 100,000,000 packets  elapsed 0:38:00  ETA 0:23:14
2026-10-05 18:08:56   62.10%  62,100,000 / 100,000,000 packets  elapsed 0:38:02  ETA 0:23:13
2026-10-05 18:08:57   62.15%  62,150,000 / 100,000,000 packets  elapsed 0:38:04  ETA 0:23:11
2026-10-05 18:08:59   62.20%  62,200,000 / 100,000,000 packets  elapsed 0:38:05  ETA 0:23:09
2026-10-05 18:09:01   62.25%  62,250,000 / 100,000,000 packets  elapsed 0:38:07  ETA 0:23:07
2026-10-05 18:09:03   62.30%  62,300,000 / 100,000,000 packets  elapsed 0:38:09  ETA 0:23:05
2026-10-05 18:09:05   62.35%  62,350,000 / 100,000,000 packets  elapsed 0:38:11  ETA 0:23:03
2026-10-05 18:09:07   62.40%  62,400,000 / 100,000,000 packets  elapsed 0:38:13  ETA 0:23:02
2026-10-05 18:09:08   62.45%  62,450,000 / 100,000,000 packets  elapsed 0:38:15  ETA 0:23:00
2026-10-05 18:09:10   62.50%  62,500,000 / 100,000,000 packets  elapsed 0:38:16  ETA 0:22:58
2026-10-05 18:09:12   62.55%  62,550,000 / 100,000,000 packets  elapsed 0:38:18  ETA 0:22:56
2026-10-05 18:09:14   62.60%  62,600,000 / 100,000,000 packets  elapsed 0:38:20  ETA 0:22:54
2026-10-05 18:09:16   62.65%  62,650,000 / 100,000,000 packets  elapsed 0:38:22  ETA 0:22:52
2026-10-05 18:09:17   62.70%  62,700,000 / 100,000,000 packets  elapsed 0:38:24  ETA 0:22:50
2026-10-05 18:09:19   62.75%  62,750,000 / 100,000,000 packets  elapsed 0:38:26  ETA 0:22:49
2026-10-05 18:09:21   62.80%  62,800,000 / 100,000,000 packets  elapsed 0:38:27  ETA 0:22:47
2026-10-05 18:09:23   62.85%  62,850,000 / 100,000,000 packets  elapsed 0:38:29  ETA 0:22:45
2026-10-05 18:09:25   62.90%  62,900,000 / 100,000,000 packets  elapsed 0:38:31  ETA 0:22:43
2026-10-05 18:09:27   62.95%  62,950,000 / 100,000,000 packets  elapsed 0:38:33  ETA 0:22:41
2026-10-05 18:09:28   63.00%  63,000,000 / 100,000,000 packets  elapsed 0:38:35  ETA 0:22:39
2026-10-05 18:09:30   63.05%  63,050,000 / 100,000,000 packets  elapsed 0:38:37  ETA 0:22:38
2026-10-05 18:09:32   63.10%  63,100,000 / 100,000,000 packets  elapsed 0:38:38  ETA 0:22:36
2026-10-05 18:09:34   63.15%  63,150,000 / 100,000,000 packets  elapsed 0:38:40  ETA 0:22:34
2026-10-05 18:09:36   63.20%  63,200,000 / 100,000,000 packets  elapsed 0:38:42  ETA 0:22:32
2026-10-05 18:09:38   63.25%  63,250,000 / 100,000,000 packets  elapsed 0:38:44  ETA 0:22:30
2026-10-05 18:09:39   63.30%  63,300,000 / 100,000,000 packets  elapsed 0:38:46  ETA 0:22:28
2026-10-05 18:09:41   63.35%  63,350,000 / 100,000,000 packets  elapsed 0:38:47  ETA 0:22:27
2026-10-05 18:09:43   63.40%  63,400,000 / 100,000,000 packets  elapsed 0:38:49  ETA 0:22:25
2026-10-05 18:09:45   63.45%  63,450,000 / 100,000,000 packets  elapsed 0:38:51  ETA 0:22:23
2026-10-05 18:09:47   63.50%  63,500,000 / 100,000,000 packets  elapsed 0:38:53  ETA 0:22:21
2026-10-05 18:09:49   63.55%  63,550,000 / 100,000,000 packets  elapsed 0:38:55  ETA 0:22:19
2026-10-05 18:09:50   63.60%  63,600,000 / 100,000,000 packets  elapsed 0:38:57  ETA 0:22:17
2026-10-05 18:09:52   63.65%  63,650,000 / 100,000,000 packets  elapsed 0:38:58  ETA 0:22:15
2026-10-05 18:09:54   63.70%  63,700,000 / 100,000,000 packets  elapsed 0:39:00  ETA 0:22:14
2026-10-05 18:09:56   63.75%  63,750,000 / 100,000,000 packets  elapsed 0:39:02  ETA 0:22:12
2026-10-05 18:09:58   63.80%  63,800,000 / 100,000,000 packets  elapsed 0:39:04  ETA 0:22:10
2026-10-05 18:10:00   63.85%  63,850,000 / 100,000,000 packets  elapsed 0:39:06  ETA 0:22:08
2026-10-05 18:10:01   63.90%  63,900,000 / 100,000,000 packets  elapsed 0:39:08  ETA 0:22:06
2026-10-05 18:10:03   63.95%  63,950,000 / 100,000,000 packets  elapsed 0:39:09  ETA 0:22:04
2026-10-05 18:10:05   64.00%  64,000,000 / 100,000,000 packets  elapsed 0:39:11  ETA 0:22:03
2026-10-05 18:10:07   64.05%  64,050,000 / 100,000,000 packets  elapsed 0:39:13  ETA 0:22:01
2026-10-05 18:10:09   64.10%  64,100,000 / 100,000,000 packets  elapsed 0:39:15  ETA 0:21:59
2026-10-05 18:10:11   64.15%  64,150,000 / 100,000,000 packets  elapsed 0:39:17  ETA 0:21:57
2026-10-05 18:10:12   64.20%  64,200,000 / 100,000,000 packets  elapsed 0:39:19  ETA 0:21:55
2026-10-05 18:10:14   64.25%  64,250,000 / 100,000,000 packets  elapsed 0:39:20  ETA 0:21:53
2026-10-05 18:10:16   64.30%  64,300,000 / 100,000,000 packets  elapsed 0:39:22  ETA 0:21:52
2026-10-05 18:10:18   64.35%  64,350,000 / 100,000,000 packets  elapsed 0:39:24  ETA 0:21:50
2026-10-05 18:10:20   64.40%  64,400,000 / 100,000,000 packets  elapsed 0:39:26  ETA 0:21:48
2026-10-05 18:10:22   64.45%  64,450,000 / 100,000,000 packets  elapsed 0:39:28  ETA 0:21:46
2026-10-05 18:10:23   64.50%  64,500,000 / 100,000,000 packets  elapsed 0:39:30  ETA 0:21:44
2026-10-05 18:10:25   64.55%  64,550,000 / 100,000,000 packets  elapsed 0:39:31  ETA 0:21:42
2026-10-05 18:10:27   64.60%  64,600,000 / 100,000,000 packets  elapsed 0:39:33  ETA 0:21:40
2026-10-05 18:10:29   64.65%  64,650,000 / 100,000,000 packets  elapsed 0:39:35  ETA 0:21:39
2026-10-05 18:10:31   64.70%  64,700,000 / 100,000,000 packets  elapsed 0:39:37  ETA 0:21:37
2026-10-05 18:10:32   64.75%  64,750,000 / 100,000,000 packets  elapsed 0:39:39  ETA 0:21:35
2026-10-05 18:10:34   64.80%  64,800,000 / 100,000,000 packets  elapsed 0:39:41  ETA 0:21:33
2026-10-05 18:10:36   64.85%  64,850,000 / 100,000,000 packets  elapsed 0:39:42  ETA 0:21:31
2026-10-05 18:10:38   64.90%  64,900,000 / 100,000,000 packets  elapsed 0:39:44  ETA 0:21:29
2026-10-05 18:10:40   64.95%  64,950,000 / 100,000,000 packets  elapsed 0:39:46  ETA 0:21:28
2026-10-05 18:10:42   65.00%  65,000,000 / 100,000,000 packets  elapsed 0:39:48  ETA 0:21:26
2026-10-05 18:10:44   65.05%  65,050,000 / 100,000,000 packets  elapsed 0:39:50  ETA 0:21:24
2026-10-05 18:10:45   65.10%  65,100,000 / 100,000,000 packets  elapsed 0:39:52  ETA 0:21:22
2026-10-05 18:10:47   65.15%  65,150,000 / 100,000,000 packets  elapsed 0:39:53  ETA 0:21:20
2026-10-05 18:10:49   65.20%  65,200,000 / 100,000,000 packets  elapsed 0:39:55  ETA 0:21:18
2026-10-05 18:10:51   65.25%  65,250,000 / 100,000,000 packets  elapsed 0:39:57  ETA 0:21:17
2026-10-05 18:10:53   65.30%  65,300,000 / 100,000,000 packets  elapsed 0:39:59  ETA 0:21:15
2026-10-05 18:10:55   65.35%  65,350,000 / 100,000,000 packets  elapsed 0:40:01  ETA 0:21:13
2026-10-05 18:10:56   65.40%  65,400,000 / 100,000,000 packets  elapsed 0:40:03  ETA 0:21:11
2026-10-05 18:10:58   65.45%  65,450,000 / 100,000,000 packets  elapsed 0:40:04  ETA 0:21:09
2026-10-05 18:11:00   65.50%  65,500,000 / 100,000,000 packets  elapsed 0:40:06  ETA 0:21:07
2026-10-05 18:11:02   65.55%  65,550,000 / 100,000,000 packets  elapsed 0:40:08  ETA 0:21:06
2026-10-05 18:11:04   65.60%  65,600,000 / 100,000,000 packets  elapsed 0:40:10  ETA 0:21:04
2026-10-05 18:11:05   65.65%  65,650,000 / 100,000,000 packets  elapsed 0:40:12  ETA 0:21:02
2026-10-05 18:11:07   65.70%  65,700,000 / 100,000,000 packets  elapsed 0:40:14  ETA 0:21:00
2026-10-05 18:11:09   65.75%  65,750,000 / 100,000,000 packets  elapsed 0:40:15  ETA 0:20:58
2026-10-05 18:11:11   65.80%  65,800,000 / 100,000,000 packets  elapsed 0:40:17  ETA 0:20:56
2026-10-05 18:11:13   65.85%  65,850,000 / 100,000,000 packets  elapsed 0:40:19  ETA 0:20:55
2026-10-05 18:11:15   65.90%  65,900,000 / 100,000,000 packets  elapsed 0:40:21  ETA 0:20:53
2026-10-05 18:11:16   65.95%  65,950,000 / 100,000,000 packets  elapsed 0:40:23  ETA 0:20:51
2026-10-05 18:11:18   66.00%  66,000,000 / 100,000,000 packets  elapsed 0:40:25  ETA 0:20:49
2026-10-05 18:11:20   66.05%  66,050,000 / 100,000,000 packets  elapsed 0:40:26  ETA 0:20:47
2026-10-05 18:11:22   66.10%  66,100,000 / 100,000,000 packets  elapsed 0:40:28  ETA 0:20:45
2026-10-05 18:11:24   66.15%  66,150,000 / 100,000,000 packets  elapsed 0:40:30  ETA 0:20:43
2026-10-05 18:11:26   66.20%  66,200,000 / 100,000,000 packets  elapsed 0:40:32  ETA 0:20:42
2026-10-05 18:11:27   66.25%  66,250,000 / 100,000,000 packets  elapsed 0:40:34  ETA 0:20:40
2026-10-05 18:11:29   66.30%  66,300,000 / 100,000,000 packets  elapsed 0:40:35  ETA 0:20:38
2026-10-05 18:11:31   66.35%  66,350,000 / 100,000,000 packets  elapsed 0:40:37  ETA 0:20:36
2026-10-05 18:11:33   66.40%  66,400,000 / 100,000,000 packets  elapsed 0:40:39  ETA 0:20:34
2026-10-05 18:11:35   66.45%  66,450,000 / 100,000,000 packets  elapsed 0:40:41  ETA 0:20:32
2026-10-05 18:11:37   66.50%  66,500,000 / 100,000,000 packets  elapsed 0:40:43  ETA 0:20:31
2026-10-05 18:11:38   66.55%  66,550,000 / 100,000,000 packets  elapsed 0:40:45  ETA 0:20:29
2026-10-05 18:11:40   66.60%  66,600,000 / 100,000,000 packets  elapsed 0:40:46  ETA 0:20:27
2026-10-05 18:11:42   66.65%  66,650,000 / 100,000,000 packets  elapsed 0:40:48  ETA 0:20:25
2026-10-05 18:11:44   66.70%  66,700,000 / 100,000,000 packets  elapsed 0:40:50  ETA 0:20:23
2026-10-05 18:11:46   66.75%  66,750,000 / 100,000,000 packets  elapsed 0:40:52  ETA 0:20:21
2026-10-05 18:11:48   66.80%  66,800,000 / 100,000,000 packets  elapsed 0:40:54  ETA 0:20:20
2026-10-05 18:11:49   66.85%  66,850,000 / 100,000,000 packets  elapsed 0:40:56  ETA 0:20:18
2026-10-05 18:11:51   66.90%  66,900,000 / 100,000,000 packets  elapsed 0:40:57  ETA 0:20:16
2026-10-05 18:11:53   66.95%  66,950,000 / 100,000,000 packets  elapsed 0:40:59  ETA 0:20:14
2026-10-05 18:11:55   67.00%  67,000,000 / 100,000,000 packets  elapsed 0:41:01  ETA 0:20:12
2026-10-05 18:11:57   67.05%  67,050,000 / 100,000,000 packets  elapsed 0:41:03  ETA 0:20:10
2026-10-05 18:11:59   67.10%  67,100,000 / 100,000,000 packets  elapsed 0:41:05  ETA 0:20:09
2026-10-05 18:12:01   67.15%  67,150,000 / 100,000,000 packets  elapsed 0:41:07  ETA 0:20:07
2026-10-05 18:12:02   67.20%  67,200,000 / 100,000,000 packets  elapsed 0:41:09  ETA 0:20:05
2026-10-05 18:12:04   67.25%  67,250,000 / 100,000,000 packets  elapsed 0:41:10  ETA 0:20:03
2026-10-05 18:12:06   67.30%  67,300,000 / 100,000,000 packets  elapsed 0:41:12  ETA 0:20:01
2026-10-05 18:12:08   67.35%  67,350,000 / 100,000,000 packets  elapsed 0:41:14  ETA 0:19:59
2026-10-05 18:12:10   67.40%  67,400,000 / 100,000,000 packets  elapsed 0:41:16  ETA 0:19:58
2026-10-05 18:12:11   67.45%  67,450,000 / 100,000,000 packets  elapsed 0:41:18  ETA 0:19:56
2026-10-05 18:12:13   67.50%  67,500,000 / 100,000,000 packets  elapsed 0:41:20  ETA 0:19:54
2026-10-05 18:12:15   67.55%  67,550,000 / 100,000,000 packets  elapsed 0:41:21  ETA 0:19:52
2026-10-05 18:12:17   67.60%  67,600,000 / 100,000,000 packets  elapsed 0:41:23  ETA 0:19:50
2026-10-05 18:12:19   67.65%  67,650,000 / 100,000,000 packets  elapsed 0:41:25  ETA 0:19:48
2026-10-05 18:12:21   67.70%  67,700,000 / 100,000,000 packets  elapsed 0:41:27  ETA 0:19:46
2026-10-05 18:12:22   67.75%  67,750,000 / 100,000,000 packets  elapsed 0:41:29  ETA 0:19:45
2026-10-05 18:12:24   67.80%  67,800,000 / 100,000,000 packets  elapsed 0:41:31  ETA 0:19:43
2026-10-05 18:12:26   67.85%  67,850,000 / 100,000,000 packets  elapsed 0:41:32  ETA 0:19:41
2026-10-05 18:12:28   67.90%  67,900,000 / 100,000,000 packets  elapsed 0:41:34  ETA 0:19:39
2026-10-05 18:12:30   67.95%  67,950,000 / 100,000,000 packets  elapsed 0:41:36  ETA 0:19:37
2026-10-05 18:12:32   68.00%  68,000,000 / 100,000,000 packets  elapsed 0:41:38  ETA 0:19:35
2026-10-05 18:12:33   68.05%  68,050,000 / 100,000,000 packets  elapsed 0:41:40  ETA 0:19:34
2026-10-05 18:12:35   68.10%  68,100,000 / 100,000,000 packets  elapsed 0:41:41  ETA 0:19:32
2026-10-05 18:12:37   68.15%  68,150,000 / 100,000,000 packets  elapsed 0:41:43  ETA 0:19:30
2026-10-05 18:12:39   68.20%  68,200,000 / 100,000,000 packets  elapsed 0:41:45  ETA 0:19:28
2026-10-05 18:12:41   68.25%  68,250,000 / 100,000,000 packets  elapsed 0:41:47  ETA 0:19:26
2026-10-05 18:12:43   68.30%  68,300,000 / 100,000,000 packets  elapsed 0:41:49  ETA 0:19:24
2026-10-05 18:12:44   68.35%  68,350,000 / 100,000,000 packets  elapsed 0:41:51  ETA 0:19:23
2026-10-05 18:12:46   68.40%  68,400,000 / 100,000,000 packets  elapsed 0:41:52  ETA 0:19:21
2026-10-05 18:12:48   68.45%  68,450,000 / 100,000,000 packets  elapsed 0:41:54  ETA 0:19:19
2026-10-05 18:12:50   68.50%  68,500,000 / 100,000,000 packets  elapsed 0:41:56  ETA 0:19:17
2026-10-05 18:12:52   68.55%  68,550,000 / 100,000,000 packets  elapsed 0:41:58  ETA 0:19:15
2026-10-05 18:12:54   68.60%  68,600,000 / 100,000,000 packets  elapsed 0:42:00  ETA 0:19:13
2026-10-05 18:12:55   68.65%  68,650,000 / 100,000,000 packets  elapsed 0:42:02  ETA 0:19:12
2026-10-05 18:12:57   68.70%  68,700,000 / 100,000,000 packets  elapsed 0:42:03  ETA 0:19:10
2026-10-05 18:12:59   68.75%  68,750,000 / 100,000,000 packets  elapsed 0:42:05  ETA 0:19:08
2026-10-05 18:13:01   68.80%  68,800,000 / 100,000,000 packets  elapsed 0:42:07  ETA 0:19:06
2026-10-05 18:13:03   68.85%  68,850,000 / 100,000,000 packets  elapsed 0:42:09  ETA 0:19:04
2026-10-05 18:13:05   68.90%  68,900,000 / 100,000,000 packets  elapsed 0:42:11  ETA 0:19:02
2026-10-05 18:13:06   68.95%  68,950,000 / 100,000,000 packets  elapsed 0:42:13  ETA 0:19:00
2026-10-05 18:13:08   69.00%  69,000,000 / 100,000,000 packets  elapsed 0:42:14  ETA 0:18:59
2026-10-05 18:13:10   69.05%  69,050,000 / 100,000,000 packets  elapsed 0:42:16  ETA 0:18:57
2026-10-05 18:13:12   69.10%  69,100,000 / 100,000,000 packets  elapsed 0:42:18  ETA 0:18:55
2026-10-05 18:13:14   69.15%  69,150,000 / 100,000,000 packets  elapsed 0:42:20  ETA 0:18:53
2026-10-05 18:13:15   69.20%  69,200,000 / 100,000,000 packets  elapsed 0:42:22  ETA 0:18:51
2026-10-05 18:13:17   69.25%  69,250,000 / 100,000,000 packets  elapsed 0:42:24  ETA 0:18:49
2026-10-05 18:13:19   69.30%  69,300,000 / 100,000,000 packets  elapsed 0:42:25  ETA 0:18:48
2026-10-05 18:13:21   69.35%  69,350,000 / 100,000,000 packets  elapsed 0:42:27  ETA 0:18:46
2026-10-05 18:13:23   69.40%  69,400,000 / 100,000,000 packets  elapsed 0:42:29  ETA 0:18:44
2026-10-05 18:13:25   69.45%  69,450,000 / 100,000,000 packets  elapsed 0:42:31  ETA 0:18:42
2026-10-05 18:13:26   69.50%  69,500,000 / 100,000,000 packets  elapsed 0:42:33  ETA 0:18:40
2026-10-05 18:13:28   69.55%  69,550,000 / 100,000,000 packets  elapsed 0:42:35  ETA 0:18:38
2026-10-05 18:13:30   69.60%  69,600,000 / 100,000,000 packets  elapsed 0:42:36  ETA 0:18:37
2026-10-05 18:13:32   69.65%  69,650,000 / 100,000,000 packets  elapsed 0:42:38  ETA 0:18:35
2026-10-05 18:13:34   69.70%  69,700,000 / 100,000,000 packets  elapsed 0:42:40  ETA 0:18:33
2026-10-05 18:13:36   69.75%  69,750,000 / 100,000,000 packets  elapsed 0:42:42  ETA 0:18:31
2026-10-05 18:13:37   69.80%  69,800,000 / 100,000,000 packets  elapsed 0:42:44  ETA 0:18:29
2026-10-05 18:13:39   69.85%  69,850,000 / 100,000,000 packets  elapsed 0:42:45  ETA 0:18:27
2026-10-05 18:13:41   69.90%  69,900,000 / 100,000,000 packets  elapsed 0:42:47  ETA 0:18:26
2026-10-05 18:13:43   69.95%  69,950,000 / 100,000,000 packets  elapsed 0:42:49  ETA 0:18:24
2026-10-05 18:13:45   70.00%  70,000,000 / 100,000,000 packets  elapsed 0:42:51  ETA 0:18:22
2026-10-05 18:13:47   70.05%  70,050,000 / 100,000,000 packets  elapsed 0:42:53  ETA 0:18:20
2026-10-05 18:13:48   70.10%  70,100,000 / 100,000,000 packets  elapsed 0:42:55  ETA 0:18:18
2026-10-05 18:13:50   70.15%  70,150,000 / 100,000,000 packets  elapsed 0:42:56  ETA 0:18:16
2026-10-05 18:13:52   70.20%  70,200,000 / 100,000,000 packets  elapsed 0:42:58  ETA 0:18:14
2026-10-05 18:13:54   70.25%  70,250,000 / 100,000,000 packets  elapsed 0:43:00  ETA 0:18:13
2026-10-05 18:13:56   70.30%  70,300,000 / 100,000,000 packets  elapsed 0:43:02  ETA 0:18:11
2026-10-05 18:13:58   70.35%  70,350,000 / 100,000,000 packets  elapsed 0:43:04  ETA 0:18:09
2026-10-05 18:13:59   70.40%  70,400,000 / 100,000,000 packets  elapsed 0:43:06  ETA 0:18:07
2026-10-05 18:14:01   70.45%  70,450,000 / 100,000,000 packets  elapsed 0:43:07  ETA 0:18:05
2026-10-05 18:14:03   70.50%  70,500,000 / 100,000,000 packets  elapsed 0:43:09  ETA 0:18:03
2026-10-05 18:14:05   70.55%  70,550,000 / 100,000,000 packets  elapsed 0:43:11  ETA 0:18:02
2026-10-05 18:14:07   70.60%  70,600,000 / 100,000,000 packets  elapsed 0:43:13  ETA 0:18:00
2026-10-05 18:14:09   70.65%  70,650,000 / 100,000,000 packets  elapsed 0:43:15  ETA 0:17:58
2026-10-05 18:14:10   70.70%  70,700,000 / 100,000,000 packets  elapsed 0:43:17  ETA 0:17:56
2026-10-05 18:14:12   70.75%  70,750,000 / 100,000,000 packets  elapsed 0:43:18  ETA 0:17:54
2026-10-05 18:14:14   70.80%  70,800,000 / 100,000,000 packets  elapsed 0:43:20  ETA 0:17:52
2026-10-05 18:14:16   70.85%  70,850,000 / 100,000,000 packets  elapsed 0:43:22  ETA 0:17:51
2026-10-05 18:14:18   70.90%  70,900,000 / 100,000,000 packets  elapsed 0:43:24  ETA 0:17:49
2026-10-05 18:14:19   70.95%  70,950,000 / 100,000,000 packets  elapsed 0:43:26  ETA 0:17:47
2026-10-05 18:14:21   71.00%  71,000,000 / 100,000,000 packets  elapsed 0:43:28  ETA 0:17:45
2026-10-05 18:14:23   71.05%  71,050,000 / 100,000,000 packets  elapsed 0:43:29  ETA 0:17:43
2026-10-05 18:14:25   71.10%  71,100,000 / 100,000,000 packets  elapsed 0:43:31  ETA 0:17:41
2026-10-05 18:14:27   71.15%  71,150,000 / 100,000,000 packets  elapsed 0:43:33  ETA 0:17:40
2026-10-05 18:14:29   71.20%  71,200,000 / 100,000,000 packets  elapsed 0:43:35  ETA 0:17:38
2026-10-05 18:14:30   71.25%  71,250,000 / 100,000,000 packets  elapsed 0:43:37  ETA 0:17:36
2026-10-05 18:14:32   71.30%  71,300,000 / 100,000,000 packets  elapsed 0:43:39  ETA 0:17:34
2026-10-05 18:14:34   71.35%  71,350,000 / 100,000,000 packets  elapsed 0:43:40  ETA 0:17:32
2026-10-05 18:14:36   71.40%  71,400,000 / 100,000,000 packets  elapsed 0:43:42  ETA 0:17:30
2026-10-05 18:14:38   71.45%  71,450,000 / 100,000,000 packets  elapsed 0:43:44  ETA 0:17:29
2026-10-05 18:14:40   71.50%  71,500,000 / 100,000,000 packets  elapsed 0:43:46  ETA 0:17:27
2026-10-05 18:14:41   71.55%  71,550,000 / 100,000,000 packets  elapsed 0:43:48  ETA 0:17:25
2026-10-05 18:14:43   71.60%  71,600,000 / 100,000,000 packets  elapsed 0:43:49  ETA 0:17:23
2026-10-05 18:14:45   71.65%  71,650,000 / 100,000,000 packets  elapsed 0:43:51  ETA 0:17:21
2026-10-05 18:14:47   71.70%  71,700,000 / 100,000,000 packets  elapsed 0:43:53  ETA 0:17:19
2026-10-05 18:14:49   71.75%  71,750,000 / 100,000,000 packets  elapsed 0:43:55  ETA 0:17:17
2026-10-05 18:14:51   71.80%  71,800,000 / 100,000,000 packets  elapsed 0:43:57  ETA 0:17:16
2026-10-05 18:14:52   71.85%  71,850,000 / 100,000,000 packets  elapsed 0:43:59  ETA 0:17:14
2026-10-05 18:14:54   71.90%  71,900,000 / 100,000,000 packets  elapsed 0:44:00  ETA 0:17:12
2026-10-05 18:14:56   71.95%  71,950,000 / 100,000,000 packets  elapsed 0:44:02  ETA 0:17:10
2026-10-05 18:14:58   72.00%  72,000,000 / 100,000,000 packets  elapsed 0:44:04  ETA 0:17:08
2026-10-05 18:15:00   72.05%  72,050,000 / 100,000,000 packets  elapsed 0:44:06  ETA 0:17:06
2026-10-05 18:15:02   72.10%  72,100,000 / 100,000,000 packets  elapsed 0:44:08  ETA 0:17:05
2026-10-05 18:15:03   72.15%  72,150,000 / 100,000,000 packets  elapsed 0:44:10  ETA 0:17:03
2026-10-05 18:15:05   72.20%  72,200,000 / 100,000,000 packets  elapsed 0:44:11  ETA 0:17:01
2026-10-05 18:15:07   72.25%  72,250,000 / 100,000,000 packets  elapsed 0:44:13  ETA 0:16:59
2026-10-05 18:15:09   72.30%  72,300,000 / 100,000,000 packets  elapsed 0:44:15  ETA 0:16:57
2026-10-05 18:15:11   72.35%  72,350,000 / 100,000,000 packets  elapsed 0:44:17  ETA 0:16:55
2026-10-05 18:15:13   72.40%  72,400,000 / 100,000,000 packets  elapsed 0:44:19  ETA 0:16:54
2026-10-05 18:15:14   72.45%  72,450,000 / 100,000,000 packets  elapsed 0:44:21  ETA 0:16:52
2026-10-05 18:15:16   72.50%  72,500,000 / 100,000,000 packets  elapsed 0:44:22  ETA 0:16:50
2026-10-05 18:15:18   72.55%  72,550,000 / 100,000,000 packets  elapsed 0:44:24  ETA 0:16:48
2026-10-05 18:15:20   72.60%  72,600,000 / 100,000,000 packets  elapsed 0:44:26  ETA 0:16:46
2026-10-05 18:15:22   72.65%  72,650,000 / 100,000,000 packets  elapsed 0:44:28  ETA 0:16:44
2026-10-05 18:15:24   72.70%  72,700,000 / 100,000,000 packets  elapsed 0:44:30  ETA 0:16:43
2026-10-05 18:15:25   72.75%  72,750,000 / 100,000,000 packets  elapsed 0:44:32  ETA 0:16:41
2026-10-05 18:15:27   72.80%  72,800,000 / 100,000,000 packets  elapsed 0:44:33  ETA 0:16:39
2026-10-05 18:15:29   72.85%  72,850,000 / 100,000,000 packets  elapsed 0:44:35  ETA 0:16:37
2026-10-05 18:15:31   72.90%  72,900,000 / 100,000,000 packets  elapsed 0:44:37  ETA 0:16:35
2026-10-05 18:15:33   72.95%  72,950,000 / 100,000,000 packets  elapsed 0:44:39  ETA 0:16:33
2026-10-05 18:15:34   73.00%  73,000,000 / 100,000,000 packets  elapsed 0:44:41  ETA 0:16:31
2026-10-05 18:15:36   73.05%  73,050,000 / 100,000,000 packets  elapsed 0:44:43  ETA 0:16:30
2026-10-05 18:15:38   73.10%  73,100,000 / 100,000,000 packets  elapsed 0:44:44  ETA 0:16:28
2026-10-05 18:15:40   73.15%  73,150,000 / 100,000,000 packets  elapsed 0:44:46  ETA 0:16:26
2026-10-05 18:15:42   73.20%  73,200,000 / 100,000,000 packets  elapsed 0:44:48  ETA 0:16:24
2026-10-05 18:15:44   73.25%  73,250,000 / 100,000,000 packets  elapsed 0:44:50  ETA 0:16:22
2026-10-05 18:15:45   73.30%  73,300,000 / 100,000,000 packets  elapsed 0:44:52  ETA 0:16:20
2026-10-05 18:15:47   73.35%  73,350,000 / 100,000,000 packets  elapsed 0:44:54  ETA 0:16:19
2026-10-05 18:15:49   73.40%  73,400,000 / 100,000,000 packets  elapsed 0:44:55  ETA 0:16:17
2026-10-05 18:15:51   73.45%  73,450,000 / 100,000,000 packets  elapsed 0:44:57  ETA 0:16:15
2026-10-05 18:15:53   73.50%  73,500,000 / 100,000,000 packets  elapsed 0:44:59  ETA 0:16:13
2026-10-05 18:15:55   73.55%  73,550,000 / 100,000,000 packets  elapsed 0:45:01  ETA 0:16:11
2026-10-05 18:15:56   73.60%  73,600,000 / 100,000,000 packets  elapsed 0:45:03  ETA 0:16:09
2026-10-05 18:15:58   73.65%  73,650,000 / 100,000,000 packets  elapsed 0:45:04  ETA 0:16:08
2026-10-05 18:16:00   73.70%  73,700,000 / 100,000,000 packets  elapsed 0:45:06  ETA 0:16:06
2026-10-05 18:16:02   73.75%  73,750,000 / 100,000,000 packets  elapsed 0:45:08  ETA 0:16:04
2026-10-05 18:16:04   73.80%  73,800,000 / 100,000,000 packets  elapsed 0:45:10  ETA 0:16:02
2026-10-05 18:16:06   73.85%  73,850,000 / 100,000,000 packets  elapsed 0:45:12  ETA 0:16:00
2026-10-05 18:16:07   73.90%  73,900,000 / 100,000,000 packets  elapsed 0:45:14  ETA 0:15:58
2026-10-05 18:16:09   73.95%  73,950,000 / 100,000,000 packets  elapsed 0:45:15  ETA 0:15:57
2026-10-05 18:16:11   74.00%  74,000,000 / 100,000,000 packets  elapsed 0:45:17  ETA 0:15:55
2026-10-05 18:16:13   74.05%  74,050,000 / 100,000,000 packets  elapsed 0:45:19  ETA 0:15:53
2026-10-05 18:16:15   74.10%  74,100,000 / 100,000,000 packets  elapsed 0:45:21  ETA 0:15:51
2026-10-05 18:16:17   74.15%  74,150,000 / 100,000,000 packets  elapsed 0:45:23  ETA 0:15:49
2026-10-05 18:16:18   74.20%  74,200,000 / 100,000,000 packets  elapsed 0:45:25  ETA 0:15:47
2026-10-05 18:16:20   74.25%  74,250,000 / 100,000,000 packets  elapsed 0:45:26  ETA 0:15:46
2026-10-05 18:16:22   74.30%  74,300,000 / 100,000,000 packets  elapsed 0:45:28  ETA 0:15:44
2026-10-05 18:16:24   74.35%  74,350,000 / 100,000,000 packets  elapsed 0:45:30  ETA 0:15:42
2026-10-05 18:16:26   74.40%  74,400,000 / 100,000,000 packets  elapsed 0:45:32  ETA 0:15:40
2026-10-05 18:16:28   74.45%  74,450,000 / 100,000,000 packets  elapsed 0:45:34  ETA 0:15:38
2026-10-05 18:16:29   74.50%  74,500,000 / 100,000,000 packets  elapsed 0:45:36  ETA 0:15:36
2026-10-05 18:16:31   74.55%  74,550,000 / 100,000,000 packets  elapsed 0:45:37  ETA 0:15:34
2026-10-05 18:16:33   74.60%  74,600,000 / 100,000,000 packets  elapsed 0:45:39  ETA 0:15:33
2026-10-05 18:16:35   74.65%  74,650,000 / 100,000,000 packets  elapsed 0:45:41  ETA 0:15:31
2026-10-05 18:16:37   74.70%  74,700,000 / 100,000,000 packets  elapsed 0:45:43  ETA 0:15:29
2026-10-05 18:16:38   74.75%  74,750,000 / 100,000,000 packets  elapsed 0:45:45  ETA 0:15:27
2026-10-05 18:16:40   74.80%  74,800,000 / 100,000,000 packets  elapsed 0:45:47  ETA 0:15:25
2026-10-05 18:16:42   74.85%  74,850,000 / 100,000,000 packets  elapsed 0:45:48  ETA 0:15:23
2026-10-05 18:16:44   74.90%  74,900,000 / 100,000,000 packets  elapsed 0:45:50  ETA 0:15:22
2026-10-05 18:16:46   74.95%  74,950,000 / 100,000,000 packets  elapsed 0:45:52  ETA 0:15:20
2026-10-05 18:16:48   75.00%  75,000,000 / 100,000,000 packets  elapsed 0:45:54  ETA 0:15:18
2026-10-05 18:16:49   75.05%  75,050,000 / 100,000,000 packets  elapsed 0:45:56  ETA 0:15:16
2026-10-05 18:16:51   75.10%  75,100,000 / 100,000,000 packets  elapsed 0:45:58  ETA 0:15:14
2026-10-05 18:16:53   75.15%  75,150,000 / 100,000,000 packets  elapsed 0:45:59  ETA 0:15:12
2026-10-05 18:16:55   75.20%  75,200,000 / 100,000,000 packets  elapsed 0:46:01  ETA 0:15:11
2026-10-05 18:16:57   75.25%  75,250,000 / 100,000,000 packets  elapsed 0:46:03  ETA 0:15:09
2026-10-05 18:16:59   75.30%  75,300,000 / 100,000,000 packets  elapsed 0:46:05  ETA 0:15:07
2026-10-05 18:17:00   75.35%  75,350,000 / 100,000,000 packets  elapsed 0:46:07  ETA 0:15:05
2026-10-05 18:17:02   75.40%  75,400,000 / 100,000,000 packets  elapsed 0:46:08  ETA 0:15:03
2026-10-05 18:17:04   75.45%  75,450,000 / 100,000,000 packets  elapsed 0:46:10  ETA 0:15:01
2026-10-05 18:17:06   75.50%  75,500,000 / 100,000,000 packets  elapsed 0:46:12  ETA 0:15:00
2026-10-05 18:17:08   75.55%  75,550,000 / 100,000,000 packets  elapsed 0:46:14  ETA 0:14:58
2026-10-05 18:17:10   75.60%  75,600,000 / 100,000,000 packets  elapsed 0:46:16  ETA 0:14:56
2026-10-05 18:17:11   75.65%  75,650,000 / 100,000,000 packets  elapsed 0:46:18  ETA 0:14:54
2026-10-05 18:17:13   75.70%  75,700,000 / 100,000,000 packets  elapsed 0:46:19  ETA 0:14:52
2026-10-05 18:17:15   75.75%  75,750,000 / 100,000,000 packets  elapsed 0:46:21  ETA 0:14:50
2026-10-05 18:17:17   75.80%  75,800,000 / 100,000,000 packets  elapsed 0:46:23  ETA 0:14:49
2026-10-05 18:17:19   75.85%  75,850,000 / 100,000,000 packets  elapsed 0:46:25  ETA 0:14:47
2026-10-05 18:17:21   75.90%  75,900,000 / 100,000,000 packets  elapsed 0:46:27  ETA 0:14:45
2026-10-05 18:17:22   75.95%  75,950,000 / 100,000,000 packets  elapsed 0:46:29  ETA 0:14:43
2026-10-05 18:17:24   76.00%  76,000,000 / 100,000,000 packets  elapsed 0:46:30  ETA 0:14:41
2026-10-05 18:17:26   76.05%  76,050,000 / 100,000,000 packets  elapsed 0:46:32  ETA 0:14:39
2026-10-05 18:17:28   76.10%  76,100,000 / 100,000,000 packets  elapsed 0:46:34  ETA 0:14:38
2026-10-05 18:17:30   76.15%  76,150,000 / 100,000,000 packets  elapsed 0:46:36  ETA 0:14:36
2026-10-05 18:17:32   76.20%  76,200,000 / 100,000,000 packets  elapsed 0:46:38  ETA 0:14:34
2026-10-05 18:17:33   76.25%  76,250,000 / 100,000,000 packets  elapsed 0:46:40  ETA 0:14:32
2026-10-05 18:17:35   76.30%  76,300,000 / 100,000,000 packets  elapsed 0:46:41  ETA 0:14:30
2026-10-05 18:17:37   76.35%  76,350,000 / 100,000,000 packets  elapsed 0:46:43  ETA 0:14:28
2026-10-05 18:17:39   76.40%  76,400,000 / 100,000,000 packets  elapsed 0:46:45  ETA 0:14:26
2026-10-05 18:17:41   76.45%  76,450,000 / 100,000,000 packets  elapsed 0:46:47  ETA 0:14:25
2026-10-05 18:17:43   76.50%  76,500,000 / 100,000,000 packets  elapsed 0:46:49  ETA 0:14:23
2026-10-05 18:17:44   76.55%  76,550,000 / 100,000,000 packets  elapsed 0:46:51  ETA 0:14:21
2026-10-05 18:17:46   76.60%  76,600,000 / 100,000,000 packets  elapsed 0:46:52  ETA 0:14:19
2026-10-05 18:17:48   76.65%  76,650,000 / 100,000,000 packets  elapsed 0:46:54  ETA 0:14:17
2026-10-05 18:17:50   76.70%  76,700,000 / 100,000,000 packets  elapsed 0:46:56  ETA 0:14:15
2026-10-05 18:17:52   76.75%  76,750,000 / 100,000,000 packets  elapsed 0:46:58  ETA 0:14:14
2026-10-05 18:17:53   76.80%  76,800,000 / 100,000,000 packets  elapsed 0:47:00  ETA 0:14:12
2026-10-05 18:17:55   76.85%  76,850,000 / 100,000,000 packets  elapsed 0:47:02  ETA 0:14:10
2026-10-05 18:17:57   76.90%  76,900,000 / 100,000,000 packets  elapsed 0:47:03  ETA 0:14:08
2026-10-05 18:17:59   76.95%  76,950,000 / 100,000,000 packets  elapsed 0:47:05  ETA 0:14:06
2026-10-05 18:18:01   77.00%  77,000,000 / 100,000,000 packets  elapsed 0:47:07  ETA 0:14:04
2026-10-05 18:18:03   77.05%  77,050,000 / 100,000,000 packets  elapsed 0:47:09  ETA 0:14:03
2026-10-05 18:18:04   77.10%  77,100,000 / 100,000,000 packets  elapsed 0:47:11  ETA 0:14:01
2026-10-05 18:18:06   77.15%  77,150,000 / 100,000,000 packets  elapsed 0:47:13  ETA 0:13:59
2026-10-05 18:18:08   77.20%  77,200,000 / 100,000,000 packets  elapsed 0:47:14  ETA 0:13:57
2026-10-05 18:18:10   77.25%  77,250,000 / 100,000,000 packets  elapsed 0:47:16  ETA 0:13:55
2026-10-05 18:18:12   77.30%  77,300,000 / 100,000,000 packets  elapsed 0:47:18  ETA 0:13:53
2026-10-05 18:18:14   77.35%  77,350,000 / 100,000,000 packets  elapsed 0:47:20  ETA 0:13:52
2026-10-05 18:18:15   77.40%  77,400,000 / 100,000,000 packets  elapsed 0:47:22  ETA 0:13:50
2026-10-05 18:18:17   77.45%  77,450,000 / 100,000,000 packets  elapsed 0:47:23  ETA 0:13:48
2026-10-05 18:18:19   77.50%  77,500,000 / 100,000,000 packets  elapsed 0:47:25  ETA 0:13:46
2026-10-05 18:18:21   77.55%  77,550,000 / 100,000,000 packets  elapsed 0:47:27  ETA 0:13:44
2026-10-05 18:18:23   77.60%  77,600,000 / 100,000,000 packets  elapsed 0:47:29  ETA 0:13:42
2026-10-05 18:18:25   77.65%  77,650,000 / 100,000,000 packets  elapsed 0:47:31  ETA 0:13:41
2026-10-05 18:18:26   77.70%  77,700,000 / 100,000,000 packets  elapsed 0:47:33  ETA 0:13:39
2026-10-05 18:18:28   77.75%  77,750,000 / 100,000,000 packets  elapsed 0:47:34  ETA 0:13:37
2026-10-05 18:18:30   77.80%  77,800,000 / 100,000,000 packets  elapsed 0:47:36  ETA 0:13:35
2026-10-05 18:18:32   77.85%  77,850,000 / 100,000,000 packets  elapsed 0:47:38  ETA 0:13:33
2026-10-05 18:18:34   77.90%  77,900,000 / 100,000,000 packets  elapsed 0:47:40  ETA 0:13:31
2026-10-05 18:18:36   77.95%  77,950,000 / 100,000,000 packets  elapsed 0:47:42  ETA 0:13:30
2026-10-05 18:18:37   78.00%  78,000,000 / 100,000,000 packets  elapsed 0:47:44  ETA 0:13:28
2026-10-05 18:18:39   78.05%  78,050,000 / 100,000,000 packets  elapsed 0:47:45  ETA 0:13:26
2026-10-05 18:18:41   78.10%  78,100,000 / 100,000,000 packets  elapsed 0:47:47  ETA 0:13:24
2026-10-05 18:18:43   78.15%  78,150,000 / 100,000,000 packets  elapsed 0:47:49  ETA 0:13:22
2026-10-05 18:18:45   78.20%  78,200,000 / 100,000,000 packets  elapsed 0:47:51  ETA 0:13:20
2026-10-05 18:18:47   78.25%  78,250,000 / 100,000,000 packets  elapsed 0:47:53  ETA 0:13:18
2026-10-05 18:18:48   78.30%  78,300,000 / 100,000,000 packets  elapsed 0:47:55  ETA 0:13:17
2026-10-05 18:18:50   78.35%  78,350,000 / 100,000,000 packets  elapsed 0:47:56  ETA 0:13:15
2026-10-05 18:18:52   78.40%  78,400,000 / 100,000,000 packets  elapsed 0:47:58  ETA 0:13:13
2026-10-05 18:18:54   78.45%  78,450,000 / 100,000,000 packets  elapsed 0:48:00  ETA 0:13:11
2026-10-05 18:18:56   78.50%  78,500,000 / 100,000,000 packets  elapsed 0:48:02  ETA 0:13:09
2026-10-05 18:18:57   78.55%  78,550,000 / 100,000,000 packets  elapsed 0:48:04  ETA 0:13:07
2026-10-05 18:18:59   78.60%  78,600,000 / 100,000,000 packets  elapsed 0:48:06  ETA 0:13:06
2026-10-05 18:19:01   78.65%  78,650,000 / 100,000,000 packets  elapsed 0:48:07  ETA 0:13:04
2026-10-05 18:19:03   78.70%  78,700,000 / 100,000,000 packets  elapsed 0:48:09  ETA 0:13:02
2026-10-05 18:19:05   78.75%  78,750,000 / 100,000,000 packets  elapsed 0:48:11  ETA 0:13:00
2026-10-05 18:19:07   78.80%  78,800,000 / 100,000,000 packets  elapsed 0:48:13  ETA 0:12:58
2026-10-05 18:19:08   78.85%  78,850,000 / 100,000,000 packets  elapsed 0:48:15  ETA 0:12:56
2026-10-05 18:19:10   78.90%  78,900,000 / 100,000,000 packets  elapsed 0:48:17  ETA 0:12:55
2026-10-05 18:19:12   78.95%  78,950,000 / 100,000,000 packets  elapsed 0:48:18  ETA 0:12:53
2026-10-05 18:19:14   79.00%  79,000,000 / 100,000,000 packets  elapsed 0:48:20  ETA 0:12:51
2026-10-05 18:19:16   79.05%  79,050,000 / 100,000,000 packets  elapsed 0:48:22  ETA 0:12:49
2026-10-05 18:19:18   79.10%  79,100,000 / 100,000,000 packets  elapsed 0:48:24  ETA 0:12:47
2026-10-05 18:19:19   79.15%  79,150,000 / 100,000,000 packets  elapsed 0:48:26  ETA 0:12:45
2026-10-05 18:19:21   79.20%  79,200,000 / 100,000,000 packets  elapsed 0:48:27  ETA 0:12:44
2026-10-05 18:19:23   79.25%  79,250,000 / 100,000,000 packets  elapsed 0:48:29  ETA 0:12:42
2026-10-05 18:19:25   79.30%  79,300,000 / 100,000,000 packets  elapsed 0:48:31  ETA 0:12:40
2026-10-05 18:19:27   79.35%  79,350,000 / 100,000,000 packets  elapsed 0:48:33  ETA 0:12:38
2026-10-05 18:19:29   79.40%  79,400,000 / 100,000,000 packets  elapsed 0:48:35  ETA 0:12:36
2026-10-05 18:19:30   79.45%  79,450,000 / 100,000,000 packets  elapsed 0:48:37  ETA 0:12:34
2026-10-05 18:19:32   79.50%  79,500,000 / 100,000,000 packets  elapsed 0:48:38  ETA 0:12:33
2026-10-05 18:19:34   79.55%  79,550,000 / 100,000,000 packets  elapsed 0:48:40  ETA 0:12:31
2026-10-05 18:19:36   79.60%  79,600,000 / 100,000,000 packets  elapsed 0:48:42  ETA 0:12:29
2026-10-05 18:19:38   79.65%  79,650,000 / 100,000,000 packets  elapsed 0:48:44  ETA 0:12:27
2026-10-05 18:19:40   79.70%  79,700,000 / 100,000,000 packets  elapsed 0:48:46  ETA 0:12:25
2026-10-05 18:19:41   79.75%  79,750,000 / 100,000,000 packets  elapsed 0:48:48  ETA 0:12:23
2026-10-05 18:19:43   79.80%  79,800,000 / 100,000,000 packets  elapsed 0:48:49  ETA 0:12:22
2026-10-05 18:19:45   79.85%  79,850,000 / 100,000,000 packets  elapsed 0:48:51  ETA 0:12:20
2026-10-05 18:19:47   79.90%  79,900,000 / 100,000,000 packets  elapsed 0:48:53  ETA 0:12:18
2026-10-05 18:19:49   79.95%  79,950,000 / 100,000,000 packets  elapsed 0:48:55  ETA 0:12:16
2026-10-05 18:19:51   80.00%  80,000,000 / 100,000,000 packets  elapsed 0:48:57  ETA 0:12:14
2026-10-05 18:19:52   80.05%  80,050,000 / 100,000,000 packets  elapsed 0:48:59  ETA 0:12:12
2026-10-05 18:19:54   80.10%  80,100,000 / 100,000,000 packets  elapsed 0:49:00  ETA 0:12:11
2026-10-05 18:19:56   80.15%  80,150,000 / 100,000,000 packets  elapsed 0:49:02  ETA 0:12:09
2026-10-05 18:19:58   80.20%  80,200,000 / 100,000,000 packets  elapsed 0:49:04  ETA 0:12:07
2026-10-05 18:20:00   80.25%  80,250,000 / 100,000,000 packets  elapsed 0:49:06  ETA 0:12:05
2026-10-05 18:20:01   80.30%  80,300,000 / 100,000,000 packets  elapsed 0:49:08  ETA 0:12:03
2026-10-05 18:20:03   80.35%  80,350,000 / 100,000,000 packets  elapsed 0:49:10  ETA 0:12:01
2026-10-05 18:20:05   80.40%  80,400,000 / 100,000,000 packets  elapsed 0:49:11  ETA 0:11:59
2026-10-05 18:20:07   80.45%  80,450,000 / 100,000,000 packets  elapsed 0:49:13  ETA 0:11:58
2026-10-05 18:20:09   80.50%  80,500,000 / 100,000,000 packets  elapsed 0:49:15  ETA 0:11:56
2026-10-05 18:20:11   80.55%  80,550,000 / 100,000,000 packets  elapsed 0:49:17  ETA 0:11:54
2026-10-05 18:20:12   80.60%  80,600,000 / 100,000,000 packets  elapsed 0:49:19  ETA 0:11:52
2026-10-05 18:20:14   80.65%  80,650,000 / 100,000,000 packets  elapsed 0:49:21  ETA 0:11:50
2026-10-05 18:20:16   80.70%  80,700,000 / 100,000,000 packets  elapsed 0:49:22  ETA 0:11:48
2026-10-05 18:20:18   80.75%  80,750,000 / 100,000,000 packets  elapsed 0:49:24  ETA 0:11:47
2026-10-05 18:20:20   80.80%  80,800,000 / 100,000,000 packets  elapsed 0:49:26  ETA 0:11:45
2026-10-05 18:20:22   80.85%  80,850,000 / 100,000,000 packets  elapsed 0:49:28  ETA 0:11:43
2026-10-05 18:20:23   80.90%  80,900,000 / 100,000,000 packets  elapsed 0:49:30  ETA 0:11:41
2026-10-05 18:20:25   80.95%  80,950,000 / 100,000,000 packets  elapsed 0:49:32  ETA 0:11:39
2026-10-05 18:20:27   81.00%  81,000,000 / 100,000,000 packets  elapsed 0:49:33  ETA 0:11:37
2026-10-05 18:20:29   81.05%  81,050,000 / 100,000,000 packets  elapsed 0:49:35  ETA 0:11:36
2026-10-05 18:20:31   81.10%  81,100,000 / 100,000,000 packets  elapsed 0:49:37  ETA 0:11:34
2026-10-05 18:20:33   81.15%  81,150,000 / 100,000,000 packets  elapsed 0:49:39  ETA 0:11:32
2026-10-05 18:20:34   81.20%  81,200,000 / 100,000,000 packets  elapsed 0:49:41  ETA 0:11:30
2026-10-05 18:20:36   81.25%  81,250,000 / 100,000,000 packets  elapsed 0:49:42  ETA 0:11:28
2026-10-05 18:20:38   81.30%  81,300,000 / 100,000,000 packets  elapsed 0:49:44  ETA 0:11:26
2026-10-05 18:20:40   81.35%  81,350,000 / 100,000,000 packets  elapsed 0:49:46  ETA 0:11:25
2026-10-05 18:20:42   81.40%  81,400,000 / 100,000,000 packets  elapsed 0:49:48  ETA 0:11:23
2026-10-05 18:20:44   81.45%  81,450,000 / 100,000,000 packets  elapsed 0:49:50  ETA 0:11:21
2026-10-05 18:20:45   81.50%  81,500,000 / 100,000,000 packets  elapsed 0:49:52  ETA 0:11:19
2026-10-05 18:20:47   81.55%  81,550,000 / 100,000,000 packets  elapsed 0:49:53  ETA 0:11:17
2026-10-05 18:20:49   81.60%  81,600,000 / 100,000,000 packets  elapsed 0:49:55  ETA 0:11:15
2026-10-05 18:20:51   81.65%  81,650,000 / 100,000,000 packets  elapsed 0:49:57  ETA 0:11:14
2026-10-05 18:20:53   81.70%  81,700,000 / 100,000,000 packets  elapsed 0:49:59  ETA 0:11:12
2026-10-05 18:20:55   81.75%  81,750,000 / 100,000,000 packets  elapsed 0:50:01  ETA 0:11:10
2026-10-05 18:20:56   81.80%  81,800,000 / 100,000,000 packets  elapsed 0:50:03  ETA 0:11:08
2026-10-05 18:20:58   81.85%  81,850,000 / 100,000,000 packets  elapsed 0:50:04  ETA 0:11:06
2026-10-05 18:21:00   81.90%  81,900,000 / 100,000,000 packets  elapsed 0:50:06  ETA 0:11:04
2026-10-05 18:21:02   81.95%  81,950,000 / 100,000,000 packets  elapsed 0:50:08  ETA 0:11:03
2026-10-05 18:21:04   82.00%  82,000,000 / 100,000,000 packets  elapsed 0:50:10  ETA 0:11:01
2026-10-05 18:21:06   82.05%  82,050,000 / 100,000,000 packets  elapsed 0:50:12  ETA 0:10:59
2026-10-05 18:21:07   82.10%  82,100,000 / 100,000,000 packets  elapsed 0:50:14  ETA 0:10:57
2026-10-05 18:21:09   82.15%  82,150,000 / 100,000,000 packets  elapsed 0:50:15  ETA 0:10:55
2026-10-05 18:21:11   82.20%  82,200,000 / 100,000,000 packets  elapsed 0:50:17  ETA 0:10:53
2026-10-05 18:21:13   82.25%  82,250,000 / 100,000,000 packets  elapsed 0:50:19  ETA 0:10:52
2026-10-05 18:21:15   82.30%  82,300,000 / 100,000,000 packets  elapsed 0:50:21  ETA 0:10:50
2026-10-05 18:21:16   82.35%  82,350,000 / 100,000,000 packets  elapsed 0:50:23  ETA 0:10:48
2026-10-05 18:21:18   82.40%  82,400,000 / 100,000,000 packets  elapsed 0:50:25  ETA 0:10:46
2026-10-05 18:21:20   82.45%  82,450,000 / 100,000,000 packets  elapsed 0:50:26  ETA 0:10:44
2026-10-05 18:21:22   82.50%  82,500,000 / 100,000,000 packets  elapsed 0:50:28  ETA 0:10:42
2026-10-05 18:21:24   82.55%  82,550,000 / 100,000,000 packets  elapsed 0:50:30  ETA 0:10:41
2026-10-05 18:21:26   82.60%  82,600,000 / 100,000,000 packets  elapsed 0:50:32  ETA 0:10:39
2026-10-05 18:21:27   82.65%  82,650,000 / 100,000,000 packets  elapsed 0:50:34  ETA 0:10:37
2026-10-05 18:21:29   82.70%  82,700,000 / 100,000,000 packets  elapsed 0:50:36  ETA 0:10:35
2026-10-05 18:21:31   82.75%  82,750,000 / 100,000,000 packets  elapsed 0:50:37  ETA 0:10:33
2026-10-05 18:21:33   82.80%  82,800,000 / 100,000,000 packets  elapsed 0:50:39  ETA 0:10:31
2026-10-05 18:21:35   82.85%  82,850,000 / 100,000,000 packets  elapsed 0:50:41  ETA 0:10:29
2026-10-05 18:21:37   82.90%  82,900,000 / 100,000,000 packets  elapsed 0:50:43  ETA 0:10:28
2026-10-05 18:21:38   82.95%  82,950,000 / 100,000,000 packets  elapsed 0:50:45  ETA 0:10:26
2026-10-05 18:21:40   83.00%  83,000,000 / 100,000,000 packets  elapsed 0:50:46  ETA 0:10:24
2026-10-05 18:21:42   83.05%  83,050,000 / 100,000,000 packets  elapsed 0:50:48  ETA 0:10:22
2026-10-05 18:21:44   83.10%  83,100,000 / 100,000,000 packets  elapsed 0:50:50  ETA 0:10:20
2026-10-05 18:21:46   83.15%  83,150,000 / 100,000,000 packets  elapsed 0:50:52  ETA 0:10:18
2026-10-05 18:21:48   83.20%  83,200,000 / 100,000,000 packets  elapsed 0:50:54  ETA 0:10:17
2026-10-05 18:21:49   83.25%  83,250,000 / 100,000,000 packets  elapsed 0:50:56  ETA 0:10:15
2026-10-05 18:21:51   83.30%  83,300,000 / 100,000,000 packets  elapsed 0:50:57  ETA 0:10:13
2026-10-05 18:21:53   83.35%  83,350,000 / 100,000,000 packets  elapsed 0:50:59  ETA 0:10:11
2026-10-05 18:21:55   83.40%  83,400,000 / 100,000,000 packets  elapsed 0:51:01  ETA 0:10:09
2026-10-05 18:21:57   83.45%  83,450,000 / 100,000,000 packets  elapsed 0:51:03  ETA 0:10:07
2026-10-05 18:21:59   83.50%  83,500,000 / 100,000,000 packets  elapsed 0:51:05  ETA 0:10:06
2026-10-05 18:22:00   83.55%  83,550,000 / 100,000,000 packets  elapsed 0:51:07  ETA 0:10:04
2026-10-05 18:22:02   83.60%  83,600,000 / 100,000,000 packets  elapsed 0:51:09  ETA 0:10:02
2026-10-05 18:22:04   83.65%  83,650,000 / 100,000,000 packets  elapsed 0:51:10  ETA 0:10:00
2026-10-05 18:22:06   83.70%  83,700,000 / 100,000,000 packets  elapsed 0:51:12  ETA 0:09:58
2026-10-05 18:22:08   83.75%  83,750,000 / 100,000,000 packets  elapsed 0:51:14  ETA 0:09:56
2026-10-05 18:22:10   83.80%  83,800,000 / 100,000,000 packets  elapsed 0:51:16  ETA 0:09:55
2026-10-05 18:22:11   83.85%  83,850,000 / 100,000,000 packets  elapsed 0:51:18  ETA 0:09:53
2026-10-05 18:22:13   83.90%  83,900,000 / 100,000,000 packets  elapsed 0:51:20  ETA 0:09:51
2026-10-05 18:22:15   83.95%  83,950,000 / 100,000,000 packets  elapsed 0:51:21  ETA 0:09:49
2026-10-05 18:22:17   84.00%  84,000,000 / 100,000,000 packets  elapsed 0:51:23  ETA 0:09:47
2026-10-05 18:22:19   84.05%  84,050,000 / 100,000,000 packets  elapsed 0:51:25  ETA 0:09:45
2026-10-05 18:22:21   84.10%  84,100,000 / 100,000,000 packets  elapsed 0:51:27  ETA 0:09:44
2026-10-05 18:22:22   84.15%  84,150,000 / 100,000,000 packets  elapsed 0:51:29  ETA 0:09:42
2026-10-05 18:22:24   84.20%  84,200,000 / 100,000,000 packets  elapsed 0:51:30  ETA 0:09:40
2026-10-05 18:22:26   84.25%  84,250,000 / 100,000,000 packets  elapsed 0:51:32  ETA 0:09:38
2026-10-05 18:22:28   84.30%  84,300,000 / 100,000,000 packets  elapsed 0:51:34  ETA 0:09:36
2026-10-05 18:22:30   84.35%  84,350,000 / 100,000,000 packets  elapsed 0:51:36  ETA 0:09:34
2026-10-05 18:22:32   84.40%  84,400,000 / 100,000,000 packets  elapsed 0:51:38  ETA 0:09:33
2026-10-05 18:22:33   84.45%  84,450,000 / 100,000,000 packets  elapsed 0:51:40  ETA 0:09:31
2026-10-05 18:22:35   84.50%  84,500,000 / 100,000,000 packets  elapsed 0:51:41  ETA 0:09:29
2026-10-05 18:22:37   84.55%  84,550,000 / 100,000,000 packets  elapsed 0:51:43  ETA 0:09:27
2026-10-05 18:22:39   84.60%  84,600,000 / 100,000,000 packets  elapsed 0:51:45  ETA 0:09:25
2026-10-05 18:22:41   84.65%  84,650,000 / 100,000,000 packets  elapsed 0:51:47  ETA 0:09:23
2026-10-05 18:22:43   84.70%  84,700,000 / 100,000,000 packets  elapsed 0:51:49  ETA 0:09:22
2026-10-05 18:22:44   84.75%  84,750,000 / 100,000,000 packets  elapsed 0:51:51  ETA 0:09:20
2026-10-05 18:22:46   84.80%  84,800,000 / 100,000,000 packets  elapsed 0:51:52  ETA 0:09:18
2026-10-05 18:22:48   84.85%  84,850,000 / 100,000,000 packets  elapsed 0:51:54  ETA 0:09:16
2026-10-05 18:22:50   84.90%  84,900,000 / 100,000,000 packets  elapsed 0:51:56  ETA 0:09:14
2026-10-05 18:22:52   84.95%  84,950,000 / 100,000,000 packets  elapsed 0:51:58  ETA 0:09:12
2026-10-05 18:22:54   85.00%  85,000,000 / 100,000,000 packets  elapsed 0:52:00  ETA 0:09:11
2026-10-05 18:22:55   85.05%  85,050,000 / 100,000,000 packets  elapsed 0:52:02  ETA 0:09:09
2026-10-05 18:22:57   85.10%  85,100,000 / 100,000,000 packets  elapsed 0:52:03  ETA 0:09:07
2026-10-05 18:22:59   85.15%  85,150,000 / 100,000,000 packets  elapsed 0:52:05  ETA 0:09:05
2026-10-05 18:23:01   85.20%  85,200,000 / 100,000,000 packets  elapsed 0:52:07  ETA 0:09:03
2026-10-05 18:23:03   85.25%  85,250,000 / 100,000,000 packets  elapsed 0:52:09  ETA 0:09:01
2026-10-05 18:23:05   85.30%  85,300,000 / 100,000,000 packets  elapsed 0:52:11  ETA 0:09:00
2026-10-05 18:23:06   85.35%  85,350,000 / 100,000,000 packets  elapsed 0:52:13  ETA 0:08:58
2026-10-05 18:23:08   85.40%  85,400,000 / 100,000,000 packets  elapsed 0:52:14  ETA 0:08:56
2026-10-05 18:23:10   85.45%  85,450,000 / 100,000,000 packets  elapsed 0:52:16  ETA 0:08:54
2026-10-05 18:23:12   85.50%  85,500,000 / 100,000,000 packets  elapsed 0:52:18  ETA 0:08:52
2026-10-05 18:23:14   85.55%  85,550,000 / 100,000,000 packets  elapsed 0:52:20  ETA 0:08:50
2026-10-05 18:23:15   85.60%  85,600,000 / 100,000,000 packets  elapsed 0:52:22  ETA 0:08:49
2026-10-05 18:23:17   85.65%  85,650,000 / 100,000,000 packets  elapsed 0:52:24  ETA 0:08:47
2026-10-05 18:23:19   85.70%  85,700,000 / 100,000,000 packets  elapsed 0:52:25  ETA 0:08:45
2026-10-05 18:23:21   85.75%  85,750,000 / 100,000,000 packets  elapsed 0:52:27  ETA 0:08:43
2026-10-05 18:23:23   85.80%  85,800,000 / 100,000,000 packets  elapsed 0:52:29  ETA 0:08:41
2026-10-05 18:23:25   85.85%  85,850,000 / 100,000,000 packets  elapsed 0:52:31  ETA 0:08:39
2026-10-05 18:23:26   85.90%  85,900,000 / 100,000,000 packets  elapsed 0:52:33  ETA 0:08:37
2026-10-05 18:23:28   85.95%  85,950,000 / 100,000,000 packets  elapsed 0:52:35  ETA 0:08:36
2026-10-05 18:23:30   86.00%  86,000,000 / 100,000,000 packets  elapsed 0:52:36  ETA 0:08:34
2026-10-05 18:23:32   86.05%  86,050,000 / 100,000,000 packets  elapsed 0:52:38  ETA 0:08:32
2026-10-05 18:23:34   86.10%  86,100,000 / 100,000,000 packets  elapsed 0:52:40  ETA 0:08:30
2026-10-05 18:23:36   86.15%  86,150,000 / 100,000,000 packets  elapsed 0:52:42  ETA 0:08:28
2026-10-05 18:23:37   86.20%  86,200,000 / 100,000,000 packets  elapsed 0:52:44  ETA 0:08:26
2026-10-05 18:23:39   86.25%  86,250,000 / 100,000,000 packets  elapsed 0:52:45  ETA 0:08:25
2026-10-05 18:23:41   86.30%  86,300,000 / 100,000,000 packets  elapsed 0:52:47  ETA 0:08:23
2026-10-05 18:23:43   86.35%  86,350,000 / 100,000,000 packets  elapsed 0:52:49  ETA 0:08:21
2026-10-05 18:23:45   86.40%  86,400,000 / 100,000,000 packets  elapsed 0:52:51  ETA 0:08:19
2026-10-05 18:23:47   86.45%  86,450,000 / 100,000,000 packets  elapsed 0:52:53  ETA 0:08:17
2026-10-05 18:23:48   86.50%  86,500,000 / 100,000,000 packets  elapsed 0:52:55  ETA 0:08:15
2026-10-05 18:23:50   86.55%  86,550,000 / 100,000,000 packets  elapsed 0:52:56  ETA 0:08:14
2026-10-05 18:23:52   86.60%  86,600,000 / 100,000,000 packets  elapsed 0:52:58  ETA 0:08:12
2026-10-05 18:23:54   86.65%  86,650,000 / 100,000,000 packets  elapsed 0:53:00  ETA 0:08:10
2026-10-05 18:23:56   86.70%  86,700,000 / 100,000,000 packets  elapsed 0:53:02  ETA 0:08:08
2026-10-05 18:23:58   86.75%  86,750,000 / 100,000,000 packets  elapsed 0:53:04  ETA 0:08:06
2026-10-05 18:23:59   86.80%  86,800,000 / 100,000,000 packets  elapsed 0:53:06  ETA 0:08:04
2026-10-05 18:24:01   86.85%  86,850,000 / 100,000,000 packets  elapsed 0:53:07  ETA 0:08:03
2026-10-05 18:24:03   86.90%  86,900,000 / 100,000,000 packets  elapsed 0:53:09  ETA 0:08:01
2026-10-05 18:24:05   86.95%  86,950,000 / 100,000,000 packets  elapsed 0:53:11  ETA 0:07:59
2026-10-05 18:24:07   87.00%  87,000,000 / 100,000,000 packets  elapsed 0:53:13  ETA 0:07:57
2026-10-05 18:24:09   87.05%  87,050,000 / 100,000,000 packets  elapsed 0:53:15  ETA 0:07:55
2026-10-05 18:24:10   87.10%  87,100,000 / 100,000,000 packets  elapsed 0:53:17  ETA 0:07:53
2026-10-05 18:24:12   87.15%  87,150,000 / 100,000,000 packets  elapsed 0:53:18  ETA 0:07:52
2026-10-05 18:24:14   87.20%  87,200,000 / 100,000,000 packets  elapsed 0:53:20  ETA 0:07:50
2026-10-05 18:24:16   87.25%  87,250,000 / 100,000,000 packets  elapsed 0:53:22  ETA 0:07:48
2026-10-05 18:24:18   87.30%  87,300,000 / 100,000,000 packets  elapsed 0:53:24  ETA 0:07:46
2026-10-05 18:24:19   87.35%  87,350,000 / 100,000,000 packets  elapsed 0:53:26  ETA 0:07:44
2026-10-05 18:24:21   87.40%  87,400,000 / 100,000,000 packets  elapsed 0:53:28  ETA 0:07:42
2026-10-05 18:24:23   87.45%  87,450,000 / 100,000,000 packets  elapsed 0:53:29  ETA 0:07:41
2026-10-05 18:24:25   87.50%  87,500,000 / 100,000,000 packets  elapsed 0:53:31  ETA 0:07:39
2026-10-05 18:24:27   87.55%  87,550,000 / 100,000,000 packets  elapsed 0:53:33  ETA 0:07:37
2026-10-05 18:24:29   87.60%  87,600,000 / 100,000,000 packets  elapsed 0:53:35  ETA 0:07:35
2026-10-05 18:24:30   87.65%  87,650,000 / 100,000,000 packets  elapsed 0:53:37  ETA 0:07:33
2026-10-05 18:24:32   87.70%  87,700,000 / 100,000,000 packets  elapsed 0:53:39  ETA 0:07:31
2026-10-05 18:24:34   87.75%  87,750,000 / 100,000,000 packets  elapsed 0:53:40  ETA 0:07:30
2026-10-05 18:24:36   87.80%  87,800,000 / 100,000,000 packets  elapsed 0:53:42  ETA 0:07:28
2026-10-05 18:24:38   87.85%  87,850,000 / 100,000,000 packets  elapsed 0:53:44  ETA 0:07:26
2026-10-05 18:24:40   87.90%  87,900,000 / 100,000,000 packets  elapsed 0:53:46  ETA 0:07:24
2026-10-05 18:24:41   87.95%  87,950,000 / 100,000,000 packets  elapsed 0:53:48  ETA 0:07:22
2026-10-05 18:24:43   88.00%  88,000,000 / 100,000,000 packets  elapsed 0:53:49  ETA 0:07:20
2026-10-05 18:24:45   88.05%  88,050,000 / 100,000,000 packets  elapsed 0:53:51  ETA 0:07:19
2026-10-05 18:24:47   88.10%  88,100,000 / 100,000,000 packets  elapsed 0:53:53  ETA 0:07:17
2026-10-05 18:24:49   88.15%  88,150,000 / 100,000,000 packets  elapsed 0:53:55  ETA 0:07:15
2026-10-05 18:24:51   88.20%  88,200,000 / 100,000,000 packets  elapsed 0:53:57  ETA 0:07:13
2026-10-05 18:24:52   88.25%  88,250,000 / 100,000,000 packets  elapsed 0:53:59  ETA 0:07:11
2026-10-05 18:24:54   88.30%  88,300,000 / 100,000,000 packets  elapsed 0:54:00  ETA 0:07:09
2026-10-05 18:24:56   88.35%  88,350,000 / 100,000,000 packets  elapsed 0:54:02  ETA 0:07:08
2026-10-05 18:24:58   88.40%  88,400,000 / 100,000,000 packets  elapsed 0:54:04  ETA 0:07:06
2026-10-05 18:25:00   88.45%  88,450,000 / 100,000,000 packets  elapsed 0:54:06  ETA 0:07:04
2026-10-05 18:25:02   88.50%  88,500,000 / 100,000,000 packets  elapsed 0:54:08  ETA 0:07:02
2026-10-05 18:25:03   88.55%  88,550,000 / 100,000,000 packets  elapsed 0:54:10  ETA 0:07:00
2026-10-05 18:25:05   88.60%  88,600,000 / 100,000,000 packets  elapsed 0:54:11  ETA 0:06:58
2026-10-05 18:25:07   88.65%  88,650,000 / 100,000,000 packets  elapsed 0:54:13  ETA 0:06:57
2026-10-05 18:25:09   88.70%  88,700,000 / 100,000,000 packets  elapsed 0:54:15  ETA 0:06:55
2026-10-05 18:25:11   88.75%  88,750,000 / 100,000,000 packets  elapsed 0:54:17  ETA 0:06:53
2026-10-05 18:25:13   88.80%  88,800,000 / 100,000,000 packets  elapsed 0:54:19  ETA 0:06:51
2026-10-05 18:25:14   88.85%  88,850,000 / 100,000,000 packets  elapsed 0:54:21  ETA 0:06:49
2026-10-05 18:25:16   88.90%  88,900,000 / 100,000,000 packets  elapsed 0:54:22  ETA 0:06:47
2026-10-05 18:25:18   88.95%  88,950,000 / 100,000,000 packets  elapsed 0:54:24  ETA 0:06:46
2026-10-05 18:25:20   89.00%  89,000,000 / 100,000,000 packets  elapsed 0:54:26  ETA 0:06:44
2026-10-05 18:25:22   89.05%  89,050,000 / 100,000,000 packets  elapsed 0:54:28  ETA 0:06:42
2026-10-05 18:25:24   89.10%  89,100,000 / 100,000,000 packets  elapsed 0:54:30  ETA 0:06:40
2026-10-05 18:25:25   89.15%  89,150,000 / 100,000,000 packets  elapsed 0:54:32  ETA 0:06:38
2026-10-05 18:25:27   89.20%  89,200,000 / 100,000,000 packets  elapsed 0:54:33  ETA 0:06:36
2026-10-05 18:25:29   89.25%  89,250,000 / 100,000,000 packets  elapsed 0:54:35  ETA 0:06:34
2026-10-05 18:25:31   89.30%  89,300,000 / 100,000,000 packets  elapsed 0:54:37  ETA 0:06:33
2026-10-05 18:25:33   89.35%  89,350,000 / 100,000,000 packets  elapsed 0:54:39  ETA 0:06:31
2026-10-05 18:25:34   89.40%  89,400,000 / 100,000,000 packets  elapsed 0:54:41  ETA 0:06:29
2026-10-05 18:25:36   89.45%  89,450,000 / 100,000,000 packets  elapsed 0:54:43  ETA 0:06:27
2026-10-05 18:25:38   89.50%  89,500,000 / 100,000,000 packets  elapsed 0:54:44  ETA 0:06:25
2026-10-05 18:25:40   89.55%  89,550,000 / 100,000,000 packets  elapsed 0:54:46  ETA 0:06:23
2026-10-05 18:25:42   89.60%  89,600,000 / 100,000,000 packets  elapsed 0:54:48  ETA 0:06:22
2026-10-05 18:25:44   89.65%  89,650,000 / 100,000,000 packets  elapsed 0:54:50  ETA 0:06:20
2026-10-05 18:25:45   89.70%  89,700,000 / 100,000,000 packets  elapsed 0:54:52  ETA 0:06:18
2026-10-05 18:25:47   89.75%  89,750,000 / 100,000,000 packets  elapsed 0:54:54  ETA 0:06:16
2026-10-05 18:25:49   89.80%  89,800,000 / 100,000,000 packets  elapsed 0:54:55  ETA 0:06:14
2026-10-05 18:25:51   89.85%  89,850,000 / 100,000,000 packets  elapsed 0:54:57  ETA 0:06:12
2026-10-05 18:25:53   89.90%  89,900,000 / 100,000,000 packets  elapsed 0:54:59  ETA 0:06:11
2026-10-05 18:25:55   89.95%  89,950,000 / 100,000,000 packets  elapsed 0:55:01  ETA 0:06:09
2026-10-05 18:25:56   90.00%  90,000,000 / 100,000,000 packets  elapsed 0:55:03  ETA 0:06:07
2026-10-05 18:25:58   90.05%  90,050,000 / 100,000,000 packets  elapsed 0:55:04  ETA 0:06:05
2026-10-05 18:26:00   90.10%  90,100,000 / 100,000,000 packets  elapsed 0:55:06  ETA 0:06:03
2026-10-05 18:26:02   90.15%  90,150,000 / 100,000,000 packets  elapsed 0:55:08  ETA 0:06:01
2026-10-05 18:26:04   90.20%  90,200,000 / 100,000,000 packets  elapsed 0:55:10  ETA 0:06:00
2026-10-05 18:26:06   90.25%  90,250,000 / 100,000,000 packets  elapsed 0:55:12  ETA 0:05:58
2026-10-05 18:26:07   90.30%  90,300,000 / 100,000,000 packets  elapsed 0:55:14  ETA 0:05:56
2026-10-05 18:26:09   90.35%  90,350,000 / 100,000,000 packets  elapsed 0:55:15  ETA 0:05:54
2026-10-05 18:26:11   90.40%  90,400,000 / 100,000,000 packets  elapsed 0:55:17  ETA 0:05:52
2026-10-05 18:26:13   90.45%  90,450,000 / 100,000,000 packets  elapsed 0:55:19  ETA 0:05:50
2026-10-05 18:26:15   90.50%  90,500,000 / 100,000,000 packets  elapsed 0:55:21  ETA 0:05:49
2026-10-05 18:26:17   90.55%  90,550,000 / 100,000,000 packets  elapsed 0:55:23  ETA 0:05:47
2026-10-05 18:26:18   90.60%  90,600,000 / 100,000,000 packets  elapsed 0:55:25  ETA 0:05:45
2026-10-05 18:26:20   90.65%  90,650,000 / 100,000,000 packets  elapsed 0:55:26  ETA 0:05:43
2026-10-05 18:26:22   90.70%  90,700,000 / 100,000,000 packets  elapsed 0:55:28  ETA 0:05:41
2026-10-05 18:26:24   90.75%  90,750,000 / 100,000,000 packets  elapsed 0:55:30  ETA 0:05:39
2026-10-05 18:26:26   90.80%  90,800,000 / 100,000,000 packets  elapsed 0:55:32  ETA 0:05:38
2026-10-05 18:26:28   90.85%  90,850,000 / 100,000,000 packets  elapsed 0:55:34  ETA 0:05:36
2026-10-05 18:26:29   90.90%  90,900,000 / 100,000,000 packets  elapsed 0:55:36  ETA 0:05:34
2026-10-05 18:26:31   90.95%  90,950,000 / 100,000,000 packets  elapsed 0:55:37  ETA 0:05:32
2026-10-05 18:26:33   91.00%  91,000,000 / 100,000,000 packets  elapsed 0:55:39  ETA 0:05:30
2026-10-05 18:26:35   91.05%  91,050,000 / 100,000,000 packets  elapsed 0:55:41  ETA 0:05:28
2026-10-05 18:26:37   91.10%  91,100,000 / 100,000,000 packets  elapsed 0:55:43  ETA 0:05:27
2026-10-05 18:26:38   91.15%  91,150,000 / 100,000,000 packets  elapsed 0:55:45  ETA 0:05:25
2026-10-05 18:26:40   91.20%  91,200,000 / 100,000,000 packets  elapsed 0:55:47  ETA 0:05:23
2026-10-05 18:26:42   91.25%  91,250,000 / 100,000,000 packets  elapsed 0:55:48  ETA 0:05:21
2026-10-05 18:26:44   91.30%  91,300,000 / 100,000,000 packets  elapsed 0:55:50  ETA 0:05:19
2026-10-05 18:26:46   91.35%  91,350,000 / 100,000,000 packets  elapsed 0:55:52  ETA 0:05:17
2026-10-05 18:26:48   91.40%  91,400,000 / 100,000,000 packets  elapsed 0:55:54  ETA 0:05:16
2026-10-05 18:26:49   91.45%  91,450,000 / 100,000,000 packets  elapsed 0:55:56  ETA 0:05:14
2026-10-05 18:26:51   91.50%  91,500,000 / 100,000,000 packets  elapsed 0:55:58  ETA 0:05:12
2026-10-05 18:26:53   91.55%  91,550,000 / 100,000,000 packets  elapsed 0:55:59  ETA 0:05:10
2026-10-05 18:26:55   91.60%  91,600,000 / 100,000,000 packets  elapsed 0:56:01  ETA 0:05:08
2026-10-05 18:26:57   91.65%  91,650,000 / 100,000,000 packets  elapsed 0:56:03  ETA 0:05:06
2026-10-05 18:26:59   91.70%  91,700,000 / 100,000,000 packets  elapsed 0:56:05  ETA 0:05:05
2026-10-05 18:27:00   91.75%  91,750,000 / 100,000,000 packets  elapsed 0:56:07  ETA 0:05:03
2026-10-05 18:27:02   91.80%  91,800,000 / 100,000,000 packets  elapsed 0:56:08  ETA 0:05:01
2026-10-05 18:27:04   91.85%  91,850,000 / 100,000,000 packets  elapsed 0:56:10  ETA 0:04:59
2026-10-05 18:27:06   91.90%  91,900,000 / 100,000,000 packets  elapsed 0:56:12  ETA 0:04:57
2026-10-05 18:27:08   91.95%  91,950,000 / 100,000,000 packets  elapsed 0:56:14  ETA 0:04:55
2026-10-05 18:27:10   92.00%  92,000,000 / 100,000,000 packets  elapsed 0:56:16  ETA 0:04:54
2026-10-05 18:27:11   92.05%  92,050,000 / 100,000,000 packets  elapsed 0:56:18  ETA 0:04:52
2026-10-05 18:27:13   92.10%  92,100,000 / 100,000,000 packets  elapsed 0:56:19  ETA 0:04:50
2026-10-05 18:27:15   92.15%  92,150,000 / 100,000,000 packets  elapsed 0:56:21  ETA 0:04:48
2026-10-05 18:27:17   92.20%  92,200,000 / 100,000,000 packets  elapsed 0:56:23  ETA 0:04:46
2026-10-05 18:27:19   92.25%  92,250,000 / 100,000,000 packets  elapsed 0:56:25  ETA 0:04:44
2026-10-05 18:27:21   92.30%  92,300,000 / 100,000,000 packets  elapsed 0:56:27  ETA 0:04:43
2026-10-05 18:27:22   92.35%  92,350,000 / 100,000,000 packets  elapsed 0:56:29  ETA 0:04:41
2026-10-05 18:27:24   92.40%  92,400,000 / 100,000,000 packets  elapsed 0:56:30  ETA 0:04:39
2026-10-05 18:27:26   92.45%  92,450,000 / 100,000,000 packets  elapsed 0:56:32  ETA 0:04:37
2026-10-05 18:27:28   92.50%  92,500,000 / 100,000,000 packets  elapsed 0:56:34  ETA 0:04:35
2026-10-05 18:27:30   92.55%  92,550,000 / 100,000,000 packets  elapsed 0:56:36  ETA 0:04:33
2026-10-05 18:27:32   92.60%  92,600,000 / 100,000,000 packets  elapsed 0:56:38  ETA 0:04:32
2026-10-05 18:27:33   92.65%  92,650,000 / 100,000,000 packets  elapsed 0:56:40  ETA 0:04:30
2026-10-05 18:27:35   92.70%  92,700,000 / 100,000,000 packets  elapsed 0:56:41  ETA 0:04:28
2026-10-05 18:27:37   92.75%  92,750,000 / 100,000,000 packets  elapsed 0:56:43  ETA 0:04:26
2026-10-05 18:27:39   92.80%  92,800,000 / 100,000,000 packets  elapsed 0:56:45  ETA 0:04:24
2026-10-05 18:27:41   92.85%  92,850,000 / 100,000,000 packets  elapsed 0:56:47  ETA 0:04:22
2026-10-05 18:27:42   92.90%  92,900,000 / 100,000,000 packets  elapsed 0:56:49  ETA 0:04:21
2026-10-05 18:27:44   92.95%  92,950,000 / 100,000,000 packets  elapsed 0:56:51  ETA 0:04:19
2026-10-05 18:27:46   93.00%  93,000,000 / 100,000,000 packets  elapsed 0:56:52  ETA 0:04:17
2026-10-05 18:27:48   93.05%  93,050,000 / 100,000,000 packets  elapsed 0:56:54  ETA 0:04:15
2026-10-05 18:27:50   93.10%  93,100,000 / 100,000,000 packets  elapsed 0:56:56  ETA 0:04:13
2026-10-05 18:27:52   93.15%  93,150,000 / 100,000,000 packets  elapsed 0:56:58  ETA 0:04:11
2026-10-05 18:27:53   93.20%  93,200,000 / 100,000,000 packets  elapsed 0:57:00  ETA 0:04:10
2026-10-05 18:27:55   93.25%  93,250,000 / 100,000,000 packets  elapsed 0:57:02  ETA 0:04:08
2026-10-05 18:27:57   93.30%  93,300,000 / 100,000,000 packets  elapsed 0:57:03  ETA 0:04:06
2026-10-05 18:27:59   93.35%  93,350,000 / 100,000,000 packets  elapsed 0:57:05  ETA 0:04:04
2026-10-05 18:28:01   93.40%  93,400,000 / 100,000,000 packets  elapsed 0:57:07  ETA 0:04:02
2026-10-05 18:28:03   93.45%  93,450,000 / 100,000,000 packets  elapsed 0:57:09  ETA 0:04:00
2026-10-05 18:28:04   93.50%  93,500,000 / 100,000,000 packets  elapsed 0:57:11  ETA 0:03:58
2026-10-05 18:28:06   93.55%  93,550,000 / 100,000,000 packets  elapsed 0:57:12  ETA 0:03:57
2026-10-05 18:28:08   93.60%  93,600,000 / 100,000,000 packets  elapsed 0:57:14  ETA 0:03:55
2026-10-05 18:28:10   93.65%  93,650,000 / 100,000,000 packets  elapsed 0:57:16  ETA 0:03:53
2026-10-05 18:28:12   93.70%  93,700,000 / 100,000,000 packets  elapsed 0:57:18  ETA 0:03:51
2026-10-05 18:28:14   93.75%  93,750,000 / 100,000,000 packets  elapsed 0:57:20  ETA 0:03:49
2026-10-05 18:28:15   93.80%  93,800,000 / 100,000,000 packets  elapsed 0:57:22  ETA 0:03:47
2026-10-05 18:28:17   93.85%  93,850,000 / 100,000,000 packets  elapsed 0:57:23  ETA 0:03:46
2026-10-05 18:28:19   93.90%  93,900,000 / 100,000,000 packets  elapsed 0:57:25  ETA 0:03:44
2026-10-05 18:28:21   93.95%  93,950,000 / 100,000,000 packets  elapsed 0:57:27  ETA 0:03:42
2026-10-05 18:28:23   94.00%  94,000,000 / 100,000,000 packets  elapsed 0:57:29  ETA 0:03:40
2026-10-05 18:28:25   94.05%  94,050,000 / 100,000,000 packets  elapsed 0:57:31  ETA 0:03:38
2026-10-05 18:28:26   94.10%  94,100,000 / 100,000,000 packets  elapsed 0:57:33  ETA 0:03:36
2026-10-05 18:28:28   94.15%  94,150,000 / 100,000,000 packets  elapsed 0:57:34  ETA 0:03:35
2026-10-05 18:28:30   94.20%  94,200,000 / 100,000,000 packets  elapsed 0:57:36  ETA 0:03:33
2026-10-05 18:28:32   94.25%  94,250,000 / 100,000,000 packets  elapsed 0:57:38  ETA 0:03:31
2026-10-05 18:28:34   94.30%  94,300,000 / 100,000,000 packets  elapsed 0:57:40  ETA 0:03:29
2026-10-05 18:28:36   94.35%  94,350,000 / 100,000,000 packets  elapsed 0:57:42  ETA 0:03:27
2026-10-05 18:28:37   94.40%  94,400,000 / 100,000,000 packets  elapsed 0:57:44  ETA 0:03:25
2026-10-05 18:28:39   94.45%  94,450,000 / 100,000,000 packets  elapsed 0:57:45  ETA 0:03:24
2026-10-05 18:28:41   94.50%  94,500,000 / 100,000,000 packets  elapsed 0:57:47  ETA 0:03:22
2026-10-05 18:28:43   94.55%  94,550,000 / 100,000,000 packets  elapsed 0:57:49  ETA 0:03:20
2026-10-05 18:28:45   94.60%  94,600,000 / 100,000,000 packets  elapsed 0:57:51  ETA 0:03:18
2026-10-05 18:28:46   94.65%  94,650,000 / 100,000,000 packets  elapsed 0:57:53  ETA 0:03:16
2026-10-05 18:28:48   94.70%  94,700,000 / 100,000,000 packets  elapsed 0:57:55  ETA 0:03:14
2026-10-05 18:28:50   94.75%  94,750,000 / 100,000,000 packets  elapsed 0:57:56  ETA 0:03:13
2026-10-05 18:28:52   94.80%  94,800,000 / 100,000,000 packets  elapsed 0:57:58  ETA 0:03:11
2026-10-05 18:28:54   94.85%  94,850,000 / 100,000,000 packets  elapsed 0:58:00  ETA 0:03:09
2026-10-05 18:28:56   94.90%  94,900,000 / 100,000,000 packets  elapsed 0:58:02  ETA 0:03:07
2026-10-05 18:28:57   94.95%  94,950,000 / 100,000,000 packets  elapsed 0:58:04  ETA 0:03:05
2026-10-05 18:28:59   95.00%  95,000,000 / 100,000,000 packets  elapsed 0:58:06  ETA 0:03:03
2026-10-05 18:29:01   95.05%  95,050,000 / 100,000,000 packets  elapsed 0:58:07  ETA 0:03:02
2026-10-05 18:29:03   95.10%  95,100,000 / 100,000,000 packets  elapsed 0:58:09  ETA 0:03:00
2026-10-05 18:29:05   95.15%  95,150,000 / 100,000,000 packets  elapsed 0:58:11  ETA 0:02:58
2026-10-05 18:29:07   95.20%  95,200,000 / 100,000,000 packets  elapsed 0:58:13  ETA 0:02:56
2026-10-05 18:29:08   95.25%  95,250,000 / 100,000,000 packets  elapsed 0:58:15  ETA 0:02:54
2026-10-05 18:29:10   95.30%  95,300,000 / 100,000,000 packets  elapsed 0:58:16  ETA 0:02:52
2026-10-05 18:29:12   95.35%  95,350,000 / 100,000,000 packets  elapsed 0:58:18  ETA 0:02:51
2026-10-05 18:29:14   95.40%  95,400,000 / 100,000,000 packets  elapsed 0:58:20  ETA 0:02:49
2026-10-05 18:29:16   95.45%  95,450,000 / 100,000,000 packets  elapsed 0:58:22  ETA 0:02:47
2026-10-05 18:29:18   95.50%  95,500,000 / 100,000,000 packets  elapsed 0:58:24  ETA 0:02:45
2026-10-05 18:29:19   95.55%  95,550,000 / 100,000,000 packets  elapsed 0:58:26  ETA 0:02:43
2026-10-05 18:29:21   95.60%  95,600,000 / 100,000,000 packets  elapsed 0:58:27  ETA 0:02:41
2026-10-05 18:29:23   95.65%  95,650,000 / 100,000,000 packets  elapsed 0:58:29  ETA 0:02:40
2026-10-05 18:29:25   95.70%  95,700,000 / 100,000,000 packets  elapsed 0:58:31  ETA 0:02:38
2026-10-05 18:29:27   95.75%  95,750,000 / 100,000,000 packets  elapsed 0:58:33  ETA 0:02:36
2026-10-05 18:29:29   95.80%  95,800,000 / 100,000,000 packets  elapsed 0:58:35  ETA 0:02:34
2026-10-05 18:29:30   95.85%  95,850,000 / 100,000,000 packets  elapsed 0:58:37  ETA 0:02:32
2026-10-05 18:29:32   95.90%  95,900,000 / 100,000,000 packets  elapsed 0:58:38  ETA 0:02:30
2026-10-05 18:29:34   95.95%  95,950,000 / 100,000,000 packets  elapsed 0:58:40  ETA 0:02:29
2026-10-05 18:29:36   96.00%  96,000,000 / 100,000,000 packets  elapsed 0:58:42  ETA 0:02:27
2026-10-05 18:29:38   96.05%  96,050,000 / 100,000,000 packets  elapsed 0:58:44  ETA 0:02:25
2026-10-05 18:29:40   96.10%  96,100,000 / 100,000,000 packets  elapsed 0:58:46  ETA 0:02:23
2026-10-05 18:29:41   96.15%  96,150,000 / 100,000,000 packets  elapsed 0:58:48  ETA 0:02:21
2026-10-05 18:29:43   96.20%  96,200,000 / 100,000,000 packets  elapsed 0:58:49  ETA 0:02:19
2026-10-05 18:29:45   96.25%  96,250,000 / 100,000,000 packets  elapsed 0:58:51  ETA 0:02:18
2026-10-05 18:29:47   96.30%  96,300,000 / 100,000,000 packets  elapsed 0:58:53  ETA 0:02:16
2026-10-05 18:29:49   96.35%  96,350,000 / 100,000,000 packets  elapsed 0:58:55  ETA 0:02:14
2026-10-05 18:29:50   96.40%  96,400,000 / 100,000,000 packets  elapsed 0:58:57  ETA 0:02:12
2026-10-05 18:29:52   96.45%  96,450,000 / 100,000,000 packets  elapsed 0:58:59  ETA 0:02:10
2026-10-05 18:29:54   96.50%  96,500,000 / 100,000,000 packets  elapsed 0:59:00  ETA 0:02:08
2026-10-05 18:29:56   96.55%  96,550,000 / 100,000,000 packets  elapsed 0:59:02  ETA 0:02:07
2026-10-05 18:29:58   96.60%  96,600,000 / 100,000,000 packets  elapsed 0:59:04  ETA 0:02:05
2026-10-05 18:30:00   96.65%  96,650,000 / 100,000,000 packets  elapsed 0:59:06  ETA 0:02:03
2026-10-05 18:30:01   96.70%  96,700,000 / 100,000,000 packets  elapsed 0:59:08  ETA 0:02:01
2026-10-05 18:30:03   96.75%  96,750,000 / 100,000,000 packets  elapsed 0:59:10  ETA 0:01:59
2026-10-05 18:30:05   96.80%  96,800,000 / 100,000,000 packets  elapsed 0:59:11  ETA 0:01:57
2026-10-05 18:30:07   96.85%  96,850,000 / 100,000,000 packets  elapsed 0:59:13  ETA 0:01:56
2026-10-05 18:30:09   96.90%  96,900,000 / 100,000,000 packets  elapsed 0:59:15  ETA 0:01:54
2026-10-05 18:30:11   96.95%  96,950,000 / 100,000,000 packets  elapsed 0:59:17  ETA 0:01:52
2026-10-05 18:30:12   97.00%  97,000,000 / 100,000,000 packets  elapsed 0:59:19  ETA 0:01:50
2026-10-05 18:30:14   97.05%  97,050,000 / 100,000,000 packets  elapsed 0:59:21  ETA 0:01:48
2026-10-05 18:30:16   97.10%  97,100,000 / 100,000,000 packets  elapsed 0:59:22  ETA 0:01:46
2026-10-05 18:30:18   97.15%  97,150,000 / 100,000,000 packets  elapsed 0:59:24  ETA 0:01:45
2026-10-05 18:30:20   97.20%  97,200,000 / 100,000,000 packets  elapsed 0:59:26  ETA 0:01:43
2026-10-05 18:30:22   97.25%  97,250,000 / 100,000,000 packets  elapsed 0:59:28  ETA 0:01:41
2026-10-05 18:30:23   97.30%  97,300,000 / 100,000,000 packets  elapsed 0:59:30  ETA 0:01:39
2026-10-05 18:30:25   97.35%  97,350,000 / 100,000,000 packets  elapsed 0:59:31  ETA 0:01:37
2026-10-05 18:30:27   97.40%  97,400,000 / 100,000,000 packets  elapsed 0:59:33  ETA 0:01:35
2026-10-05 18:30:29   97.45%  97,450,000 / 100,000,000 packets  elapsed 0:59:35  ETA 0:01:34
2026-10-05 18:30:31   97.50%  97,500,000 / 100,000,000 packets  elapsed 0:59:37  ETA 0:01:32
2026-10-05 18:30:33   97.55%  97,550,000 / 100,000,000 packets  elapsed 0:59:39  ETA 0:01:30
2026-10-05 18:30:34   97.60%  97,600,000 / 100,000,000 packets  elapsed 0:59:41  ETA 0:01:28
2026-10-05 18:30:36   97.65%  97,650,000 / 100,000,000 packets  elapsed 0:59:42  ETA 0:01:26
2026-10-05 18:30:38   97.70%  97,700,000 / 100,000,000 packets  elapsed 0:59:44  ETA 0:01:24
2026-10-05 18:30:40   97.75%  97,750,000 / 100,000,000 packets  elapsed 0:59:46  ETA 0:01:23
2026-10-05 18:30:42   97.80%  97,800,000 / 100,000,000 packets  elapsed 0:59:48  ETA 0:01:21
2026-10-05 18:30:44   97.85%  97,850,000 / 100,000,000 packets  elapsed 0:59:50  ETA 0:01:19
2026-10-05 18:30:45   97.90%  97,900,000 / 100,000,000 packets  elapsed 0:59:52  ETA 0:01:17
2026-10-05 18:30:47   97.95%  97,950,000 / 100,000,000 packets  elapsed 0:59:53  ETA 0:01:15
2026-10-05 18:30:49   98.00%  98,000,000 / 100,000,000 packets  elapsed 0:59:55  ETA 0:01:13
2026-10-05 18:30:51   98.05%  98,050,000 / 100,000,000 packets  elapsed 0:59:57  ETA 0:01:12
2026-10-05 18:30:53   98.10%  98,100,000 / 100,000,000 packets  elapsed 0:59:59  ETA 0:01:10
2026-10-05 18:30:55   98.15%  98,150,000 / 100,000,000 packets  elapsed 1:00:01  ETA 0:01:08
2026-10-05 18:30:56   98.20%  98,200,000 / 100,000,000 packets  elapsed 1:00:03  ETA 0:01:06
2026-10-05 18:30:58   98.25%  98,250,000 / 100,000,000 packets  elapsed 1:00:04  ETA 0:01:04
2026-10-05 18:31:00   98.30%  98,300,000 / 100,000,000 packets  elapsed 1:00:06  ETA 0:01:02
2026-10-05 18:31:02   98.35%  98,350,000 / 100,000,000 packets  elapsed 1:00:08  ETA 0:01:01
2026-10-05 18:31:04   98.40%  98,400,000 / 100,000,000 packets  elapsed 1:00:10  ETA 0:00:59
2026-10-05 18:31:05   98.45%  98,450,000 / 100,000,000 packets  elapsed 1:00:12  ETA 0:00:57
2026-10-05 18:31:07   98.50%  98,500,000 / 100,000,000 packets  elapsed 1:00:14  ETA 0:00:55
2026-10-05 18:31:09   98.55%  98,550,000 / 100,000,000 packets  elapsed 1:00:15  ETA 0:00:53
2026-10-05 18:31:11   98.60%  98,600,000 / 100,000,000 packets  elapsed 1:00:17  ETA 0:00:51
2026-10-05 18:31:13   98.65%  98,650,000 / 100,000,000 packets  elapsed 1:00:19  ETA 0:00:50
2026-10-05 18:31:15   98.70%  98,700,000 / 100,000,000 packets  elapsed 1:00:21  ETA 0:00:48
2026-10-05 18:31:16   98.75%  98,750,000 / 100,000,000 packets  elapsed 1:00:23  ETA 0:00:46
2026-10-05 18:31:18   98.80%  98,800,000 / 100,000,000 packets  elapsed 1:00:25  ETA 0:00:44
2026-10-05 18:31:20   98.85%  98,850,000 / 100,000,000 packets  elapsed 1:00:26  ETA 0:00:42
2026-10-05 18:31:22   98.90%  98,900,000 / 100,000,000 packets  elapsed 1:00:28  ETA 0:00:40
2026-10-05 18:31:24   98.95%  98,950,000 / 100,000,000 packets  elapsed 1:00:30  ETA 0:00:39
2026-10-05 18:31:26   99.00%  99,000,000 / 100,000,000 packets  elapsed 1:00:32  ETA 0:00:37
2026-10-05 18:31:27   99.05%  99,050,000 / 100,000,000 packets  elapsed 1:00:34  ETA 0:00:35
2026-10-05 18:31:29   99.10%  99,100,000 / 100,000,000 packets  elapsed 1:00:35  ETA 0:00:33
2026-10-05 18:31:31   99.15%  99,150,000 / 100,000,000 packets  elapsed 1:00:37  ETA 0:00:31
2026-10-05 18:31:33   99.20%  99,200,000 / 100,000,000 packets  elapsed 1:00:39  ETA 0:00:29
2026-10-05 18:31:35   99.25%  99,250,000 / 100,000,000 packets  elapsed 1:00:41  ETA 0:00:28
2026-10-05 18:31:37   99.30%  99,300,000 / 100,000,000 packets  elapsed 1:00:43  ETA 0:00:26
2026-10-05 18:31:38   99.35%  99,350,000 / 100,000,000 packets  elapsed 1:00:45  ETA 0:00:24
2026-10-05 18:31:40   99.40%  99,400,000 / 100,000,000 packets  elapsed 1:00:46  ETA 0:00:22
2026-10-05 18:31:42   99.45%  99,450,000 / 100,000,000 packets  elapsed 1:00:48  ETA 0:00:20
2026-10-05 18:31:44   99.50%  99,500,000 / 100,000,000 packets  elapsed 1:00:50  ETA 0:00:18
2026-10-05 18:31:46   99.55%  99,550,000 / 100,000,000 packets  elapsed 1:00:52  ETA 0:00:17
2026-10-05 18:31:48   99.60%  99,600,000 / 100,000,000 packets  elapsed 1:00:54  ETA 0:00:15
2026-10-05 18:31:49   99.65%  99,650,000 / 100,000,000 packets  elapsed 1:00:56  ETA 0:00:13
2026-10-05 18:31:51   99.70%  99,700,000 / 100,000,000 packets  elapsed 1:00:57  ETA 0:00:11
2026-10-05 18:31:53   99.75%  99,750,000 / 100,000,000 packets  elapsed 1:00:59  ETA 0:00:09
2026-10-05 18:31:55   99.80%  99,800,000 / 100,000,000 packets  elapsed 1:01:01  ETA 0:00:07
2026-10-05 18:31:57   99.85%  99,850,000 / 100,000,000 packets  elapsed 1:01:03  ETA 0:00:06
2026-10-05 18:31:59   99.90%  99,900,000 / 100,000,000 packets  elapsed 1:01:05  ETA 0:00:04
2026-10-05 18:32:00   99.95%  99,950,000 / 100,000,000 packets  elapsed 1:01:07  ETA 0:00:02
2026-10-05 18:32:02  100.00%  100,000,000 / 100,000,000 packets  elapsed 1:01:08  ETA 0:00:00
Simulation wall time: 3668.5 s
Transport terminal states:
  active: 0
  reached the observer plane: 20,918,823
  escaped through the outer transport boundary: 79,011,121
  absorbed: 70,042
  reached the numerical interaction safety limit: 14
  energy lies outside the dust table: 0
  position or photon four-momentum is invalid: 0
Analog interactions/scatterings: 167,083 / 97,041
Scored/binned observer fluence [ph cm^-2]: 2373407 / 2371797
Scored events valid/binned: 97,041 / 3,374
Unbinned events outside sky/energy/arrival time: 0 / 0 / 93,667
Saved outputs/dsh_image_log.png and outputs/dsh_count_image_log.png
Saved outputs/dsh_image_linear.png and outputs/dsh_count_image_linear.png
Image events: 3,374, max 28 per pixel, 1,613 of 2,597 pixels empty
Total run time: 3676.5 s
Finished Mon Oct  5 18:32:07 +03 2026, elapsed 3682 s
