Job 4016341 on gpu01, started Mon Oct  5 16:42:46 +03 2026, DEVICE=gpu
JAX device: cuda:0 (Tesla V100-PCIE-32GB)
Energy bands: 2.25-3.15 keV
Cloud: clouds/4u1630_NH_111111111100001_DSH_11p5kpc.fits
Cloud shape (z, y, x): (1149, 53, 49)
Simulated source fluence: 6428166 ph cm^-2
Progress log: logs/progress.log
2026-10-05 16:43:05    0.05%  10,000 / 20,000,000 packets  elapsed 0:00:10  ETA 5:29:35
2026-10-05 16:43:05    0.10%  20,000 / 20,000,000 packets  elapsed 0:00:11  ETA 2:57:21
2026-10-05 16:43:06    0.15%  30,000 / 20,000,000 packets  elapsed 0:00:11  ETA 2:05:53
2026-10-05 16:43:07    0.20%  40,000 / 20,000,000 packets  elapsed 0:00:12  ETA 1:40:10
2026-10-05 16:43:08    0.25%  50,000 / 20,000,000 packets  elapsed 0:00:13  ETA 1:24:43
2026-10-05 16:43:08    0.30%  60,000 / 20,000,000 packets  elapsed 0:00:13  ETA 1:14:26
2026-10-05 16:43:09    0.35%  70,000 / 20,000,000 packets  elapsed 0:00:14  ETA 1:07:04
2026-10-05 16:43:10    0.40%  80,000 / 20,000,000 packets  elapsed 0:00:15  ETA 1:01:32
2026-10-05 16:43:10    0.45%  90,000 / 20,000,000 packets  elapsed 0:00:16  ETA 0:57:14
2026-10-05 16:43:11    0.50%  100,000 / 20,000,000 packets  elapsed 0:00:16  ETA 0:53:48
2026-10-05 16:43:12    0.55%  110,000 / 20,000,000 packets  elapsed 0:00:17  ETA 0:50:59
2026-10-05 16:43:12    0.60%  120,000 / 20,000,000 packets  elapsed 0:00:18  ETA 0:48:38
2026-10-05 16:43:13    0.65%  130,000 / 20,000,000 packets  elapsed 0:00:18  ETA 0:46:38
2026-10-05 16:43:14    0.70%  140,000 / 20,000,000 packets  elapsed 0:00:19  ETA 0:44:56
2026-10-05 16:43:15    0.75%  150,000 / 20,000,000 packets  elapsed 0:00:20  ETA 0:43:27
2026-10-05 16:43:15    0.80%  160,000 / 20,000,000 packets  elapsed 0:00:20  ETA 0:42:09
2026-10-05 16:43:16    0.85%  170,000 / 20,000,000 packets  elapsed 0:00:21  ETA 0:41:00
2026-10-05 16:43:17    0.90%  180,000 / 20,000,000 packets  elapsed 0:00:22  ETA 0:39:59
2026-10-05 16:43:17    0.95%  190,000 / 20,000,000 packets  elapsed 0:00:22  ETA 0:39:04
2026-10-05 16:43:18    1.00%  200,000 / 20,000,000 packets  elapsed 0:00:23  ETA 0:38:15
2026-10-05 16:43:19    1.05%  210,000 / 20,000,000 packets  elapsed 0:00:24  ETA 0:37:30
2026-10-05 16:43:19    1.10%  220,000 / 20,000,000 packets  elapsed 0:00:25  ETA 0:36:49
2026-10-05 16:43:20    1.15%  230,000 / 20,000,000 packets  elapsed 0:00:25  ETA 0:36:12
2026-10-05 16:43:21    1.20%  240,000 / 20,000,000 packets  elapsed 0:00:26  ETA 0:35:38
2026-10-05 16:43:21    1.25%  250,000 / 20,000,000 packets  elapsed 0:00:27  ETA 0:35:06
2026-10-05 16:43:22    1.30%  260,000 / 20,000,000 packets  elapsed 0:00:27  ETA 0:34:37
2026-10-05 16:43:23    1.35%  270,000 / 20,000,000 packets  elapsed 0:00:28  ETA 0:34:10
2026-10-05 16:43:24    1.40%  280,000 / 20,000,000 packets  elapsed 0:00:29  ETA 0:33:45
2026-10-05 16:43:24    1.45%  290,000 / 20,000,000 packets  elapsed 0:00:29  ETA 0:33:21
2026-10-05 16:43:25    1.50%  300,000 / 20,000,000 packets  elapsed 0:00:30  ETA 0:32:59
2026-10-05 16:43:26    1.55%  310,000 / 20,000,000 packets  elapsed 0:00:31  ETA 0:32:39
2026-10-05 16:43:26    1.60%  320,000 / 20,000,000 packets  elapsed 0:00:32  ETA 0:32:19
2026-10-05 16:43:27    1.65%  330,000 / 20,000,000 packets  elapsed 0:00:32  ETA 0:32:05
2026-10-05 16:43:28    1.70%  340,000 / 20,000,000 packets  elapsed 0:00:33  ETA 0:31:48
2026-10-05 16:43:29    1.75%  350,000 / 20,000,000 packets  elapsed 0:00:34  ETA 0:31:32
2026-10-05 16:43:29    1.80%  360,000 / 20,000,000 packets  elapsed 0:00:34  ETA 0:31:16
2026-10-05 16:43:30    1.85%  370,000 / 20,000,000 packets  elapsed 0:00:35  ETA 0:31:02
2026-10-05 16:43:31    1.90%  380,000 / 20,000,000 packets  elapsed 0:00:36  ETA 0:30:48
2026-10-05 16:43:31    1.95%  390,000 / 20,000,000 packets  elapsed 0:00:36  ETA 0:30:34
2026-10-05 16:43:32    2.00%  400,000 / 20,000,000 packets  elapsed 0:00:37  ETA 0:30:22
2026-10-05 16:43:33    2.05%  410,000 / 20,000,000 packets  elapsed 0:00:38  ETA 0:30:10
2026-10-05 16:43:33    2.10%  420,000 / 20,000,000 packets  elapsed 0:00:39  ETA 0:29:58
2026-10-05 16:43:34    2.15%  430,000 / 20,000,000 packets  elapsed 0:00:39  ETA 0:29:47
2026-10-05 16:43:35    2.20%  440,000 / 20,000,000 packets  elapsed 0:00:40  ETA 0:29:36
2026-10-05 16:43:35    2.25%  450,000 / 20,000,000 packets  elapsed 0:00:41  ETA 0:29:27
2026-10-05 16:43:36    2.30%  460,000 / 20,000,000 packets  elapsed 0:00:41  ETA 0:29:17
2026-10-05 16:43:37    2.35%  470,000 / 20,000,000 packets  elapsed 0:00:42  ETA 0:29:08
2026-10-05 16:43:38    2.40%  480,000 / 20,000,000 packets  elapsed 0:00:43  ETA 0:28:59
2026-10-05 16:43:38    2.45%  490,000 / 20,000,000 packets  elapsed 0:00:43  ETA 0:28:50
2026-10-05 16:43:39    2.50%  500,000 / 20,000,000 packets  elapsed 0:00:44  ETA 0:28:42
2026-10-05 16:43:40    2.55%  510,000 / 20,000,000 packets  elapsed 0:00:45  ETA 0:28:34
2026-10-05 16:43:40    2.60%  520,000 / 20,000,000 packets  elapsed 0:00:46  ETA 0:28:26
2026-10-05 16:43:41    2.65%  530,000 / 20,000,000 packets  elapsed 0:00:46  ETA 0:28:19
2026-10-05 16:43:42    2.70%  540,000 / 20,000,000 packets  elapsed 0:00:47  ETA 0:28:12
2026-10-05 16:43:42    2.75%  550,000 / 20,000,000 packets  elapsed 0:00:48  ETA 0:28:05
2026-10-05 16:43:43    2.80%  560,000 / 20,000,000 packets  elapsed 0:00:48  ETA 0:27:58
2026-10-05 16:43:44    2.85%  570,000 / 20,000,000 packets  elapsed 0:00:49  ETA 0:27:51
2026-10-05 16:43:45    2.90%  580,000 / 20,000,000 packets  elapsed 0:00:50  ETA 0:27:45
2026-10-05 16:43:45    2.95%  590,000 / 20,000,000 packets  elapsed 0:00:50  ETA 0:27:39
2026-10-05 16:43:46    3.00%  600,000 / 20,000,000 packets  elapsed 0:00:51  ETA 0:27:33
2026-10-05 16:43:47    3.05%  610,000 / 20,000,000 packets  elapsed 0:00:52  ETA 0:27:27
2026-10-05 16:43:47    3.10%  620,000 / 20,000,000 packets  elapsed 0:00:53  ETA 0:27:21
2026-10-05 16:43:48    3.15%  630,000 / 20,000,000 packets  elapsed 0:00:53  ETA 0:27:16
2026-10-05 16:43:49    3.20%  640,000 / 20,000,000 packets  elapsed 0:00:54  ETA 0:27:10
2026-10-05 16:43:49    3.25%  650,000 / 20,000,000 packets  elapsed 0:00:55  ETA 0:27:05
2026-10-05 16:43:50    3.30%  660,000 / 20,000,000 packets  elapsed 0:00:55  ETA 0:27:00
2026-10-05 16:43:51    3.35%  670,000 / 20,000,000 packets  elapsed 0:00:56  ETA 0:26:55
2026-10-05 16:43:51    3.40%  680,000 / 20,000,000 packets  elapsed 0:00:57  ETA 0:26:50
2026-10-05 16:43:52    3.45%  690,000 / 20,000,000 packets  elapsed 0:00:57  ETA 0:26:46
2026-10-05 16:43:53    3.50%  700,000 / 20,000,000 packets  elapsed 0:00:58  ETA 0:26:41
2026-10-05 16:43:54    3.55%  710,000 / 20,000,000 packets  elapsed 0:00:59  ETA 0:26:37
2026-10-05 16:43:54    3.60%  720,000 / 20,000,000 packets  elapsed 0:00:59  ETA 0:26:32
2026-10-05 16:43:55    3.65%  730,000 / 20,000,000 packets  elapsed 0:01:00  ETA 0:26:28
2026-10-05 16:43:56    3.70%  740,000 / 20,000,000 packets  elapsed 0:01:01  ETA 0:26:24
2026-10-05 16:43:56    3.75%  750,000 / 20,000,000 packets  elapsed 0:01:02  ETA 0:26:20
2026-10-05 16:43:57    3.80%  760,000 / 20,000,000 packets  elapsed 0:01:02  ETA 0:26:16
2026-10-05 16:43:58    3.85%  770,000 / 20,000,000 packets  elapsed 0:01:03  ETA 0:26:12
2026-10-05 16:43:58    3.90%  780,000 / 20,000,000 packets  elapsed 0:01:04  ETA 0:26:08
2026-10-05 16:43:59    3.95%  790,000 / 20,000,000 packets  elapsed 0:01:04  ETA 0:26:06
2026-10-05 16:44:00    4.00%  800,000 / 20,000,000 packets  elapsed 0:01:05  ETA 0:26:03
2026-10-05 16:44:01    4.05%  810,000 / 20,000,000 packets  elapsed 0:01:06  ETA 0:25:59
2026-10-05 16:44:01    4.10%  820,000 / 20,000,000 packets  elapsed 0:01:07  ETA 0:25:55
2026-10-05 16:44:02    4.15%  830,000 / 20,000,000 packets  elapsed 0:01:07  ETA 0:25:52
2026-10-05 16:44:03    4.20%  840,000 / 20,000,000 packets  elapsed 0:01:08  ETA 0:25:49
2026-10-05 16:44:03    4.25%  850,000 / 20,000,000 packets  elapsed 0:01:09  ETA 0:25:45
2026-10-05 16:44:04    4.30%  860,000 / 20,000,000 packets  elapsed 0:01:09  ETA 0:25:42
2026-10-05 16:44:05    4.35%  870,000 / 20,000,000 packets  elapsed 0:01:10  ETA 0:25:39
2026-10-05 16:44:05    4.40%  880,000 / 20,000,000 packets  elapsed 0:01:11  ETA 0:25:36
2026-10-05 16:44:06    4.45%  890,000 / 20,000,000 packets  elapsed 0:01:11  ETA 0:25:32
2026-10-05 16:44:07    4.50%  900,000 / 20,000,000 packets  elapsed 0:01:12  ETA 0:25:29
2026-10-05 16:44:08    4.55%  910,000 / 20,000,000 packets  elapsed 0:01:13  ETA 0:25:26
2026-10-05 16:44:08    4.60%  920,000 / 20,000,000 packets  elapsed 0:01:13  ETA 0:25:23
2026-10-05 16:44:09    4.65%  930,000 / 20,000,000 packets  elapsed 0:01:14  ETA 0:25:20
2026-10-05 16:44:10    4.70%  940,000 / 20,000,000 packets  elapsed 0:01:15  ETA 0:25:18
2026-10-05 16:44:10    4.75%  950,000 / 20,000,000 packets  elapsed 0:01:16  ETA 0:25:15
2026-10-05 16:44:11    4.80%  960,000 / 20,000,000 packets  elapsed 0:01:16  ETA 0:25:12
2026-10-05 16:44:12    4.85%  970,000 / 20,000,000 packets  elapsed 0:01:17  ETA 0:25:10
2026-10-05 16:44:12    4.90%  980,000 / 20,000,000 packets  elapsed 0:01:18  ETA 0:25:07
2026-10-05 16:44:13    4.95%  990,000 / 20,000,000 packets  elapsed 0:01:18  ETA 0:25:04
2026-10-05 16:44:14    5.00%  1,000,000 / 20,000,000 packets  elapsed 0:01:19  ETA 0:25:02
2026-10-05 16:44:15    5.05%  1,010,000 / 20,000,000 packets  elapsed 0:01:20  ETA 0:24:59
2026-10-05 16:44:15    5.10%  1,020,000 / 20,000,000 packets  elapsed 0:01:20  ETA 0:24:57
2026-10-05 16:44:16    5.15%  1,030,000 / 20,000,000 packets  elapsed 0:01:21  ETA 0:24:54
2026-10-05 16:44:17    5.20%  1,040,000 / 20,000,000 packets  elapsed 0:01:22  ETA 0:24:52
2026-10-05 16:44:17    5.25%  1,050,000 / 20,000,000 packets  elapsed 0:01:23  ETA 0:24:49
2026-10-05 16:44:18    5.30%  1,060,000 / 20,000,000 packets  elapsed 0:01:23  ETA 0:24:47
2026-10-05 16:44:19    5.35%  1,070,000 / 20,000,000 packets  elapsed 0:01:24  ETA 0:24:44
2026-10-05 16:44:19    5.40%  1,080,000 / 20,000,000 packets  elapsed 0:01:25  ETA 0:24:42
2026-10-05 16:44:20    5.45%  1,090,000 / 20,000,000 packets  elapsed 0:01:25  ETA 0:24:40
2026-10-05 16:44:21    5.50%  1,100,000 / 20,000,000 packets  elapsed 0:01:26  ETA 0:24:38
2026-10-05 16:44:22    5.55%  1,110,000 / 20,000,000 packets  elapsed 0:01:27  ETA 0:24:35
2026-10-05 16:44:22    5.60%  1,120,000 / 20,000,000 packets  elapsed 0:01:27  ETA 0:24:33
2026-10-05 16:44:23    5.65%  1,130,000 / 20,000,000 packets  elapsed 0:01:28  ETA 0:24:31
2026-10-05 16:44:24    5.70%  1,140,000 / 20,000,000 packets  elapsed 0:01:29  ETA 0:24:29
2026-10-05 16:44:24    5.75%  1,150,000 / 20,000,000 packets  elapsed 0:01:29  ETA 0:24:27
2026-10-05 16:44:25    5.80%  1,160,000 / 20,000,000 packets  elapsed 0:01:30  ETA 0:24:25
2026-10-05 16:44:26    5.85%  1,170,000 / 20,000,000 packets  elapsed 0:01:31  ETA 0:24:22
2026-10-05 16:44:26    5.90%  1,180,000 / 20,000,000 packets  elapsed 0:01:32  ETA 0:24:20
2026-10-05 16:44:27    5.95%  1,190,000 / 20,000,000 packets  elapsed 0:01:32  ETA 0:24:18
2026-10-05 16:44:28    6.00%  1,200,000 / 20,000,000 packets  elapsed 0:01:33  ETA 0:24:16
2026-10-05 16:44:28    6.05%  1,210,000 / 20,000,000 packets  elapsed 0:01:34  ETA 0:24:14
2026-10-05 16:44:29    6.10%  1,220,000 / 20,000,000 packets  elapsed 0:01:34  ETA 0:24:12
2026-10-05 16:44:30    6.15%  1,230,000 / 20,000,000 packets  elapsed 0:01:35  ETA 0:24:10
2026-10-05 16:44:31    6.20%  1,240,000 / 20,000,000 packets  elapsed 0:01:36  ETA 0:24:08
2026-10-05 16:44:31    6.25%  1,250,000 / 20,000,000 packets  elapsed 0:01:36  ETA 0:24:06
2026-10-05 16:44:32    6.30%  1,260,000 / 20,000,000 packets  elapsed 0:01:37  ETA 0:24:05
2026-10-05 16:44:33    6.35%  1,270,000 / 20,000,000 packets  elapsed 0:01:38  ETA 0:24:03
2026-10-05 16:44:33    6.40%  1,280,000 / 20,000,000 packets  elapsed 0:01:39  ETA 0:24:01
2026-10-05 16:44:34    6.45%  1,290,000 / 20,000,000 packets  elapsed 0:01:39  ETA 0:23:59
2026-10-05 16:44:35    6.50%  1,300,000 / 20,000,000 packets  elapsed 0:01:40  ETA 0:23:57
2026-10-05 16:44:35    6.55%  1,310,000 / 20,000,000 packets  elapsed 0:01:41  ETA 0:23:55
2026-10-05 16:44:36    6.60%  1,320,000 / 20,000,000 packets  elapsed 0:01:41  ETA 0:23:54
2026-10-05 16:44:37    6.65%  1,330,000 / 20,000,000 packets  elapsed 0:01:42  ETA 0:23:52
2026-10-05 16:44:38    6.70%  1,340,000 / 20,000,000 packets  elapsed 0:01:43  ETA 0:23:50
2026-10-05 16:44:38    6.75%  1,350,000 / 20,000,000 packets  elapsed 0:01:43  ETA 0:23:48
2026-10-05 16:44:39    6.80%  1,360,000 / 20,000,000 packets  elapsed 0:01:44  ETA 0:23:47
2026-10-05 16:44:40    6.85%  1,370,000 / 20,000,000 packets  elapsed 0:01:45  ETA 0:23:45
2026-10-05 16:44:40    6.90%  1,380,000 / 20,000,000 packets  elapsed 0:01:45  ETA 0:23:43
2026-10-05 16:44:41    6.95%  1,390,000 / 20,000,000 packets  elapsed 0:01:46  ETA 0:23:41
2026-10-05 16:44:42    7.00%  1,400,000 / 20,000,000 packets  elapsed 0:01:47  ETA 0:23:40
2026-10-05 16:44:42    7.05%  1,410,000 / 20,000,000 packets  elapsed 0:01:48  ETA 0:23:38
2026-10-05 16:44:43    7.10%  1,420,000 / 20,000,000 packets  elapsed 0:01:48  ETA 0:23:37
2026-10-05 16:44:44    7.15%  1,430,000 / 20,000,000 packets  elapsed 0:01:49  ETA 0:23:35
2026-10-05 16:44:44    7.20%  1,440,000 / 20,000,000 packets  elapsed 0:01:50  ETA 0:23:33
2026-10-05 16:44:45    7.25%  1,450,000 / 20,000,000 packets  elapsed 0:01:50  ETA 0:23:32
2026-10-05 16:44:46    7.30%  1,460,000 / 20,000,000 packets  elapsed 0:01:51  ETA 0:23:30
2026-10-05 16:44:47    7.35%  1,470,000 / 20,000,000 packets  elapsed 0:01:52  ETA 0:23:29
2026-10-05 16:44:47    7.40%  1,480,000 / 20,000,000 packets  elapsed 0:01:52  ETA 0:23:27
2026-10-05 16:44:48    7.45%  1,490,000 / 20,000,000 packets  elapsed 0:01:53  ETA 0:23:25
2026-10-05 16:44:49    7.50%  1,500,000 / 20,000,000 packets  elapsed 0:01:54  ETA 0:23:24
2026-10-05 16:44:49    7.55%  1,510,000 / 20,000,000 packets  elapsed 0:01:55  ETA 0:23:22
2026-10-05 16:44:50    7.60%  1,520,000 / 20,000,000 packets  elapsed 0:01:55  ETA 0:23:21
2026-10-05 16:44:51    7.65%  1,530,000 / 20,000,000 packets  elapsed 0:01:56  ETA 0:23:19
2026-10-05 16:44:51    7.70%  1,540,000 / 20,000,000 packets  elapsed 0:01:57  ETA 0:23:18
2026-10-05 16:44:52    7.75%  1,550,000 / 20,000,000 packets  elapsed 0:01:57  ETA 0:23:16
2026-10-05 16:44:53    7.80%  1,560,000 / 20,000,000 packets  elapsed 0:01:58  ETA 0:23:15
2026-10-05 16:44:54    7.85%  1,570,000 / 20,000,000 packets  elapsed 0:01:59  ETA 0:23:13
2026-10-05 16:44:54    7.90%  1,580,000 / 20,000,000 packets  elapsed 0:01:59  ETA 0:23:12
2026-10-05 16:44:55    7.95%  1,590,000 / 20,000,000 packets  elapsed 0:02:00  ETA 0:23:10
2026-10-05 16:44:56    8.00%  1,600,000 / 20,000,000 packets  elapsed 0:02:01  ETA 0:23:09
2026-10-05 16:44:56    8.05%  1,610,000 / 20,000,000 packets  elapsed 0:02:01  ETA 0:23:08
2026-10-05 16:44:57    8.10%  1,620,000 / 20,000,000 packets  elapsed 0:02:02  ETA 0:23:06
2026-10-05 16:44:58    8.15%  1,630,000 / 20,000,000 packets  elapsed 0:02:03  ETA 0:23:05
2026-10-05 16:44:58    8.20%  1,640,000 / 20,000,000 packets  elapsed 0:02:04  ETA 0:23:03
2026-10-05 16:44:59    8.25%  1,650,000 / 20,000,000 packets  elapsed 0:02:04  ETA 0:23:02
2026-10-05 16:45:00    8.30%  1,660,000 / 20,000,000 packets  elapsed 0:02:05  ETA 0:23:01
2026-10-05 16:45:00    8.35%  1,670,000 / 20,000,000 packets  elapsed 0:02:06  ETA 0:22:59
2026-10-05 16:45:01    8.40%  1,680,000 / 20,000,000 packets  elapsed 0:02:06  ETA 0:22:58
2026-10-05 16:45:02    8.45%  1,690,000 / 20,000,000 packets  elapsed 0:02:07  ETA 0:22:56
2026-10-05 16:45:03    8.50%  1,700,000 / 20,000,000 packets  elapsed 0:02:08  ETA 0:22:55
2026-10-05 16:45:03    8.55%  1,710,000 / 20,000,000 packets  elapsed 0:02:08  ETA 0:22:54
2026-10-05 16:45:04    8.60%  1,720,000 / 20,000,000 packets  elapsed 0:02:09  ETA 0:22:52
2026-10-05 16:45:05    8.65%  1,730,000 / 20,000,000 packets  elapsed 0:02:10  ETA 0:22:51
2026-10-05 16:45:05    8.70%  1,740,000 / 20,000,000 packets  elapsed 0:02:11  ETA 0:22:50
2026-10-05 16:45:06    8.75%  1,750,000 / 20,000,000 packets  elapsed 0:02:11  ETA 0:22:48
2026-10-05 16:45:07    8.80%  1,760,000 / 20,000,000 packets  elapsed 0:02:12  ETA 0:22:47
2026-10-05 16:45:07    8.85%  1,770,000 / 20,000,000 packets  elapsed 0:02:13  ETA 0:22:46
2026-10-05 16:45:08    8.90%  1,780,000 / 20,000,000 packets  elapsed 0:02:13  ETA 0:22:45
2026-10-05 16:45:09    8.95%  1,790,000 / 20,000,000 packets  elapsed 0:02:14  ETA 0:22:43
2026-10-05 16:45:10    9.00%  1,800,000 / 20,000,000 packets  elapsed 0:02:15  ETA 0:22:42
2026-10-05 16:45:10    9.05%  1,810,000 / 20,000,000 packets  elapsed 0:02:15  ETA 0:22:41
2026-10-05 16:45:11    9.10%  1,820,000 / 20,000,000 packets  elapsed 0:02:16  ETA 0:22:39
2026-10-05 16:45:12    9.15%  1,830,000 / 20,000,000 packets  elapsed 0:02:17  ETA 0:22:38
2026-10-05 16:45:12    9.20%  1,840,000 / 20,000,000 packets  elapsed 0:02:17  ETA 0:22:37
2026-10-05 16:45:13    9.25%  1,850,000 / 20,000,000 packets  elapsed 0:02:18  ETA 0:22:36
2026-10-05 16:45:14    9.30%  1,860,000 / 20,000,000 packets  elapsed 0:02:19  ETA 0:22:34
2026-10-05 16:45:14    9.35%  1,870,000 / 20,000,000 packets  elapsed 0:02:20  ETA 0:22:33
2026-10-05 16:45:15    9.40%  1,880,000 / 20,000,000 packets  elapsed 0:02:20  ETA 0:22:32
2026-10-05 16:45:16    9.45%  1,890,000 / 20,000,000 packets  elapsed 0:02:21  ETA 0:22:31
2026-10-05 16:45:16    9.50%  1,900,000 / 20,000,000 packets  elapsed 0:02:22  ETA 0:22:29
2026-10-05 16:45:17    9.55%  1,910,000 / 20,000,000 packets  elapsed 0:02:22  ETA 0:22:28
2026-10-05 16:45:18    9.60%  1,920,000 / 20,000,000 packets  elapsed 0:02:23  ETA 0:22:27
2026-10-05 16:45:19    9.65%  1,930,000 / 20,000,000 packets  elapsed 0:02:24  ETA 0:22:26
2026-10-05 16:45:19    9.70%  1,940,000 / 20,000,000 packets  elapsed 0:02:24  ETA 0:22:25
2026-10-05 16:45:20    9.75%  1,950,000 / 20,000,000 packets  elapsed 0:02:25  ETA 0:22:23
2026-10-05 16:45:21    9.80%  1,960,000 / 20,000,000 packets  elapsed 0:02:26  ETA 0:22:22
2026-10-05 16:45:21    9.85%  1,970,000 / 20,000,000 packets  elapsed 0:02:27  ETA 0:22:21
2026-10-05 16:45:22    9.90%  1,980,000 / 20,000,000 packets  elapsed 0:02:27  ETA 0:22:20
2026-10-05 16:45:23    9.95%  1,990,000 / 20,000,000 packets  elapsed 0:02:28  ETA 0:22:19
2026-10-05 16:45:23   10.00%  2,000,000 / 20,000,000 packets  elapsed 0:02:29  ETA 0:22:18
2026-10-05 16:45:24   10.05%  2,010,000 / 20,000,000 packets  elapsed 0:02:29  ETA 0:22:16
2026-10-05 16:45:25   10.10%  2,020,000 / 20,000,000 packets  elapsed 0:02:30  ETA 0:22:15
2026-10-05 16:45:26   10.15%  2,030,000 / 20,000,000 packets  elapsed 0:02:31  ETA 0:22:14
2026-10-05 16:45:26   10.20%  2,040,000 / 20,000,000 packets  elapsed 0:02:31  ETA 0:22:13
2026-10-05 16:45:27   10.25%  2,050,000 / 20,000,000 packets  elapsed 0:02:32  ETA 0:22:12
2026-10-05 16:45:28   10.30%  2,060,000 / 20,000,000 packets  elapsed 0:02:33  ETA 0:22:11
2026-10-05 16:45:28   10.35%  2,070,000 / 20,000,000 packets  elapsed 0:02:33  ETA 0:22:09
2026-10-05 16:45:29   10.40%  2,080,000 / 20,000,000 packets  elapsed 0:02:34  ETA 0:22:08
2026-10-05 16:45:30   10.45%  2,090,000 / 20,000,000 packets  elapsed 0:02:35  ETA 0:22:07
2026-10-05 16:45:30   10.50%  2,100,000 / 20,000,000 packets  elapsed 0:02:36  ETA 0:22:06
2026-10-05 16:45:31   10.55%  2,110,000 / 20,000,000 packets  elapsed 0:02:36  ETA 0:22:05
2026-10-05 16:45:32   10.60%  2,120,000 / 20,000,000 packets  elapsed 0:02:37  ETA 0:22:04
2026-10-05 16:45:32   10.65%  2,130,000 / 20,000,000 packets  elapsed 0:02:38  ETA 0:22:03
2026-10-05 16:45:33   10.70%  2,140,000 / 20,000,000 packets  elapsed 0:02:38  ETA 0:22:02
2026-10-05 16:45:34   10.75%  2,150,000 / 20,000,000 packets  elapsed 0:02:39  ETA 0:22:00
2026-10-05 16:45:35   10.80%  2,160,000 / 20,000,000 packets  elapsed 0:02:40  ETA 0:21:59
2026-10-05 16:45:35   10.85%  2,170,000 / 20,000,000 packets  elapsed 0:02:40  ETA 0:21:58
2026-10-05 16:45:36   10.90%  2,180,000 / 20,000,000 packets  elapsed 0:02:41  ETA 0:21:57
2026-10-05 16:45:37   10.95%  2,190,000 / 20,000,000 packets  elapsed 0:02:42  ETA 0:21:56
2026-10-05 16:45:37   11.00%  2,200,000 / 20,000,000 packets  elapsed 0:02:43  ETA 0:21:55
2026-10-05 16:45:38   11.05%  2,210,000 / 20,000,000 packets  elapsed 0:02:43  ETA 0:21:54
2026-10-05 16:45:39   11.10%  2,220,000 / 20,000,000 packets  elapsed 0:02:44  ETA 0:21:53
2026-10-05 16:45:39   11.15%  2,230,000 / 20,000,000 packets  elapsed 0:02:45  ETA 0:21:52
2026-10-05 16:45:40   11.20%  2,240,000 / 20,000,000 packets  elapsed 0:02:45  ETA 0:21:51
2026-10-05 16:45:41   11.25%  2,250,000 / 20,000,000 packets  elapsed 0:02:46  ETA 0:21:50
2026-10-05 16:45:42   11.30%  2,260,000 / 20,000,000 packets  elapsed 0:02:47  ETA 0:21:49
2026-10-05 16:45:42   11.35%  2,270,000 / 20,000,000 packets  elapsed 0:02:47  ETA 0:21:47
2026-10-05 16:45:43   11.40%  2,280,000 / 20,000,000 packets  elapsed 0:02:48  ETA 0:21:46
2026-10-05 16:45:44   11.45%  2,290,000 / 20,000,000 packets  elapsed 0:02:49  ETA 0:21:45
2026-10-05 16:45:44   11.50%  2,300,000 / 20,000,000 packets  elapsed 0:02:49  ETA 0:21:44
2026-10-05 16:45:45   11.55%  2,310,000 / 20,000,000 packets  elapsed 0:02:50  ETA 0:21:43
2026-10-05 16:45:46   11.60%  2,320,000 / 20,000,000 packets  elapsed 0:02:51  ETA 0:21:42
2026-10-05 16:45:46   11.65%  2,330,000 / 20,000,000 packets  elapsed 0:02:52  ETA 0:21:41
2026-10-05 16:45:47   11.70%  2,340,000 / 20,000,000 packets  elapsed 0:02:52  ETA 0:21:40
2026-10-05 16:45:48   11.75%  2,350,000 / 20,000,000 packets  elapsed 0:02:53  ETA 0:21:39
2026-10-05 16:45:48   11.80%  2,360,000 / 20,000,000 packets  elapsed 0:02:54  ETA 0:21:38
2026-10-05 16:45:49   11.85%  2,370,000 / 20,000,000 packets  elapsed 0:02:54  ETA 0:21:37
2026-10-05 16:45:50   11.90%  2,380,000 / 20,000,000 packets  elapsed 0:02:55  ETA 0:21:36
2026-10-05 16:45:51   11.95%  2,390,000 / 20,000,000 packets  elapsed 0:02:56  ETA 0:21:35
2026-10-05 16:45:51   12.00%  2,400,000 / 20,000,000 packets  elapsed 0:02:56  ETA 0:21:34
2026-10-05 16:45:52   12.05%  2,410,000 / 20,000,000 packets  elapsed 0:02:57  ETA 0:21:33
2026-10-05 16:45:53   12.10%  2,420,000 / 20,000,000 packets  elapsed 0:02:58  ETA 0:21:32
2026-10-05 16:45:53   12.15%  2,430,000 / 20,000,000 packets  elapsed 0:02:59  ETA 0:21:31
2026-10-05 16:45:54   12.20%  2,440,000 / 20,000,000 packets  elapsed 0:02:59  ETA 0:21:30
2026-10-05 16:45:55   12.25%  2,450,000 / 20,000,000 packets  elapsed 0:03:00  ETA 0:21:29
2026-10-05 16:45:56   12.30%  2,460,000 / 20,000,000 packets  elapsed 0:03:01  ETA 0:21:28
2026-10-05 16:45:56   12.35%  2,470,000 / 20,000,000 packets  elapsed 0:03:01  ETA 0:21:27
2026-10-05 16:45:57   12.40%  2,480,000 / 20,000,000 packets  elapsed 0:03:02  ETA 0:21:26
2026-10-05 16:45:58   12.45%  2,490,000 / 20,000,000 packets  elapsed 0:03:03  ETA 0:21:25
2026-10-05 16:45:58   12.50%  2,500,000 / 20,000,000 packets  elapsed 0:03:03  ETA 0:21:24
2026-10-05 16:45:59   12.55%  2,510,000 / 20,000,000 packets  elapsed 0:03:04  ETA 0:21:23
2026-10-05 16:46:00   12.60%  2,520,000 / 20,000,000 packets  elapsed 0:03:05  ETA 0:21:22
2026-10-05 16:46:00   12.65%  2,530,000 / 20,000,000 packets  elapsed 0:03:06  ETA 0:21:21
2026-10-05 16:46:01   12.70%  2,540,000 / 20,000,000 packets  elapsed 0:03:06  ETA 0:21:20
2026-10-05 16:46:02   12.75%  2,550,000 / 20,000,000 packets  elapsed 0:03:07  ETA 0:21:19
2026-10-05 16:46:02   12.80%  2,560,000 / 20,000,000 packets  elapsed 0:03:08  ETA 0:21:18
2026-10-05 16:46:03   12.85%  2,570,000 / 20,000,000 packets  elapsed 0:03:08  ETA 0:21:17
2026-10-05 16:46:04   12.90%  2,580,000 / 20,000,000 packets  elapsed 0:03:09  ETA 0:21:16
2026-10-05 16:46:05   12.95%  2,590,000 / 20,000,000 packets  elapsed 0:03:10  ETA 0:21:15
2026-10-05 16:46:05   13.00%  2,600,000 / 20,000,000 packets  elapsed 0:03:10  ETA 0:21:14
2026-10-05 16:46:06   13.05%  2,610,000 / 20,000,000 packets  elapsed 0:03:11  ETA 0:21:14
2026-10-05 16:46:07   13.10%  2,620,000 / 20,000,000 packets  elapsed 0:03:12  ETA 0:21:13
2026-10-05 16:46:07   13.15%  2,630,000 / 20,000,000 packets  elapsed 0:03:13  ETA 0:21:12
2026-10-05 16:46:08   13.20%  2,640,000 / 20,000,000 packets  elapsed 0:03:13  ETA 0:21:11
2026-10-05 16:46:09   13.25%  2,650,000 / 20,000,000 packets  elapsed 0:03:14  ETA 0:21:10
2026-10-05 16:46:09   13.30%  2,660,000 / 20,000,000 packets  elapsed 0:03:15  ETA 0:21:09
2026-10-05 16:46:10   13.35%  2,670,000 / 20,000,000 packets  elapsed 0:03:15  ETA 0:21:08
2026-10-05 16:46:11   13.40%  2,680,000 / 20,000,000 packets  elapsed 0:03:16  ETA 0:21:07
2026-10-05 16:46:12   13.45%  2,690,000 / 20,000,000 packets  elapsed 0:03:17  ETA 0:21:06
2026-10-05 16:46:12   13.50%  2,700,000 / 20,000,000 packets  elapsed 0:03:17  ETA 0:21:05
2026-10-05 16:46:13   13.55%  2,710,000 / 20,000,000 packets  elapsed 0:03:18  ETA 0:21:04
2026-10-05 16:46:14   13.60%  2,720,000 / 20,000,000 packets  elapsed 0:03:19  ETA 0:21:03
2026-10-05 16:46:14   13.65%  2,730,000 / 20,000,000 packets  elapsed 0:03:19  ETA 0:21:02
2026-10-05 16:46:15   13.70%  2,740,000 / 20,000,000 packets  elapsed 0:03:20  ETA 0:21:01
2026-10-05 16:46:16   13.75%  2,750,000 / 20,000,000 packets  elapsed 0:03:21  ETA 0:21:00
2026-10-05 16:46:16   13.80%  2,760,000 / 20,000,000 packets  elapsed 0:03:22  ETA 0:20:59
2026-10-05 16:46:17   13.85%  2,770,000 / 20,000,000 packets  elapsed 0:03:22  ETA 0:20:58
2026-10-05 16:46:18   13.90%  2,780,000 / 20,000,000 packets  elapsed 0:03:23  ETA 0:20:57
2026-10-05 16:46:18   13.95%  2,790,000 / 20,000,000 packets  elapsed 0:03:24  ETA 0:20:56
2026-10-05 16:46:19   14.00%  2,800,000 / 20,000,000 packets  elapsed 0:03:24  ETA 0:20:55
2026-10-05 16:46:20   14.05%  2,810,000 / 20,000,000 packets  elapsed 0:03:25  ETA 0:20:54
2026-10-05 16:46:21   14.10%  2,820,000 / 20,000,000 packets  elapsed 0:03:26  ETA 0:20:53
2026-10-05 16:46:21   14.15%  2,830,000 / 20,000,000 packets  elapsed 0:03:26  ETA 0:20:53
2026-10-05 16:46:22   14.20%  2,840,000 / 20,000,000 packets  elapsed 0:03:27  ETA 0:20:52
2026-10-05 16:46:23   14.25%  2,850,000 / 20,000,000 packets  elapsed 0:03:28  ETA 0:20:51
2026-10-05 16:46:23   14.30%  2,860,000 / 20,000,000 packets  elapsed 0:03:29  ETA 0:20:50
2026-10-05 16:46:24   14.35%  2,870,000 / 20,000,000 packets  elapsed 0:03:29  ETA 0:20:49
2026-10-05 16:46:25   14.40%  2,880,000 / 20,000,000 packets  elapsed 0:03:30  ETA 0:20:48
2026-10-05 16:46:25   14.45%  2,890,000 / 20,000,000 packets  elapsed 0:03:31  ETA 0:20:47
2026-10-05 16:46:26   14.50%  2,900,000 / 20,000,000 packets  elapsed 0:03:31  ETA 0:20:46
2026-10-05 16:46:27   14.55%  2,910,000 / 20,000,000 packets  elapsed 0:03:32  ETA 0:20:45
2026-10-05 16:46:28   14.60%  2,920,000 / 20,000,000 packets  elapsed 0:03:33  ETA 0:20:44
2026-10-05 16:46:28   14.65%  2,930,000 / 20,000,000 packets  elapsed 0:03:33  ETA 0:20:43
2026-10-05 16:46:29   14.70%  2,940,000 / 20,000,000 packets  elapsed 0:03:34  ETA 0:20:42
2026-10-05 16:46:30   14.75%  2,950,000 / 20,000,000 packets  elapsed 0:03:35  ETA 0:20:41
2026-10-05 16:46:30   14.80%  2,960,000 / 20,000,000 packets  elapsed 0:03:35  ETA 0:20:41
2026-10-05 16:46:31   14.85%  2,970,000 / 20,000,000 packets  elapsed 0:03:36  ETA 0:20:40
2026-10-05 16:46:32   14.90%  2,980,000 / 20,000,000 packets  elapsed 0:03:37  ETA 0:20:39
2026-10-05 16:46:32   14.95%  2,990,000 / 20,000,000 packets  elapsed 0:03:38  ETA 0:20:38
2026-10-05 16:46:33   15.00%  3,000,000 / 20,000,000 packets  elapsed 0:03:38  ETA 0:20:37
2026-10-05 16:46:34   15.05%  3,010,000 / 20,000,000 packets  elapsed 0:03:39  ETA 0:20:36
2026-10-05 16:46:35   15.10%  3,020,000 / 20,000,000 packets  elapsed 0:03:40  ETA 0:20:36
2026-10-05 16:46:35   15.15%  3,030,000 / 20,000,000 packets  elapsed 0:03:40  ETA 0:20:35
2026-10-05 16:46:36   15.20%  3,040,000 / 20,000,000 packets  elapsed 0:03:41  ETA 0:20:34
2026-10-05 16:46:37   15.25%  3,050,000 / 20,000,000 packets  elapsed 0:03:42  ETA 0:20:33
2026-10-05 16:46:37   15.30%  3,060,000 / 20,000,000 packets  elapsed 0:03:43  ETA 0:20:32
2026-10-05 16:46:38   15.35%  3,070,000 / 20,000,000 packets  elapsed 0:03:43  ETA 0:20:31
2026-10-05 16:46:39   15.40%  3,080,000 / 20,000,000 packets  elapsed 0:03:44  ETA 0:20:30
2026-10-05 16:46:39   15.45%  3,090,000 / 20,000,000 packets  elapsed 0:03:45  ETA 0:20:29
2026-10-05 16:46:40   15.50%  3,100,000 / 20,000,000 packets  elapsed 0:03:45  ETA 0:20:28
2026-10-05 16:46:41   15.55%  3,110,000 / 20,000,000 packets  elapsed 0:03:46  ETA 0:20:27
2026-10-05 16:46:42   15.60%  3,120,000 / 20,000,000 packets  elapsed 0:03:47  ETA 0:20:26
2026-10-05 16:46:42   15.65%  3,130,000 / 20,000,000 packets  elapsed 0:03:47  ETA 0:20:26
2026-10-05 16:46:43   15.70%  3,140,000 / 20,000,000 packets  elapsed 0:03:48  ETA 0:20:25
2026-10-05 16:46:44   15.75%  3,150,000 / 20,000,000 packets  elapsed 0:03:49  ETA 0:20:24
2026-10-05 16:46:44   15.80%  3,160,000 / 20,000,000 packets  elapsed 0:03:49  ETA 0:20:23
2026-10-05 16:46:45   15.85%  3,170,000 / 20,000,000 packets  elapsed 0:03:50  ETA 0:20:22
2026-10-05 16:46:46   15.90%  3,180,000 / 20,000,000 packets  elapsed 0:03:51  ETA 0:20:21
2026-10-05 16:46:46   15.95%  3,190,000 / 20,000,000 packets  elapsed 0:03:52  ETA 0:20:20
2026-10-05 16:46:47   16.00%  3,200,000 / 20,000,000 packets  elapsed 0:03:52  ETA 0:20:19
2026-10-05 16:46:48   16.05%  3,210,000 / 20,000,000 packets  elapsed 0:03:53  ETA 0:20:18
2026-10-05 16:46:48   16.10%  3,220,000 / 20,000,000 packets  elapsed 0:03:54  ETA 0:20:18
2026-10-05 16:46:49   16.15%  3,230,000 / 20,000,000 packets  elapsed 0:03:54  ETA 0:20:17
2026-10-05 16:46:50   16.20%  3,240,000 / 20,000,000 packets  elapsed 0:03:55  ETA 0:20:16
2026-10-05 16:46:51   16.25%  3,250,000 / 20,000,000 packets  elapsed 0:03:56  ETA 0:20:15
2026-10-05 16:46:51   16.30%  3,260,000 / 20,000,000 packets  elapsed 0:03:56  ETA 0:20:14
2026-10-05 16:46:52   16.35%  3,270,000 / 20,000,000 packets  elapsed 0:03:57  ETA 0:20:13
2026-10-05 16:46:53   16.40%  3,280,000 / 20,000,000 packets  elapsed 0:03:58  ETA 0:20:12
2026-10-05 16:46:53   16.45%  3,290,000 / 20,000,000 packets  elapsed 0:03:59  ETA 0:20:12
2026-10-05 16:46:54   16.50%  3,300,000 / 20,000,000 packets  elapsed 0:03:59  ETA 0:20:11
2026-10-05 16:46:55   16.55%  3,310,000 / 20,000,000 packets  elapsed 0:04:00  ETA 0:20:10
2026-10-05 16:46:55   16.60%  3,320,000 / 20,000,000 packets  elapsed 0:04:01  ETA 0:20:09
2026-10-05 16:46:56   16.65%  3,330,000 / 20,000,000 packets  elapsed 0:04:01  ETA 0:20:08
2026-10-05 16:46:57   16.70%  3,340,000 / 20,000,000 packets  elapsed 0:04:02  ETA 0:20:07
2026-10-05 16:46:58   16.75%  3,350,000 / 20,000,000 packets  elapsed 0:04:03  ETA 0:20:06
2026-10-05 16:46:58   16.80%  3,360,000 / 20,000,000 packets  elapsed 0:04:03  ETA 0:20:06
2026-10-05 16:46:59   16.85%  3,370,000 / 20,000,000 packets  elapsed 0:04:04  ETA 0:20:05
2026-10-05 16:47:00   16.90%  3,380,000 / 20,000,000 packets  elapsed 0:04:05  ETA 0:20:04
2026-10-05 16:47:00   16.95%  3,390,000 / 20,000,000 packets  elapsed 0:04:06  ETA 0:20:03
2026-10-05 16:47:01   17.00%  3,400,000 / 20,000,000 packets  elapsed 0:04:06  ETA 0:20:02
2026-10-05 16:47:02   17.05%  3,410,000 / 20,000,000 packets  elapsed 0:04:07  ETA 0:20:01
2026-10-05 16:47:02   17.10%  3,420,000 / 20,000,000 packets  elapsed 0:04:08  ETA 0:20:00
2026-10-05 16:47:03   17.15%  3,430,000 / 20,000,000 packets  elapsed 0:04:08  ETA 0:20:00
2026-10-05 16:47:04   17.20%  3,440,000 / 20,000,000 packets  elapsed 0:04:09  ETA 0:19:59
2026-10-05 16:47:05   17.25%  3,450,000 / 20,000,000 packets  elapsed 0:04:10  ETA 0:19:58
2026-10-05 16:47:05   17.30%  3,460,000 / 20,000,000 packets  elapsed 0:04:10  ETA 0:19:57
2026-10-05 16:47:06   17.35%  3,470,000 / 20,000,000 packets  elapsed 0:04:11  ETA 0:19:56
2026-10-05 16:47:07   17.40%  3,480,000 / 20,000,000 packets  elapsed 0:04:12  ETA 0:19:55
2026-10-05 16:47:07   17.45%  3,490,000 / 20,000,000 packets  elapsed 0:04:12  ETA 0:19:54
2026-10-05 16:47:08   17.50%  3,500,000 / 20,000,000 packets  elapsed 0:04:13  ETA 0:19:54
2026-10-05 16:47:09   17.55%  3,510,000 / 20,000,000 packets  elapsed 0:04:14  ETA 0:19:53
2026-10-05 16:47:09   17.60%  3,520,000 / 20,000,000 packets  elapsed 0:04:15  ETA 0:19:52
2026-10-05 16:47:10   17.65%  3,530,000 / 20,000,000 packets  elapsed 0:04:15  ETA 0:19:51
2026-10-05 16:47:11   17.70%  3,540,000 / 20,000,000 packets  elapsed 0:04:16  ETA 0:19:50
2026-10-05 16:47:11   17.75%  3,550,000 / 20,000,000 packets  elapsed 0:04:17  ETA 0:19:49
2026-10-05 16:47:12   17.80%  3,560,000 / 20,000,000 packets  elapsed 0:04:17  ETA 0:19:48
2026-10-05 16:47:13   17.85%  3,570,000 / 20,000,000 packets  elapsed 0:04:18  ETA 0:19:48
2026-10-05 16:47:14   17.90%  3,580,000 / 20,000,000 packets  elapsed 0:04:19  ETA 0:19:47
2026-10-05 16:47:14   17.95%  3,590,000 / 20,000,000 packets  elapsed 0:04:19  ETA 0:19:46
2026-10-05 16:47:15   18.00%  3,600,000 / 20,000,000 packets  elapsed 0:04:20  ETA 0:19:45
2026-10-05 16:47:16   18.05%  3,610,000 / 20,000,000 packets  elapsed 0:04:21  ETA 0:19:44
2026-10-05 16:47:16   18.10%  3,620,000 / 20,000,000 packets  elapsed 0:04:22  ETA 0:19:43
2026-10-05 16:47:17   18.15%  3,630,000 / 20,000,000 packets  elapsed 0:04:22  ETA 0:19:42
2026-10-05 16:47:18   18.20%  3,640,000 / 20,000,000 packets  elapsed 0:04:23  ETA 0:19:42
2026-10-05 16:47:18   18.25%  3,650,000 / 20,000,000 packets  elapsed 0:04:24  ETA 0:19:41
2026-10-05 16:47:19   18.30%  3,660,000 / 20,000,000 packets  elapsed 0:04:24  ETA 0:19:40
2026-10-05 16:47:20   18.35%  3,670,000 / 20,000,000 packets  elapsed 0:04:25  ETA 0:19:39
2026-10-05 16:47:21   18.40%  3,680,000 / 20,000,000 packets  elapsed 0:04:26  ETA 0:19:38
2026-10-05 16:47:21   18.45%  3,690,000 / 20,000,000 packets  elapsed 0:04:26  ETA 0:19:37
2026-10-05 16:47:22   18.50%  3,700,000 / 20,000,000 packets  elapsed 0:04:27  ETA 0:19:37
2026-10-05 16:47:23   18.55%  3,710,000 / 20,000,000 packets  elapsed 0:04:28  ETA 0:19:36
2026-10-05 16:47:23   18.60%  3,720,000 / 20,000,000 packets  elapsed 0:04:28  ETA 0:19:35
2026-10-05 16:47:24   18.65%  3,730,000 / 20,000,000 packets  elapsed 0:04:29  ETA 0:19:34
2026-10-05 16:47:25   18.70%  3,740,000 / 20,000,000 packets  elapsed 0:04:30  ETA 0:19:33
2026-10-05 16:47:25   18.75%  3,750,000 / 20,000,000 packets  elapsed 0:04:31  ETA 0:19:32
2026-10-05 16:47:26   18.80%  3,760,000 / 20,000,000 packets  elapsed 0:04:31  ETA 0:19:32
2026-10-05 16:47:27   18.85%  3,770,000 / 20,000,000 packets  elapsed 0:04:32  ETA 0:19:31
2026-10-05 16:47:27   18.90%  3,780,000 / 20,000,000 packets  elapsed 0:04:33  ETA 0:19:30
2026-10-05 16:47:28   18.95%  3,790,000 / 20,000,000 packets  elapsed 0:04:33  ETA 0:19:29
2026-10-05 16:47:29   19.00%  3,800,000 / 20,000,000 packets  elapsed 0:04:34  ETA 0:19:28
2026-10-05 16:47:30   19.05%  3,810,000 / 20,000,000 packets  elapsed 0:04:35  ETA 0:19:27
2026-10-05 16:47:30   19.10%  3,820,000 / 20,000,000 packets  elapsed 0:04:35  ETA 0:19:27
2026-10-05 16:47:31   19.15%  3,830,000 / 20,000,000 packets  elapsed 0:04:36  ETA 0:19:26
2026-10-05 16:47:32   19.20%  3,840,000 / 20,000,000 packets  elapsed 0:04:37  ETA 0:19:25
2026-10-05 16:47:32   19.25%  3,850,000 / 20,000,000 packets  elapsed 0:04:38  ETA 0:19:24
2026-10-05 16:47:33   19.30%  3,860,000 / 20,000,000 packets  elapsed 0:04:38  ETA 0:19:23
2026-10-05 16:47:34   19.35%  3,870,000 / 20,000,000 packets  elapsed 0:04:39  ETA 0:19:22
2026-10-05 16:47:34   19.40%  3,880,000 / 20,000,000 packets  elapsed 0:04:40  ETA 0:19:22
2026-10-05 16:47:35   19.45%  3,890,000 / 20,000,000 packets  elapsed 0:04:40  ETA 0:19:21
2026-10-05 16:47:36   19.50%  3,900,000 / 20,000,000 packets  elapsed 0:04:41  ETA 0:19:20
2026-10-05 16:47:36   19.55%  3,910,000 / 20,000,000 packets  elapsed 0:04:42  ETA 0:19:19
2026-10-05 16:47:37   19.60%  3,920,000 / 20,000,000 packets  elapsed 0:04:42  ETA 0:19:18
2026-10-05 16:47:38   19.65%  3,930,000 / 20,000,000 packets  elapsed 0:04:43  ETA 0:19:18
2026-10-05 16:47:39   19.70%  3,940,000 / 20,000,000 packets  elapsed 0:04:44  ETA 0:19:17
2026-10-05 16:47:39   19.75%  3,950,000 / 20,000,000 packets  elapsed 0:04:44  ETA 0:19:16
2026-10-05 16:47:40   19.80%  3,960,000 / 20,000,000 packets  elapsed 0:04:45  ETA 0:19:15
2026-10-05 16:47:41   19.85%  3,970,000 / 20,000,000 packets  elapsed 0:04:46  ETA 0:19:14
2026-10-05 16:47:41   19.90%  3,980,000 / 20,000,000 packets  elapsed 0:04:47  ETA 0:19:13
2026-10-05 16:47:42   19.95%  3,990,000 / 20,000,000 packets  elapsed 0:04:47  ETA 0:19:13
2026-10-05 16:47:43   20.00%  4,000,000 / 20,000,000 packets  elapsed 0:04:48  ETA 0:19:12
2026-10-05 16:47:43   20.05%  4,010,000 / 20,000,000 packets  elapsed 0:04:49  ETA 0:19:11
2026-10-05 16:47:44   20.10%  4,020,000 / 20,000,000 packets  elapsed 0:04:49  ETA 0:19:10
2026-10-05 16:47:45   20.15%  4,030,000 / 20,000,000 packets  elapsed 0:04:50  ETA 0:19:09
2026-10-05 16:47:46   20.20%  4,040,000 / 20,000,000 packets  elapsed 0:04:51  ETA 0:19:09
2026-10-05 16:47:46   20.25%  4,050,000 / 20,000,000 packets  elapsed 0:04:51  ETA 0:19:08
2026-10-05 16:47:47   20.30%  4,060,000 / 20,000,000 packets  elapsed 0:04:52  ETA 0:19:07
2026-10-05 16:47:48   20.35%  4,070,000 / 20,000,000 packets  elapsed 0:04:53  ETA 0:19:06
2026-10-05 16:47:48   20.40%  4,080,000 / 20,000,000 packets  elapsed 0:04:54  ETA 0:19:05
2026-10-05 16:47:49   20.45%  4,090,000 / 20,000,000 packets  elapsed 0:04:54  ETA 0:19:04
2026-10-05 16:47:50   20.50%  4,100,000 / 20,000,000 packets  elapsed 0:04:55  ETA 0:19:04
2026-10-05 16:47:50   20.55%  4,110,000 / 20,000,000 packets  elapsed 0:04:56  ETA 0:19:03
2026-10-05 16:47:51   20.60%  4,120,000 / 20,000,000 packets  elapsed 0:04:56  ETA 0:19:02
2026-10-05 16:47:52   20.65%  4,130,000 / 20,000,000 packets  elapsed 0:04:57  ETA 0:19:01
2026-10-05 16:47:52   20.70%  4,140,000 / 20,000,000 packets  elapsed 0:04:58  ETA 0:19:00
2026-10-05 16:47:53   20.75%  4,150,000 / 20,000,000 packets  elapsed 0:04:58  ETA 0:19:00
2026-10-05 16:47:54   20.80%  4,160,000 / 20,000,000 packets  elapsed 0:04:59  ETA 0:18:59
2026-10-05 16:47:55   20.85%  4,170,000 / 20,000,000 packets  elapsed 0:05:00  ETA 0:18:58
2026-10-05 16:47:55   20.90%  4,180,000 / 20,000,000 packets  elapsed 0:05:00  ETA 0:18:57
2026-10-05 16:47:56   20.95%  4,190,000 / 20,000,000 packets  elapsed 0:05:01  ETA 0:18:56
2026-10-05 16:47:57   21.00%  4,200,000 / 20,000,000 packets  elapsed 0:05:02  ETA 0:18:56
2026-10-05 16:47:57   21.05%  4,210,000 / 20,000,000 packets  elapsed 0:05:03  ETA 0:18:55
2026-10-05 16:47:58   21.10%  4,220,000 / 20,000,000 packets  elapsed 0:05:03  ETA 0:18:54
2026-10-05 16:47:59   21.15%  4,230,000 / 20,000,000 packets  elapsed 0:05:04  ETA 0:18:53
2026-10-05 16:47:59   21.20%  4,240,000 / 20,000,000 packets  elapsed 0:05:05  ETA 0:18:52
2026-10-05 16:48:00   21.25%  4,250,000 / 20,000,000 packets  elapsed 0:05:05  ETA 0:18:52
2026-10-05 16:48:01   21.30%  4,260,000 / 20,000,000 packets  elapsed 0:05:06  ETA 0:18:51
2026-10-05 16:48:02   21.35%  4,270,000 / 20,000,000 packets  elapsed 0:05:07  ETA 0:18:50
2026-10-05 16:48:02   21.40%  4,280,000 / 20,000,000 packets  elapsed 0:05:07  ETA 0:18:49
2026-10-05 16:48:03   21.45%  4,290,000 / 20,000,000 packets  elapsed 0:05:08  ETA 0:18:48
2026-10-05 16:48:04   21.50%  4,300,000 / 20,000,000 packets  elapsed 0:05:09  ETA 0:18:47
2026-10-05 16:48:04   21.55%  4,310,000 / 20,000,000 packets  elapsed 0:05:09  ETA 0:18:47
2026-10-05 16:48:05   21.60%  4,320,000 / 20,000,000 packets  elapsed 0:05:10  ETA 0:18:46
2026-10-05 16:48:06   21.65%  4,330,000 / 20,000,000 packets  elapsed 0:05:11  ETA 0:18:45
2026-10-05 16:48:06   21.70%  4,340,000 / 20,000,000 packets  elapsed 0:05:12  ETA 0:18:44
2026-10-05 16:48:07   21.75%  4,350,000 / 20,000,000 packets  elapsed 0:05:12  ETA 0:18:43
2026-10-05 16:48:08   21.80%  4,360,000 / 20,000,000 packets  elapsed 0:05:13  ETA 0:18:43
2026-10-05 16:48:08   21.85%  4,370,000 / 20,000,000 packets  elapsed 0:05:14  ETA 0:18:42
2026-10-05 16:48:09   21.90%  4,380,000 / 20,000,000 packets  elapsed 0:05:14  ETA 0:18:41
2026-10-05 16:48:10   21.95%  4,390,000 / 20,000,000 packets  elapsed 0:05:15  ETA 0:18:40
2026-10-05 16:48:11   22.00%  4,400,000 / 20,000,000 packets  elapsed 0:05:16  ETA 0:18:40
2026-10-05 16:48:11   22.05%  4,410,000 / 20,000,000 packets  elapsed 0:05:16  ETA 0:18:39
2026-10-05 16:48:12   22.10%  4,420,000 / 20,000,000 packets  elapsed 0:05:17  ETA 0:18:38
2026-10-05 16:48:13   22.15%  4,430,000 / 20,000,000 packets  elapsed 0:05:18  ETA 0:18:37
2026-10-05 16:48:13   22.20%  4,440,000 / 20,000,000 packets  elapsed 0:05:19  ETA 0:18:36
2026-10-05 16:48:14   22.25%  4,450,000 / 20,000,000 packets  elapsed 0:05:19  ETA 0:18:36
2026-10-05 16:48:15   22.30%  4,460,000 / 20,000,000 packets  elapsed 0:05:20  ETA 0:18:35
2026-10-05 16:48:15   22.35%  4,470,000 / 20,000,000 packets  elapsed 0:05:21  ETA 0:18:34
2026-10-05 16:48:16   22.40%  4,480,000 / 20,000,000 packets  elapsed 0:05:21  ETA 0:18:33
2026-10-05 16:48:17   22.45%  4,490,000 / 20,000,000 packets  elapsed 0:05:22  ETA 0:18:32
2026-10-05 16:48:18   22.50%  4,500,000 / 20,000,000 packets  elapsed 0:05:23  ETA 0:18:32
2026-10-05 16:48:18   22.55%  4,510,000 / 20,000,000 packets  elapsed 0:05:23  ETA 0:18:31
2026-10-05 16:48:19   22.60%  4,520,000 / 20,000,000 packets  elapsed 0:05:24  ETA 0:18:30
2026-10-05 16:48:20   22.65%  4,530,000 / 20,000,000 packets  elapsed 0:05:25  ETA 0:18:29
2026-10-05 16:48:20   22.70%  4,540,000 / 20,000,000 packets  elapsed 0:05:25  ETA 0:18:28
2026-10-05 16:48:21   22.75%  4,550,000 / 20,000,000 packets  elapsed 0:05:26  ETA 0:18:28
2026-10-05 16:48:22   22.80%  4,560,000 / 20,000,000 packets  elapsed 0:05:27  ETA 0:18:27
2026-10-05 16:48:22   22.85%  4,570,000 / 20,000,000 packets  elapsed 0:05:28  ETA 0:18:26
2026-10-05 16:48:23   22.90%  4,580,000 / 20,000,000 packets  elapsed 0:05:28  ETA 0:18:25
2026-10-05 16:48:24   22.95%  4,590,000 / 20,000,000 packets  elapsed 0:05:29  ETA 0:18:24
2026-10-05 16:48:24   23.00%  4,600,000 / 20,000,000 packets  elapsed 0:05:30  ETA 0:18:24
2026-10-05 16:48:25   23.05%  4,610,000 / 20,000,000 packets  elapsed 0:05:30  ETA 0:18:23
2026-10-05 16:48:26   23.10%  4,620,000 / 20,000,000 packets  elapsed 0:05:31  ETA 0:18:22
2026-10-05 16:48:27   23.15%  4,630,000 / 20,000,000 packets  elapsed 0:05:32  ETA 0:18:21
2026-10-05 16:48:27   23.20%  4,640,000 / 20,000,000 packets  elapsed 0:05:32  ETA 0:18:21
2026-10-05 16:48:28   23.25%  4,650,000 / 20,000,000 packets  elapsed 0:05:33  ETA 0:18:20
2026-10-05 16:48:29   23.30%  4,660,000 / 20,000,000 packets  elapsed 0:05:34  ETA 0:18:19
2026-10-05 16:48:29   23.35%  4,670,000 / 20,000,000 packets  elapsed 0:05:35  ETA 0:18:18
2026-10-05 16:48:30   23.40%  4,680,000 / 20,000,000 packets  elapsed 0:05:35  ETA 0:18:17
2026-10-05 16:48:31   23.45%  4,690,000 / 20,000,000 packets  elapsed 0:05:36  ETA 0:18:17
2026-10-05 16:48:31   23.50%  4,700,000 / 20,000,000 packets  elapsed 0:05:37  ETA 0:18:16
2026-10-05 16:48:32   23.55%  4,710,000 / 20,000,000 packets  elapsed 0:05:37  ETA 0:18:15
2026-10-05 16:48:33   23.60%  4,720,000 / 20,000,000 packets  elapsed 0:05:38  ETA 0:18:14
2026-10-05 16:48:34   23.65%  4,730,000 / 20,000,000 packets  elapsed 0:05:39  ETA 0:18:13
2026-10-05 16:48:34   23.70%  4,740,000 / 20,000,000 packets  elapsed 0:05:39  ETA 0:18:13
2026-10-05 16:48:35   23.75%  4,750,000 / 20,000,000 packets  elapsed 0:05:40  ETA 0:18:12
2026-10-05 16:48:36   23.80%  4,760,000 / 20,000,000 packets  elapsed 0:05:41  ETA 0:18:11
2026-10-05 16:48:36   23.85%  4,770,000 / 20,000,000 packets  elapsed 0:05:41  ETA 0:18:10
2026-10-05 16:48:37   23.90%  4,780,000 / 20,000,000 packets  elapsed 0:05:42  ETA 0:18:10
2026-10-05 16:48:38   23.95%  4,790,000 / 20,000,000 packets  elapsed 0:05:43  ETA 0:18:09
2026-10-05 16:48:38   24.00%  4,800,000 / 20,000,000 packets  elapsed 0:05:44  ETA 0:18:08
2026-10-05 16:48:39   24.05%  4,810,000 / 20,000,000 packets  elapsed 0:05:44  ETA 0:18:07
2026-10-05 16:48:40   24.10%  4,820,000 / 20,000,000 packets  elapsed 0:05:45  ETA 0:18:06
2026-10-05 16:48:40   24.15%  4,830,000 / 20,000,000 packets  elapsed 0:05:46  ETA 0:18:06
2026-10-05 16:48:41   24.20%  4,840,000 / 20,000,000 packets  elapsed 0:05:46  ETA 0:18:05
2026-10-05 16:48:42   24.25%  4,850,000 / 20,000,000 packets  elapsed 0:05:47  ETA 0:18:04
2026-10-05 16:48:43   24.30%  4,860,000 / 20,000,000 packets  elapsed 0:05:48  ETA 0:18:03
2026-10-05 16:48:43   24.35%  4,870,000 / 20,000,000 packets  elapsed 0:05:48  ETA 0:18:03
2026-10-05 16:48:44   24.40%  4,880,000 / 20,000,000 packets  elapsed 0:05:49  ETA 0:18:02
2026-10-05 16:48:45   24.45%  4,890,000 / 20,000,000 packets  elapsed 0:05:50  ETA 0:18:01
2026-10-05 16:48:45   24.50%  4,900,000 / 20,000,000 packets  elapsed 0:05:51  ETA 0:18:00
2026-10-05 16:48:46   24.55%  4,910,000 / 20,000,000 packets  elapsed 0:05:51  ETA 0:17:59
2026-10-05 16:48:47   24.60%  4,920,000 / 20,000,000 packets  elapsed 0:05:52  ETA 0:17:59
2026-10-05 16:48:47   24.65%  4,930,000 / 20,000,000 packets  elapsed 0:05:53  ETA 0:17:58
2026-10-05 16:48:48   24.70%  4,940,000 / 20,000,000 packets  elapsed 0:05:53  ETA 0:17:57
2026-10-05 16:48:49   24.75%  4,950,000 / 20,000,000 packets  elapsed 0:05:54  ETA 0:17:56
2026-10-05 16:48:50   24.80%  4,960,000 / 20,000,000 packets  elapsed 0:05:55  ETA 0:17:56
2026-10-05 16:48:50   24.85%  4,970,000 / 20,000,000 packets  elapsed 0:05:55  ETA 0:17:55
2026-10-05 16:48:51   24.90%  4,980,000 / 20,000,000 packets  elapsed 0:05:56  ETA 0:17:54
2026-10-05 16:48:52   24.95%  4,990,000 / 20,000,000 packets  elapsed 0:05:57  ETA 0:17:53
2026-10-05 16:48:52   25.00%  5,000,000 / 20,000,000 packets  elapsed 0:05:57  ETA 0:17:52
2026-10-05 16:48:53   25.05%  5,010,000 / 20,000,000 packets  elapsed 0:05:58  ETA 0:17:52
2026-10-05 16:48:54   25.10%  5,020,000 / 20,000,000 packets  elapsed 0:05:59  ETA 0:17:51
2026-10-05 16:48:54   25.15%  5,030,000 / 20,000,000 packets  elapsed 0:06:00  ETA 0:17:50
2026-10-05 16:48:55   25.20%  5,040,000 / 20,000,000 packets  elapsed 0:06:00  ETA 0:17:49
2026-10-05 16:48:56   25.25%  5,050,000 / 20,000,000 packets  elapsed 0:06:01  ETA 0:17:49
2026-10-05 16:48:56   25.30%  5,060,000 / 20,000,000 packets  elapsed 0:06:02  ETA 0:17:48
2026-10-05 16:48:57   25.35%  5,070,000 / 20,000,000 packets  elapsed 0:06:02  ETA 0:17:47
2026-10-05 16:48:58   25.40%  5,080,000 / 20,000,000 packets  elapsed 0:06:03  ETA 0:17:46
2026-10-05 16:48:59   25.45%  5,090,000 / 20,000,000 packets  elapsed 0:06:04  ETA 0:17:46
2026-10-05 16:48:59   25.50%  5,100,000 / 20,000,000 packets  elapsed 0:06:04  ETA 0:17:45
2026-10-05 16:49:00   25.55%  5,110,000 / 20,000,000 packets  elapsed 0:06:05  ETA 0:17:44
2026-10-05 16:49:01   25.60%  5,120,000 / 20,000,000 packets  elapsed 0:06:06  ETA 0:17:43
2026-10-05 16:49:01   25.65%  5,130,000 / 20,000,000 packets  elapsed 0:06:07  ETA 0:17:42
2026-10-05 16:49:02   25.70%  5,140,000 / 20,000,000 packets  elapsed 0:06:07  ETA 0:17:42
2026-10-05 16:49:03   25.75%  5,150,000 / 20,000,000 packets  elapsed 0:06:08  ETA 0:17:41
2026-10-05 16:49:03   25.80%  5,160,000 / 20,000,000 packets  elapsed 0:06:09  ETA 0:17:40
2026-10-05 16:49:04   25.85%  5,170,000 / 20,000,000 packets  elapsed 0:06:09  ETA 0:17:39
2026-10-05 16:49:05   25.90%  5,180,000 / 20,000,000 packets  elapsed 0:06:10  ETA 0:17:39
2026-10-05 16:49:06   25.95%  5,190,000 / 20,000,000 packets  elapsed 0:06:11  ETA 0:17:38
2026-10-05 16:49:06   26.00%  5,200,000 / 20,000,000 packets  elapsed 0:06:11  ETA 0:17:37
2026-10-05 16:49:07   26.05%  5,210,000 / 20,000,000 packets  elapsed 0:06:12  ETA 0:17:36
2026-10-05 16:49:08   26.10%  5,220,000 / 20,000,000 packets  elapsed 0:06:13  ETA 0:17:36
2026-10-05 16:49:08   26.15%  5,230,000 / 20,000,000 packets  elapsed 0:06:13  ETA 0:17:35
2026-10-05 16:49:09   26.20%  5,240,000 / 20,000,000 packets  elapsed 0:06:14  ETA 0:17:34
2026-10-05 16:49:10   26.25%  5,250,000 / 20,000,000 packets  elapsed 0:06:15  ETA 0:17:33
2026-10-05 16:49:10   26.30%  5,260,000 / 20,000,000 packets  elapsed 0:06:16  ETA 0:17:32
2026-10-05 16:49:11   26.35%  5,270,000 / 20,000,000 packets  elapsed 0:06:16  ETA 0:17:32
2026-10-05 16:49:12   26.40%  5,280,000 / 20,000,000 packets  elapsed 0:06:17  ETA 0:17:31
2026-10-05 16:49:12   26.45%  5,290,000 / 20,000,000 packets  elapsed 0:06:18  ETA 0:17:30
2026-10-05 16:49:13   26.50%  5,300,000 / 20,000,000 packets  elapsed 0:06:18  ETA 0:17:29
2026-10-05 16:49:14   26.55%  5,310,000 / 20,000,000 packets  elapsed 0:06:19  ETA 0:17:29
2026-10-05 16:49:15   26.60%  5,320,000 / 20,000,000 packets  elapsed 0:06:20  ETA 0:17:28
2026-10-05 16:49:15   26.65%  5,330,000 / 20,000,000 packets  elapsed 0:06:20  ETA 0:17:27
2026-10-05 16:49:16   26.70%  5,340,000 / 20,000,000 packets  elapsed 0:06:21  ETA 0:17:26
2026-10-05 16:49:17   26.75%  5,350,000 / 20,000,000 packets  elapsed 0:06:22  ETA 0:17:26
2026-10-05 16:49:17   26.80%  5,360,000 / 20,000,000 packets  elapsed 0:06:23  ETA 0:17:25
2026-10-05 16:49:18   26.85%  5,370,000 / 20,000,000 packets  elapsed 0:06:23  ETA 0:17:24
2026-10-05 16:49:19   26.90%  5,380,000 / 20,000,000 packets  elapsed 0:06:24  ETA 0:17:23
2026-10-05 16:49:19   26.95%  5,390,000 / 20,000,000 packets  elapsed 0:06:25  ETA 0:17:23
2026-10-05 16:49:20   27.00%  5,400,000 / 20,000,000 packets  elapsed 0:06:25  ETA 0:17:22
2026-10-05 16:49:21   27.05%  5,410,000 / 20,000,000 packets  elapsed 0:06:26  ETA 0:17:21
2026-10-05 16:49:22   27.10%  5,420,000 / 20,000,000 packets  elapsed 0:06:27  ETA 0:17:20
2026-10-05 16:49:22   27.15%  5,430,000 / 20,000,000 packets  elapsed 0:06:27  ETA 0:17:19
2026-10-05 16:49:23   27.20%  5,440,000 / 20,000,000 packets  elapsed 0:06:28  ETA 0:17:19
2026-10-05 16:49:24   27.25%  5,450,000 / 20,000,000 packets  elapsed 0:06:29  ETA 0:17:18
2026-10-05 16:49:24   27.30%  5,460,000 / 20,000,000 packets  elapsed 0:06:29  ETA 0:17:17
2026-10-05 16:49:25   27.35%  5,470,000 / 20,000,000 packets  elapsed 0:06:30  ETA 0:17:16
2026-10-05 16:49:26   27.40%  5,480,000 / 20,000,000 packets  elapsed 0:06:31  ETA 0:17:16
2026-10-05 16:49:26   27.45%  5,490,000 / 20,000,000 packets  elapsed 0:06:32  ETA 0:17:15
2026-10-05 16:49:27   27.50%  5,500,000 / 20,000,000 packets  elapsed 0:06:32  ETA 0:17:14
2026-10-05 16:49:28   27.55%  5,510,000 / 20,000,000 packets  elapsed 0:06:33  ETA 0:17:13
2026-10-05 16:49:28   27.60%  5,520,000 / 20,000,000 packets  elapsed 0:06:34  ETA 0:17:13
2026-10-05 16:49:29   27.65%  5,530,000 / 20,000,000 packets  elapsed 0:06:34  ETA 0:17:12
2026-10-05 16:49:30   27.70%  5,540,000 / 20,000,000 packets  elapsed 0:06:35  ETA 0:17:11
2026-10-05 16:49:31   27.75%  5,550,000 / 20,000,000 packets  elapsed 0:06:36  ETA 0:17:10
2026-10-05 16:49:31   27.80%  5,560,000 / 20,000,000 packets  elapsed 0:06:36  ETA 0:17:10
2026-10-05 16:49:32   27.85%  5,570,000 / 20,000,000 packets  elapsed 0:06:37  ETA 0:17:09
2026-10-05 16:49:33   27.90%  5,580,000 / 20,000,000 packets  elapsed 0:06:38  ETA 0:17:08
2026-10-05 16:49:33   27.95%  5,590,000 / 20,000,000 packets  elapsed 0:06:39  ETA 0:17:07
2026-10-05 16:49:34   28.00%  5,600,000 / 20,000,000 packets  elapsed 0:06:39  ETA 0:17:07
2026-10-05 16:49:35   28.05%  5,610,000 / 20,000,000 packets  elapsed 0:06:40  ETA 0:17:06
2026-10-05 16:49:35   28.10%  5,620,000 / 20,000,000 packets  elapsed 0:06:41  ETA 0:17:05
2026-10-05 16:49:36   28.15%  5,630,000 / 20,000,000 packets  elapsed 0:06:41  ETA 0:17:04
2026-10-05 16:49:37   28.20%  5,640,000 / 20,000,000 packets  elapsed 0:06:42  ETA 0:17:04
2026-10-05 16:49:38   28.25%  5,650,000 / 20,000,000 packets  elapsed 0:06:43  ETA 0:17:03
2026-10-05 16:49:38   28.30%  5,660,000 / 20,000,000 packets  elapsed 0:06:43  ETA 0:17:02
2026-10-05 16:49:39   28.35%  5,670,000 / 20,000,000 packets  elapsed 0:06:44  ETA 0:17:01
2026-10-05 16:49:40   28.40%  5,680,000 / 20,000,000 packets  elapsed 0:06:45  ETA 0:17:01
2026-10-05 16:49:40   28.45%  5,690,000 / 20,000,000 packets  elapsed 0:06:45  ETA 0:17:00
2026-10-05 16:49:41   28.50%  5,700,000 / 20,000,000 packets  elapsed 0:06:46  ETA 0:16:59
2026-10-05 16:49:42   28.55%  5,710,000 / 20,000,000 packets  elapsed 0:06:47  ETA 0:16:58
2026-10-05 16:49:42   28.60%  5,720,000 / 20,000,000 packets  elapsed 0:06:48  ETA 0:16:57
2026-10-05 16:49:43   28.65%  5,730,000 / 20,000,000 packets  elapsed 0:06:48  ETA 0:16:57
2026-10-05 16:49:44   28.70%  5,740,000 / 20,000,000 packets  elapsed 0:06:49  ETA 0:16:56
2026-10-05 16:49:45   28.75%  5,750,000 / 20,000,000 packets  elapsed 0:06:50  ETA 0:16:55
2026-10-05 16:49:45   28.80%  5,760,000 / 20,000,000 packets  elapsed 0:06:50  ETA 0:16:55
2026-10-05 16:49:46   28.85%  5,770,000 / 20,000,000 packets  elapsed 0:06:51  ETA 0:16:54
2026-10-05 16:49:47   28.90%  5,780,000 / 20,000,000 packets  elapsed 0:06:52  ETA 0:16:53
2026-10-05 16:49:47   28.95%  5,790,000 / 20,000,000 packets  elapsed 0:06:53  ETA 0:16:52
2026-10-05 16:49:48   29.00%  5,800,000 / 20,000,000 packets  elapsed 0:06:53  ETA 0:16:52
2026-10-05 16:49:49   29.05%  5,810,000 / 20,000,000 packets  elapsed 0:06:54  ETA 0:16:51
2026-10-05 16:49:49   29.10%  5,820,000 / 20,000,000 packets  elapsed 0:06:55  ETA 0:16:50
2026-10-05 16:49:50   29.15%  5,830,000 / 20,000,000 packets  elapsed 0:06:55  ETA 0:16:49
2026-10-05 16:49:51   29.20%  5,840,000 / 20,000,000 packets  elapsed 0:06:56  ETA 0:16:49
2026-10-05 16:49:51   29.25%  5,850,000 / 20,000,000 packets  elapsed 0:06:57  ETA 0:16:48
2026-10-05 16:49:52   29.30%  5,860,000 / 20,000,000 packets  elapsed 0:06:57  ETA 0:16:47
2026-10-05 16:49:53   29.35%  5,870,000 / 20,000,000 packets  elapsed 0:06:58  ETA 0:16:46
2026-10-05 16:49:54   29.40%  5,880,000 / 20,000,000 packets  elapsed 0:06:59  ETA 0:16:46
2026-10-05 16:49:54   29.45%  5,890,000 / 20,000,000 packets  elapsed 0:06:59  ETA 0:16:45
2026-10-05 16:49:55   29.50%  5,900,000 / 20,000,000 packets  elapsed 0:07:00  ETA 0:16:44
2026-10-05 16:49:56   29.55%  5,910,000 / 20,000,000 packets  elapsed 0:07:01  ETA 0:16:43
2026-10-05 16:49:56   29.60%  5,920,000 / 20,000,000 packets  elapsed 0:07:02  ETA 0:16:43
2026-10-05 16:49:57   29.65%  5,930,000 / 20,000,000 packets  elapsed 0:07:02  ETA 0:16:42
2026-10-05 16:49:58   29.70%  5,940,000 / 20,000,000 packets  elapsed 0:07:03  ETA 0:16:41
2026-10-05 16:49:58   29.75%  5,950,000 / 20,000,000 packets  elapsed 0:07:04  ETA 0:16:40
2026-10-05 16:49:59   29.80%  5,960,000 / 20,000,000 packets  elapsed 0:07:04  ETA 0:16:40
2026-10-05 16:50:00   29.85%  5,970,000 / 20,000,000 packets  elapsed 0:07:05  ETA 0:16:39
2026-10-05 16:50:01   29.90%  5,980,000 / 20,000,000 packets  elapsed 0:07:06  ETA 0:16:38
2026-10-05 16:50:01   29.95%  5,990,000 / 20,000,000 packets  elapsed 0:07:06  ETA 0:16:37
2026-10-05 16:50:02   30.00%  6,000,000 / 20,000,000 packets  elapsed 0:07:07  ETA 0:16:37
2026-10-05 16:50:03   30.05%  6,010,000 / 20,000,000 packets  elapsed 0:07:08  ETA 0:16:36
2026-10-05 16:50:03   30.10%  6,020,000 / 20,000,000 packets  elapsed 0:07:09  ETA 0:16:35
2026-10-05 16:50:04   30.15%  6,030,000 / 20,000,000 packets  elapsed 0:07:09  ETA 0:16:34
2026-10-05 16:50:05   30.20%  6,040,000 / 20,000,000 packets  elapsed 0:07:10  ETA 0:16:34
2026-10-05 16:50:05   30.25%  6,050,000 / 20,000,000 packets  elapsed 0:07:11  ETA 0:16:33
2026-10-05 16:50:06   30.30%  6,060,000 / 20,000,000 packets  elapsed 0:07:11  ETA 0:16:32
2026-10-05 16:50:07   30.35%  6,070,000 / 20,000,000 packets  elapsed 0:07:12  ETA 0:16:31
2026-10-05 16:50:08   30.40%  6,080,000 / 20,000,000 packets  elapsed 0:07:13  ETA 0:16:31
2026-10-05 16:50:08   30.45%  6,090,000 / 20,000,000 packets  elapsed 0:07:13  ETA 0:16:30
2026-10-05 16:50:09   30.50%  6,100,000 / 20,000,000 packets  elapsed 0:07:14  ETA 0:16:29
2026-10-05 16:50:10   30.55%  6,110,000 / 20,000,000 packets  elapsed 0:07:15  ETA 0:16:28
2026-10-05 16:50:10   30.60%  6,120,000 / 20,000,000 packets  elapsed 0:07:15  ETA 0:16:28
2026-10-05 16:50:11   30.65%  6,130,000 / 20,000,000 packets  elapsed 0:07:16  ETA 0:16:27
2026-10-05 16:50:12   30.70%  6,140,000 / 20,000,000 packets  elapsed 0:07:17  ETA 0:16:26
2026-10-05 16:50:12   30.75%  6,150,000 / 20,000,000 packets  elapsed 0:07:18  ETA 0:16:25
2026-10-05 16:50:13   30.80%  6,160,000 / 20,000,000 packets  elapsed 0:07:18  ETA 0:16:25
2026-10-05 16:50:14   30.85%  6,170,000 / 20,000,000 packets  elapsed 0:07:19  ETA 0:16:24
2026-10-05 16:50:14   30.90%  6,180,000 / 20,000,000 packets  elapsed 0:07:20  ETA 0:16:23
2026-10-05 16:50:15   30.95%  6,190,000 / 20,000,000 packets  elapsed 0:07:20  ETA 0:16:22
2026-10-05 16:50:16   31.00%  6,200,000 / 20,000,000 packets  elapsed 0:07:21  ETA 0:16:22
2026-10-05 16:50:17   31.05%  6,210,000 / 20,000,000 packets  elapsed 0:07:22  ETA 0:16:21
2026-10-05 16:50:17   31.10%  6,220,000 / 20,000,000 packets  elapsed 0:07:22  ETA 0:16:20
2026-10-05 16:50:18   31.15%  6,230,000 / 20,000,000 packets  elapsed 0:07:23  ETA 0:16:19
2026-10-05 16:50:19   31.20%  6,240,000 / 20,000,000 packets  elapsed 0:07:24  ETA 0:16:19
2026-10-05 16:50:19   31.25%  6,250,000 / 20,000,000 packets  elapsed 0:07:25  ETA 0:16:18
2026-10-05 16:50:20   31.30%  6,260,000 / 20,000,000 packets  elapsed 0:07:25  ETA 0:16:17
2026-10-05 16:50:21   31.35%  6,270,000 / 20,000,000 packets  elapsed 0:07:26  ETA 0:16:16
2026-10-05 16:50:21   31.40%  6,280,000 / 20,000,000 packets  elapsed 0:07:27  ETA 0:16:16
2026-10-05 16:50:22   31.45%  6,290,000 / 20,000,000 packets  elapsed 0:07:27  ETA 0:16:15
2026-10-05 16:50:23   31.50%  6,300,000 / 20,000,000 packets  elapsed 0:07:28  ETA 0:16:14
2026-10-05 16:50:24   31.55%  6,310,000 / 20,000,000 packets  elapsed 0:07:29  ETA 0:16:13
2026-10-05 16:50:24   31.60%  6,320,000 / 20,000,000 packets  elapsed 0:07:29  ETA 0:16:13
2026-10-05 16:50:25   31.65%  6,330,000 / 20,000,000 packets  elapsed 0:07:30  ETA 0:16:12
2026-10-05 16:50:26   31.70%  6,340,000 / 20,000,000 packets  elapsed 0:07:31  ETA 0:16:11
2026-10-05 16:50:26   31.75%  6,350,000 / 20,000,000 packets  elapsed 0:07:31  ETA 0:16:11
2026-10-05 16:50:27   31.80%  6,360,000 / 20,000,000 packets  elapsed 0:07:32  ETA 0:16:10
2026-10-05 16:50:28   31.85%  6,370,000 / 20,000,000 packets  elapsed 0:07:33  ETA 0:16:09
2026-10-05 16:50:28   31.90%  6,380,000 / 20,000,000 packets  elapsed 0:07:34  ETA 0:16:08
2026-10-05 16:50:29   31.95%  6,390,000 / 20,000,000 packets  elapsed 0:07:34  ETA 0:16:08
2026-10-05 16:50:30   32.00%  6,400,000 / 20,000,000 packets  elapsed 0:07:35  ETA 0:16:07
2026-10-05 16:50:30   32.05%  6,410,000 / 20,000,000 packets  elapsed 0:07:36  ETA 0:16:06
2026-10-05 16:50:31   32.10%  6,420,000 / 20,000,000 packets  elapsed 0:07:36  ETA 0:16:05
2026-10-05 16:50:32   32.15%  6,430,000 / 20,000,000 packets  elapsed 0:07:37  ETA 0:16:05
2026-10-05 16:50:33   32.20%  6,440,000 / 20,000,000 packets  elapsed 0:07:38  ETA 0:16:04
2026-10-05 16:50:33   32.25%  6,450,000 / 20,000,000 packets  elapsed 0:07:38  ETA 0:16:03
2026-10-05 16:50:34   32.30%  6,460,000 / 20,000,000 packets  elapsed 0:07:39  ETA 0:16:02
2026-10-05 16:50:35   32.35%  6,470,000 / 20,000,000 packets  elapsed 0:07:40  ETA 0:16:02
2026-10-05 16:50:35   32.40%  6,480,000 / 20,000,000 packets  elapsed 0:07:41  ETA 0:16:01
2026-10-05 16:50:36   32.45%  6,490,000 / 20,000,000 packets  elapsed 0:07:41  ETA 0:16:00
2026-10-05 16:50:37   32.50%  6,500,000 / 20,000,000 packets  elapsed 0:07:42  ETA 0:15:59
2026-10-05 16:50:37   32.55%  6,510,000 / 20,000,000 packets  elapsed 0:07:43  ETA 0:15:59
2026-10-05 16:50:38   32.60%  6,520,000 / 20,000,000 packets  elapsed 0:07:43  ETA 0:15:58
2026-10-05 16:50:39   32.65%  6,530,000 / 20,000,000 packets  elapsed 0:07:44  ETA 0:15:57
2026-10-05 16:50:40   32.70%  6,540,000 / 20,000,000 packets  elapsed 0:07:45  ETA 0:15:56
2026-10-05 16:50:40   32.75%  6,550,000 / 20,000,000 packets  elapsed 0:07:45  ETA 0:15:56
2026-10-05 16:50:41   32.80%  6,560,000 / 20,000,000 packets  elapsed 0:07:46  ETA 0:15:55
2026-10-05 16:50:42   32.85%  6,570,000 / 20,000,000 packets  elapsed 0:07:47  ETA 0:15:54
2026-10-05 16:50:42   32.90%  6,580,000 / 20,000,000 packets  elapsed 0:07:47  ETA 0:15:53
2026-10-05 16:50:43   32.95%  6,590,000 / 20,000,000 packets  elapsed 0:07:48  ETA 0:15:53
2026-10-05 16:50:44   33.00%  6,600,000 / 20,000,000 packets  elapsed 0:07:49  ETA 0:15:52
2026-10-05 16:50:44   33.05%  6,610,000 / 20,000,000 packets  elapsed 0:07:50  ETA 0:15:51
2026-10-05 16:50:45   33.10%  6,620,000 / 20,000,000 packets  elapsed 0:07:50  ETA 0:15:50
2026-10-05 16:50:46   33.15%  6,630,000 / 20,000,000 packets  elapsed 0:07:51  ETA 0:15:50
2026-10-05 16:50:46   33.20%  6,640,000 / 20,000,000 packets  elapsed 0:07:52  ETA 0:15:49
2026-10-05 16:50:47   33.25%  6,650,000 / 20,000,000 packets  elapsed 0:07:52  ETA 0:15:48
2026-10-05 16:50:48   33.30%  6,660,000 / 20,000,000 packets  elapsed 0:07:53  ETA 0:15:47
2026-10-05 16:50:49   33.35%  6,670,000 / 20,000,000 packets  elapsed 0:07:54  ETA 0:15:47
2026-10-05 16:50:49   33.40%  6,680,000 / 20,000,000 packets  elapsed 0:07:54  ETA 0:15:46
2026-10-05 16:50:50   33.45%  6,690,000 / 20,000,000 packets  elapsed 0:07:55  ETA 0:15:45
2026-10-05 16:50:51   33.50%  6,700,000 / 20,000,000 packets  elapsed 0:07:56  ETA 0:15:45
2026-10-05 16:50:51   33.55%  6,710,000 / 20,000,000 packets  elapsed 0:07:57  ETA 0:15:44
2026-10-05 16:50:52   33.60%  6,720,000 / 20,000,000 packets  elapsed 0:07:57  ETA 0:15:43
2026-10-05 16:50:53   33.65%  6,730,000 / 20,000,000 packets  elapsed 0:07:58  ETA 0:15:42
2026-10-05 16:50:53   33.70%  6,740,000 / 20,000,000 packets  elapsed 0:07:59  ETA 0:15:42
2026-10-05 16:50:54   33.75%  6,750,000 / 20,000,000 packets  elapsed 0:07:59  ETA 0:15:41
2026-10-05 16:50:55   33.80%  6,760,000 / 20,000,000 packets  elapsed 0:08:00  ETA 0:15:40
2026-10-05 16:50:56   33.85%  6,770,000 / 20,000,000 packets  elapsed 0:08:01  ETA 0:15:40
2026-10-05 16:50:56   33.90%  6,780,000 / 20,000,000 packets  elapsed 0:08:01  ETA 0:15:39
2026-10-05 16:50:57   33.95%  6,790,000 / 20,000,000 packets  elapsed 0:08:02  ETA 0:15:38
2026-10-05 16:50:58   34.00%  6,800,000 / 20,000,000 packets  elapsed 0:08:03  ETA 0:15:37
2026-10-05 16:50:58   34.05%  6,810,000 / 20,000,000 packets  elapsed 0:08:04  ETA 0:15:37
2026-10-05 16:50:59   34.10%  6,820,000 / 20,000,000 packets  elapsed 0:08:04  ETA 0:15:36
2026-10-05 16:51:00   34.15%  6,830,000 / 20,000,000 packets  elapsed 0:08:05  ETA 0:15:35
2026-10-05 16:51:00   34.20%  6,840,000 / 20,000,000 packets  elapsed 0:08:06  ETA 0:15:34
2026-10-05 16:51:01   34.25%  6,850,000 / 20,000,000 packets  elapsed 0:08:06  ETA 0:15:34
2026-10-05 16:51:02   34.30%  6,860,000 / 20,000,000 packets  elapsed 0:08:07  ETA 0:15:33
2026-10-05 16:51:03   34.35%  6,870,000 / 20,000,000 packets  elapsed 0:08:08  ETA 0:15:32
2026-10-05 16:51:03   34.40%  6,880,000 / 20,000,000 packets  elapsed 0:08:08  ETA 0:15:31
2026-10-05 16:51:04   34.45%  6,890,000 / 20,000,000 packets  elapsed 0:08:09  ETA 0:15:31
2026-10-05 16:51:05   34.50%  6,900,000 / 20,000,000 packets  elapsed 0:08:10  ETA 0:15:30
2026-10-05 16:51:05   34.55%  6,910,000 / 20,000,000 packets  elapsed 0:08:11  ETA 0:15:29
2026-10-05 16:51:06   34.60%  6,920,000 / 20,000,000 packets  elapsed 0:08:11  ETA 0:15:28
2026-10-05 16:51:07   34.65%  6,930,000 / 20,000,000 packets  elapsed 0:08:12  ETA 0:15:28
2026-10-05 16:51:07   34.70%  6,940,000 / 20,000,000 packets  elapsed 0:08:13  ETA 0:15:27
2026-10-05 16:51:08   34.75%  6,950,000 / 20,000,000 packets  elapsed 0:08:13  ETA 0:15:26
2026-10-05 16:51:09   34.80%  6,960,000 / 20,000,000 packets  elapsed 0:08:14  ETA 0:15:26
2026-10-05 16:51:09   34.85%  6,970,000 / 20,000,000 packets  elapsed 0:08:15  ETA 0:15:25
2026-10-05 16:51:10   34.90%  6,980,000 / 20,000,000 packets  elapsed 0:08:15  ETA 0:15:24
2026-10-05 16:51:11   34.95%  6,990,000 / 20,000,000 packets  elapsed 0:08:16  ETA 0:15:23
2026-10-05 16:51:12   35.00%  7,000,000 / 20,000,000 packets  elapsed 0:08:17  ETA 0:15:23
2026-10-05 16:51:12   35.05%  7,010,000 / 20,000,000 packets  elapsed 0:08:17  ETA 0:15:22
2026-10-05 16:51:13   35.10%  7,020,000 / 20,000,000 packets  elapsed 0:08:18  ETA 0:15:21
2026-10-05 16:51:14   35.15%  7,030,000 / 20,000,000 packets  elapsed 0:08:19  ETA 0:15:20
2026-10-05 16:51:14   35.20%  7,040,000 / 20,000,000 packets  elapsed 0:08:20  ETA 0:15:20
2026-10-05 16:51:15   35.25%  7,050,000 / 20,000,000 packets  elapsed 0:08:20  ETA 0:15:19
2026-10-05 16:51:16   35.30%  7,060,000 / 20,000,000 packets  elapsed 0:08:21  ETA 0:15:18
2026-10-05 16:51:16   35.35%  7,070,000 / 20,000,000 packets  elapsed 0:08:22  ETA 0:15:17
2026-10-05 16:51:17   35.40%  7,080,000 / 20,000,000 packets  elapsed 0:08:22  ETA 0:15:17
2026-10-05 16:51:18   35.45%  7,090,000 / 20,000,000 packets  elapsed 0:08:23  ETA 0:15:16
2026-10-05 16:51:19   35.50%  7,100,000 / 20,000,000 packets  elapsed 0:08:24  ETA 0:15:15
2026-10-05 16:51:19   35.55%  7,110,000 / 20,000,000 packets  elapsed 0:08:24  ETA 0:15:14
2026-10-05 16:51:20   35.60%  7,120,000 / 20,000,000 packets  elapsed 0:08:25  ETA 0:15:14
2026-10-05 16:51:21   35.65%  7,130,000 / 20,000,000 packets  elapsed 0:08:26  ETA 0:15:13
2026-10-05 16:51:21   35.70%  7,140,000 / 20,000,000 packets  elapsed 0:08:27  ETA 0:15:12
2026-10-05 16:51:22   35.75%  7,150,000 / 20,000,000 packets  elapsed 0:08:27  ETA 0:15:12
2026-10-05 16:51:23   35.80%  7,160,000 / 20,000,000 packets  elapsed 0:08:28  ETA 0:15:11
2026-10-05 16:51:23   35.85%  7,170,000 / 20,000,000 packets  elapsed 0:08:29  ETA 0:15:10
2026-10-05 16:51:24   35.90%  7,180,000 / 20,000,000 packets  elapsed 0:08:29  ETA 0:15:09
2026-10-05 16:51:25   35.95%  7,190,000 / 20,000,000 packets  elapsed 0:08:30  ETA 0:15:09
2026-10-05 16:51:26   36.00%  7,200,000 / 20,000,000 packets  elapsed 0:08:31  ETA 0:15:08
2026-10-05 16:51:26   36.05%  7,210,000 / 20,000,000 packets  elapsed 0:08:31  ETA 0:15:07
2026-10-05 16:51:27   36.10%  7,220,000 / 20,000,000 packets  elapsed 0:08:32  ETA 0:15:06
2026-10-05 16:51:28   36.15%  7,230,000 / 20,000,000 packets  elapsed 0:08:33  ETA 0:15:06
2026-10-05 16:51:28   36.20%  7,240,000 / 20,000,000 packets  elapsed 0:08:33  ETA 0:15:05
2026-10-05 16:51:29   36.25%  7,250,000 / 20,000,000 packets  elapsed 0:08:34  ETA 0:15:04
2026-10-05 16:51:30   36.30%  7,260,000 / 20,000,000 packets  elapsed 0:08:35  ETA 0:15:04
2026-10-05 16:51:30   36.35%  7,270,000 / 20,000,000 packets  elapsed 0:08:36  ETA 0:15:03
2026-10-05 16:51:31   36.40%  7,280,000 / 20,000,000 packets  elapsed 0:08:36  ETA 0:15:02
2026-10-05 16:51:32   36.45%  7,290,000 / 20,000,000 packets  elapsed 0:08:37  ETA 0:15:01
2026-10-05 16:51:32   36.50%  7,300,000 / 20,000,000 packets  elapsed 0:08:38  ETA 0:15:01
2026-10-05 16:51:33   36.55%  7,310,000 / 20,000,000 packets  elapsed 0:08:38  ETA 0:15:00
2026-10-05 16:51:34   36.60%  7,320,000 / 20,000,000 packets  elapsed 0:08:39  ETA 0:14:59
2026-10-05 16:51:35   36.65%  7,330,000 / 20,000,000 packets  elapsed 0:08:40  ETA 0:14:58
2026-10-05 16:51:35   36.70%  7,340,000 / 20,000,000 packets  elapsed 0:08:40  ETA 0:14:58
2026-10-05 16:51:36   36.75%  7,350,000 / 20,000,000 packets  elapsed 0:08:41  ETA 0:14:57
2026-10-05 16:51:37   36.80%  7,360,000 / 20,000,000 packets  elapsed 0:08:42  ETA 0:14:56
2026-10-05 16:51:37   36.85%  7,370,000 / 20,000,000 packets  elapsed 0:08:43  ETA 0:14:55
2026-10-05 16:51:38   36.90%  7,380,000 / 20,000,000 packets  elapsed 0:08:43  ETA 0:14:55
2026-10-05 16:51:39   36.95%  7,390,000 / 20,000,000 packets  elapsed 0:08:44  ETA 0:14:54
2026-10-05 16:51:39   37.00%  7,400,000 / 20,000,000 packets  elapsed 0:08:45  ETA 0:14:53
2026-10-05 16:51:40   37.05%  7,410,000 / 20,000,000 packets  elapsed 0:08:45  ETA 0:14:53
2026-10-05 16:51:41   37.10%  7,420,000 / 20,000,000 packets  elapsed 0:08:46  ETA 0:14:52
2026-10-05 16:51:42   37.15%  7,430,000 / 20,000,000 packets  elapsed 0:08:47  ETA 0:14:51
2026-10-05 16:51:42   37.20%  7,440,000 / 20,000,000 packets  elapsed 0:08:47  ETA 0:14:50
2026-10-05 16:51:43   37.25%  7,450,000 / 20,000,000 packets  elapsed 0:08:48  ETA 0:14:50
2026-10-05 16:51:44   37.30%  7,460,000 / 20,000,000 packets  elapsed 0:08:49  ETA 0:14:49
2026-10-05 16:51:44   37.35%  7,470,000 / 20,000,000 packets  elapsed 0:08:49  ETA 0:14:48
2026-10-05 16:51:45   37.40%  7,480,000 / 20,000,000 packets  elapsed 0:08:50  ETA 0:14:47
2026-10-05 16:51:46   37.45%  7,490,000 / 20,000,000 packets  elapsed 0:08:51  ETA 0:14:47
2026-10-05 16:51:46   37.50%  7,500,000 / 20,000,000 packets  elapsed 0:08:52  ETA 0:14:46
2026-10-05 16:51:47   37.55%  7,510,000 / 20,000,000 packets  elapsed 0:08:52  ETA 0:14:45
2026-10-05 16:51:48   37.60%  7,520,000 / 20,000,000 packets  elapsed 0:08:53  ETA 0:14:44
2026-10-05 16:51:48   37.65%  7,530,000 / 20,000,000 packets  elapsed 0:08:54  ETA 0:14:44
2026-10-05 16:51:49   37.70%  7,540,000 / 20,000,000 packets  elapsed 0:08:54  ETA 0:14:43
2026-10-05 16:51:50   37.75%  7,550,000 / 20,000,000 packets  elapsed 0:08:55  ETA 0:14:42
2026-10-05 16:51:51   37.80%  7,560,000 / 20,000,000 packets  elapsed 0:08:56  ETA 0:14:42
2026-10-05 16:51:51   37.85%  7,570,000 / 20,000,000 packets  elapsed 0:08:56  ETA 0:14:41
2026-10-05 16:51:52   37.90%  7,580,000 / 20,000,000 packets  elapsed 0:08:57  ETA 0:14:40
2026-10-05 16:51:53   37.95%  7,590,000 / 20,000,000 packets  elapsed 0:08:58  ETA 0:14:39
2026-10-05 16:51:53   38.00%  7,600,000 / 20,000,000 packets  elapsed 0:08:59  ETA 0:14:39
2026-10-05 16:51:54   38.05%  7,610,000 / 20,000,000 packets  elapsed 0:08:59  ETA 0:14:38
2026-10-05 16:51:55   38.10%  7,620,000 / 20,000,000 packets  elapsed 0:09:00  ETA 0:14:37
2026-10-05 16:51:55   38.15%  7,630,000 / 20,000,000 packets  elapsed 0:09:01  ETA 0:14:36
2026-10-05 16:51:56   38.20%  7,640,000 / 20,000,000 packets  elapsed 0:09:01  ETA 0:14:36
2026-10-05 16:51:57   38.25%  7,650,000 / 20,000,000 packets  elapsed 0:09:02  ETA 0:14:35
2026-10-05 16:51:57   38.30%  7,660,000 / 20,000,000 packets  elapsed 0:09:03  ETA 0:14:34
2026-10-05 16:51:58   38.35%  7,670,000 / 20,000,000 packets  elapsed 0:09:03  ETA 0:14:34
2026-10-05 16:51:59   38.40%  7,680,000 / 20,000,000 packets  elapsed 0:09:04  ETA 0:14:33
2026-10-05 16:52:00   38.45%  7,690,000 / 20,000,000 packets  elapsed 0:09:05  ETA 0:14:32
2026-10-05 16:52:00   38.50%  7,700,000 / 20,000,000 packets  elapsed 0:09:05  ETA 0:14:31
2026-10-05 16:52:01   38.55%  7,710,000 / 20,000,000 packets  elapsed 0:09:06  ETA 0:14:31
2026-10-05 16:52:02   38.60%  7,720,000 / 20,000,000 packets  elapsed 0:09:07  ETA 0:14:30
2026-10-05 16:52:02   38.65%  7,730,000 / 20,000,000 packets  elapsed 0:09:08  ETA 0:14:29
2026-10-05 16:52:03   38.70%  7,740,000 / 20,000,000 packets  elapsed 0:09:08  ETA 0:14:28
2026-10-05 16:52:04   38.75%  7,750,000 / 20,000,000 packets  elapsed 0:09:09  ETA 0:14:28
2026-10-05 16:52:04   38.80%  7,760,000 / 20,000,000 packets  elapsed 0:09:10  ETA 0:14:27
2026-10-05 16:52:05   38.85%  7,770,000 / 20,000,000 packets  elapsed 0:09:10  ETA 0:14:26
2026-10-05 16:52:06   38.90%  7,780,000 / 20,000,000 packets  elapsed 0:09:11  ETA 0:14:26
2026-10-05 16:52:07   38.95%  7,790,000 / 20,000,000 packets  elapsed 0:09:12  ETA 0:14:25
2026-10-05 16:52:07   39.00%  7,800,000 / 20,000,000 packets  elapsed 0:09:12  ETA 0:14:24
2026-10-05 16:52:08   39.05%  7,810,000 / 20,000,000 packets  elapsed 0:09:13  ETA 0:14:23
2026-10-05 16:52:09   39.10%  7,820,000 / 20,000,000 packets  elapsed 0:09:14  ETA 0:14:23
2026-10-05 16:52:09   39.15%  7,830,000 / 20,000,000 packets  elapsed 0:09:15  ETA 0:14:22
2026-10-05 16:52:10   39.20%  7,840,000 / 20,000,000 packets  elapsed 0:09:15  ETA 0:14:21
2026-10-05 16:52:11   39.25%  7,850,000 / 20,000,000 packets  elapsed 0:09:16  ETA 0:14:20
2026-10-05 16:52:11   39.30%  7,860,000 / 20,000,000 packets  elapsed 0:09:17  ETA 0:14:20
2026-10-05 16:52:12   39.35%  7,870,000 / 20,000,000 packets  elapsed 0:09:17  ETA 0:14:19
2026-10-05 16:52:13   39.40%  7,880,000 / 20,000,000 packets  elapsed 0:09:18  ETA 0:14:18
2026-10-05 16:52:13   39.45%  7,890,000 / 20,000,000 packets  elapsed 0:09:19  ETA 0:14:17
2026-10-05 16:52:14   39.50%  7,900,000 / 20,000,000 packets  elapsed 0:09:19  ETA 0:14:17
2026-10-05 16:52:15   39.55%  7,910,000 / 20,000,000 packets  elapsed 0:09:20  ETA 0:14:16
2026-10-05 16:52:16   39.60%  7,920,000 / 20,000,000 packets  elapsed 0:09:21  ETA 0:14:15
2026-10-05 16:52:16   39.65%  7,930,000 / 20,000,000 packets  elapsed 0:09:21  ETA 0:14:15
2026-10-05 16:52:17   39.70%  7,940,000 / 20,000,000 packets  elapsed 0:09:22  ETA 0:14:14
2026-10-05 16:52:18   39.75%  7,950,000 / 20,000,000 packets  elapsed 0:09:23  ETA 0:14:13
2026-10-05 16:52:18   39.80%  7,960,000 / 20,000,000 packets  elapsed 0:09:24  ETA 0:14:12
2026-10-05 16:52:19   39.85%  7,970,000 / 20,000,000 packets  elapsed 0:09:24  ETA 0:14:12
2026-10-05 16:52:20   39.90%  7,980,000 / 20,000,000 packets  elapsed 0:09:25  ETA 0:14:11
2026-10-05 16:52:20   39.95%  7,990,000 / 20,000,000 packets  elapsed 0:09:26  ETA 0:14:10
2026-10-05 16:52:21   40.00%  8,000,000 / 20,000,000 packets  elapsed 0:09:26  ETA 0:14:10
2026-10-05 16:52:22   40.05%  8,010,000 / 20,000,000 packets  elapsed 0:09:27  ETA 0:14:09
2026-10-05 16:52:23   40.10%  8,020,000 / 20,000,000 packets  elapsed 0:09:28  ETA 0:14:08
2026-10-05 16:52:23   40.15%  8,030,000 / 20,000,000 packets  elapsed 0:09:28  ETA 0:14:07
2026-10-05 16:52:24   40.20%  8,040,000 / 20,000,000 packets  elapsed 0:09:29  ETA 0:14:07
2026-10-05 16:52:25   40.25%  8,050,000 / 20,000,000 packets  elapsed 0:09:30  ETA 0:14:06
2026-10-05 16:52:25   40.30%  8,060,000 / 20,000,000 packets  elapsed 0:09:31  ETA 0:14:05
2026-10-05 16:52:26   40.35%  8,070,000 / 20,000,000 packets  elapsed 0:09:31  ETA 0:14:04
2026-10-05 16:52:27   40.40%  8,080,000 / 20,000,000 packets  elapsed 0:09:32  ETA 0:14:04
2026-10-05 16:52:27   40.45%  8,090,000 / 20,000,000 packets  elapsed 0:09:33  ETA 0:14:03
2026-10-05 16:52:28   40.50%  8,100,000 / 20,000,000 packets  elapsed 0:09:33  ETA 0:14:02
2026-10-05 16:52:29   40.55%  8,110,000 / 20,000,000 packets  elapsed 0:09:34  ETA 0:14:02
2026-10-05 16:52:29   40.60%  8,120,000 / 20,000,000 packets  elapsed 0:09:35  ETA 0:14:01
2026-10-05 16:52:30   40.65%  8,130,000 / 20,000,000 packets  elapsed 0:09:35  ETA 0:14:00
2026-10-05 16:52:31   40.70%  8,140,000 / 20,000,000 packets  elapsed 0:09:36  ETA 0:13:59
2026-10-05 16:52:32   40.75%  8,150,000 / 20,000,000 packets  elapsed 0:09:37  ETA 0:13:59
2026-10-05 16:52:32   40.80%  8,160,000 / 20,000,000 packets  elapsed 0:09:37  ETA 0:13:58
2026-10-05 16:52:33   40.85%  8,170,000 / 20,000,000 packets  elapsed 0:09:38  ETA 0:13:57
2026-10-05 16:52:34   40.90%  8,180,000 / 20,000,000 packets  elapsed 0:09:39  ETA 0:13:56
2026-10-05 16:52:34   40.95%  8,190,000 / 20,000,000 packets  elapsed 0:09:40  ETA 0:13:56
2026-10-05 16:52:35   41.00%  8,200,000 / 20,000,000 packets  elapsed 0:09:40  ETA 0:13:55
2026-10-05 16:52:36   41.05%  8,210,000 / 20,000,000 packets  elapsed 0:09:41  ETA 0:13:54
2026-10-05 16:52:36   41.10%  8,220,000 / 20,000,000 packets  elapsed 0:09:42  ETA 0:13:54
2026-10-05 16:52:37   41.15%  8,230,000 / 20,000,000 packets  elapsed 0:09:42  ETA 0:13:53
2026-10-05 16:52:38   41.20%  8,240,000 / 20,000,000 packets  elapsed 0:09:43  ETA 0:13:52
2026-10-05 16:52:39   41.25%  8,250,000 / 20,000,000 packets  elapsed 0:09:44  ETA 0:13:51
2026-10-05 16:52:39   41.30%  8,260,000 / 20,000,000 packets  elapsed 0:09:44  ETA 0:13:51
2026-10-05 16:52:40   41.35%  8,270,000 / 20,000,000 packets  elapsed 0:09:45  ETA 0:13:50
2026-10-05 16:52:41   41.40%  8,280,000 / 20,000,000 packets  elapsed 0:09:46  ETA 0:13:49
2026-10-05 16:52:41   41.45%  8,290,000 / 20,000,000 packets  elapsed 0:09:47  ETA 0:13:48
2026-10-05 16:52:42   41.50%  8,300,000 / 20,000,000 packets  elapsed 0:09:47  ETA 0:13:48
2026-10-05 16:52:43   41.55%  8,310,000 / 20,000,000 packets  elapsed 0:09:48  ETA 0:13:47
2026-10-05 16:52:43   41.60%  8,320,000 / 20,000,000 packets  elapsed 0:09:49  ETA 0:13:46
2026-10-05 16:52:44   41.65%  8,330,000 / 20,000,000 packets  elapsed 0:09:49  ETA 0:13:46
2026-10-05 16:52:45   41.70%  8,340,000 / 20,000,000 packets  elapsed 0:09:50  ETA 0:13:45
2026-10-05 16:52:45   41.75%  8,350,000 / 20,000,000 packets  elapsed 0:09:51  ETA 0:13:44
2026-10-05 16:52:46   41.80%  8,360,000 / 20,000,000 packets  elapsed 0:09:51  ETA 0:13:43
2026-10-05 16:52:47   41.85%  8,370,000 / 20,000,000 packets  elapsed 0:09:52  ETA 0:13:43
2026-10-05 16:52:48   41.90%  8,380,000 / 20,000,000 packets  elapsed 0:09:53  ETA 0:13:42
2026-10-05 16:52:48   41.95%  8,390,000 / 20,000,000 packets  elapsed 0:09:53  ETA 0:13:41
2026-10-05 16:52:49   42.00%  8,400,000 / 20,000,000 packets  elapsed 0:09:54  ETA 0:13:40
2026-10-05 16:52:50   42.05%  8,410,000 / 20,000,000 packets  elapsed 0:09:55  ETA 0:13:40
2026-10-05 16:52:50   42.10%  8,420,000 / 20,000,000 packets  elapsed 0:09:56  ETA 0:13:39
2026-10-05 16:52:51   42.15%  8,430,000 / 20,000,000 packets  elapsed 0:09:56  ETA 0:13:38
2026-10-05 16:52:52   42.20%  8,440,000 / 20,000,000 packets  elapsed 0:09:57  ETA 0:13:38
2026-10-05 16:52:52   42.25%  8,450,000 / 20,000,000 packets  elapsed 0:09:58  ETA 0:13:37
2026-10-05 16:52:53   42.30%  8,460,000 / 20,000,000 packets  elapsed 0:09:58  ETA 0:13:36
2026-10-05 16:52:54   42.35%  8,470,000 / 20,000,000 packets  elapsed 0:09:59  ETA 0:13:35
2026-10-05 16:52:55   42.40%  8,480,000 / 20,000,000 packets  elapsed 0:10:00  ETA 0:13:35
2026-10-05 16:52:55   42.45%  8,490,000 / 20,000,000 packets  elapsed 0:10:00  ETA 0:13:34
2026-10-05 16:52:56   42.50%  8,500,000 / 20,000,000 packets  elapsed 0:10:01  ETA 0:13:33
2026-10-05 16:52:57   42.55%  8,510,000 / 20,000,000 packets  elapsed 0:10:02  ETA 0:13:33
2026-10-05 16:52:57   42.60%  8,520,000 / 20,000,000 packets  elapsed 0:10:02  ETA 0:13:32
2026-10-05 16:52:58   42.65%  8,530,000 / 20,000,000 packets  elapsed 0:10:03  ETA 0:13:31
2026-10-05 16:52:59   42.70%  8,540,000 / 20,000,000 packets  elapsed 0:10:04  ETA 0:13:30
2026-10-05 16:52:59   42.75%  8,550,000 / 20,000,000 packets  elapsed 0:10:05  ETA 0:13:30
2026-10-05 16:53:00   42.80%  8,560,000 / 20,000,000 packets  elapsed 0:10:05  ETA 0:13:29
2026-10-05 16:53:01   42.85%  8,570,000 / 20,000,000 packets  elapsed 0:10:06  ETA 0:13:28
2026-10-05 16:53:01   42.90%  8,580,000 / 20,000,000 packets  elapsed 0:10:07  ETA 0:13:27
2026-10-05 16:53:02   42.95%  8,590,000 / 20,000,000 packets  elapsed 0:10:07  ETA 0:13:27
2026-10-05 16:53:03   43.00%  8,600,000 / 20,000,000 packets  elapsed 0:10:08  ETA 0:13:26
2026-10-05 16:53:04   43.05%  8,610,000 / 20,000,000 packets  elapsed 0:10:09  ETA 0:13:25
2026-10-05 16:53:04   43.10%  8,620,000 / 20,000,000 packets  elapsed 0:10:09  ETA 0:13:25
2026-10-05 16:53:05   43.15%  8,630,000 / 20,000,000 packets  elapsed 0:10:10  ETA 0:13:24
2026-10-05 16:53:06   43.20%  8,640,000 / 20,000,000 packets  elapsed 0:10:11  ETA 0:13:23
2026-10-05 16:53:06   43.25%  8,650,000 / 20,000,000 packets  elapsed 0:10:12  ETA 0:13:22
2026-10-05 16:53:07   43.30%  8,660,000 / 20,000,000 packets  elapsed 0:10:12  ETA 0:13:22
2026-10-05 16:53:08   43.35%  8,670,000 / 20,000,000 packets  elapsed 0:10:13  ETA 0:13:21
2026-10-05 16:53:08   43.40%  8,680,000 / 20,000,000 packets  elapsed 0:10:14  ETA 0:13:20
2026-10-05 16:53:09   43.45%  8,690,000 / 20,000,000 packets  elapsed 0:10:14  ETA 0:13:20
2026-10-05 16:53:10   43.50%  8,700,000 / 20,000,000 packets  elapsed 0:10:15  ETA 0:13:19
2026-10-05 16:53:11   43.55%  8,710,000 / 20,000,000 packets  elapsed 0:10:16  ETA 0:13:18
2026-10-05 16:53:11   43.60%  8,720,000 / 20,000,000 packets  elapsed 0:10:16  ETA 0:13:17
2026-10-05 16:53:12   43.65%  8,730,000 / 20,000,000 packets  elapsed 0:10:17  ETA 0:13:17
2026-10-05 16:53:13   43.70%  8,740,000 / 20,000,000 packets  elapsed 0:10:18  ETA 0:13:16
2026-10-05 16:53:13   43.75%  8,750,000 / 20,000,000 packets  elapsed 0:10:18  ETA 0:13:15
2026-10-05 16:53:14   43.80%  8,760,000 / 20,000,000 packets  elapsed 0:10:19  ETA 0:13:14
2026-10-05 16:53:15   43.85%  8,770,000 / 20,000,000 packets  elapsed 0:10:20  ETA 0:13:14
2026-10-05 16:53:15   43.90%  8,780,000 / 20,000,000 packets  elapsed 0:10:21  ETA 0:13:13
2026-10-05 16:53:16   43.95%  8,790,000 / 20,000,000 packets  elapsed 0:10:21  ETA 0:13:12
2026-10-05 16:53:17   44.00%  8,800,000 / 20,000,000 packets  elapsed 0:10:22  ETA 0:13:12
2026-10-05 16:53:17   44.05%  8,810,000 / 20,000,000 packets  elapsed 0:10:23  ETA 0:13:11
2026-10-05 16:53:18   44.10%  8,820,000 / 20,000,000 packets  elapsed 0:10:23  ETA 0:13:10
2026-10-05 16:53:19   44.15%  8,830,000 / 20,000,000 packets  elapsed 0:10:24  ETA 0:13:09
2026-10-05 16:53:20   44.20%  8,840,000 / 20,000,000 packets  elapsed 0:10:25  ETA 0:13:09
2026-10-05 16:53:20   44.25%  8,850,000 / 20,000,000 packets  elapsed 0:10:25  ETA 0:13:08
2026-10-05 16:53:21   44.30%  8,860,000 / 20,000,000 packets  elapsed 0:10:26  ETA 0:13:07
2026-10-05 16:53:22   44.35%  8,870,000 / 20,000,000 packets  elapsed 0:10:27  ETA 0:13:07
2026-10-05 16:53:22   44.40%  8,880,000 / 20,000,000 packets  elapsed 0:10:28  ETA 0:13:06
2026-10-05 16:53:23   44.45%  8,890,000 / 20,000,000 packets  elapsed 0:10:28  ETA 0:13:05
2026-10-05 16:53:24   44.50%  8,900,000 / 20,000,000 packets  elapsed 0:10:29  ETA 0:13:04
2026-10-05 16:53:24   44.55%  8,910,000 / 20,000,000 packets  elapsed 0:10:30  ETA 0:13:04
2026-10-05 16:53:25   44.60%  8,920,000 / 20,000,000 packets  elapsed 0:10:30  ETA 0:13:03
2026-10-05 16:53:26   44.65%  8,930,000 / 20,000,000 packets  elapsed 0:10:31  ETA 0:13:02
2026-10-05 16:53:27   44.70%  8,940,000 / 20,000,000 packets  elapsed 0:10:32  ETA 0:13:02
2026-10-05 16:53:27   44.75%  8,950,000 / 20,000,000 packets  elapsed 0:10:32  ETA 0:13:01
2026-10-05 16:53:28   44.80%  8,960,000 / 20,000,000 packets  elapsed 0:10:33  ETA 0:13:00
2026-10-05 16:53:29   44.85%  8,970,000 / 20,000,000 packets  elapsed 0:10:34  ETA 0:12:59
2026-10-05 16:53:29   44.90%  8,980,000 / 20,000,000 packets  elapsed 0:10:34  ETA 0:12:59
2026-10-05 16:53:30   44.95%  8,990,000 / 20,000,000 packets  elapsed 0:10:35  ETA 0:12:58
2026-10-05 16:53:31   45.00%  9,000,000 / 20,000,000 packets  elapsed 0:10:36  ETA 0:12:57
2026-10-05 16:53:31   45.05%  9,010,000 / 20,000,000 packets  elapsed 0:10:37  ETA 0:12:56
2026-10-05 16:53:32   45.10%  9,020,000 / 20,000,000 packets  elapsed 0:10:37  ETA 0:12:56
2026-10-05 16:53:33   45.15%  9,030,000 / 20,000,000 packets  elapsed 0:10:38  ETA 0:12:55
2026-10-05 16:53:33   45.20%  9,040,000 / 20,000,000 packets  elapsed 0:10:39  ETA 0:12:54
2026-10-05 16:53:34   45.25%  9,050,000 / 20,000,000 packets  elapsed 0:10:39  ETA 0:12:54
2026-10-05 16:53:35   45.30%  9,060,000 / 20,000,000 packets  elapsed 0:10:40  ETA 0:12:53
2026-10-05 16:53:36   45.35%  9,070,000 / 20,000,000 packets  elapsed 0:10:41  ETA 0:12:52
2026-10-05 16:53:36   45.40%  9,080,000 / 20,000,000 packets  elapsed 0:10:41  ETA 0:12:51
2026-10-05 16:53:37   45.45%  9,090,000 / 20,000,000 packets  elapsed 0:10:42  ETA 0:12:51
2026-10-05 16:53:38   45.50%  9,100,000 / 20,000,000 packets  elapsed 0:10:43  ETA 0:12:50
2026-10-05 16:53:38   45.55%  9,110,000 / 20,000,000 packets  elapsed 0:10:44  ETA 0:12:49
2026-10-05 16:53:39   45.60%  9,120,000 / 20,000,000 packets  elapsed 0:10:44  ETA 0:12:49
2026-10-05 16:53:40   45.65%  9,130,000 / 20,000,000 packets  elapsed 0:10:45  ETA 0:12:48
2026-10-05 16:53:40   45.70%  9,140,000 / 20,000,000 packets  elapsed 0:10:46  ETA 0:12:47
2026-10-05 16:53:41   45.75%  9,150,000 / 20,000,000 packets  elapsed 0:10:46  ETA 0:12:46
2026-10-05 16:53:42   45.80%  9,160,000 / 20,000,000 packets  elapsed 0:10:47  ETA 0:12:46
2026-10-05 16:53:43   45.85%  9,170,000 / 20,000,000 packets  elapsed 0:10:48  ETA 0:12:45
2026-10-05 16:53:43   45.90%  9,180,000 / 20,000,000 packets  elapsed 0:10:48  ETA 0:12:44
2026-10-05 16:53:44   45.95%  9,190,000 / 20,000,000 packets  elapsed 0:10:49  ETA 0:12:44
2026-10-05 16:53:45   46.00%  9,200,000 / 20,000,000 packets  elapsed 0:10:50  ETA 0:12:43
2026-10-05 16:53:45   46.05%  9,210,000 / 20,000,000 packets  elapsed 0:10:50  ETA 0:12:42
2026-10-05 16:53:46   46.10%  9,220,000 / 20,000,000 packets  elapsed 0:10:51  ETA 0:12:41
2026-10-05 16:53:47   46.15%  9,230,000 / 20,000,000 packets  elapsed 0:10:52  ETA 0:12:41
2026-10-05 16:53:47   46.20%  9,240,000 / 20,000,000 packets  elapsed 0:10:53  ETA 0:12:40
2026-10-05 16:53:48   46.25%  9,250,000 / 20,000,000 packets  elapsed 0:10:53  ETA 0:12:39
2026-10-05 16:53:49   46.30%  9,260,000 / 20,000,000 packets  elapsed 0:10:54  ETA 0:12:38
2026-10-05 16:53:49   46.35%  9,270,000 / 20,000,000 packets  elapsed 0:10:55  ETA 0:12:38
2026-10-05 16:53:50   46.40%  9,280,000 / 20,000,000 packets  elapsed 0:10:55  ETA 0:12:37
2026-10-05 16:53:51   46.45%  9,290,000 / 20,000,000 packets  elapsed 0:10:56  ETA 0:12:36
2026-10-05 16:53:52   46.50%  9,300,000 / 20,000,000 packets  elapsed 0:10:57  ETA 0:12:36
2026-10-05 16:53:52   46.55%  9,310,000 / 20,000,000 packets  elapsed 0:10:57  ETA 0:12:35
2026-10-05 16:53:53   46.60%  9,320,000 / 20,000,000 packets  elapsed 0:10:58  ETA 0:12:34
2026-10-05 16:53:54   46.65%  9,330,000 / 20,000,000 packets  elapsed 0:10:59  ETA 0:12:33
2026-10-05 16:53:54   46.70%  9,340,000 / 20,000,000 packets  elapsed 0:11:00  ETA 0:12:33
2026-10-05 16:53:55   46.75%  9,350,000 / 20,000,000 packets  elapsed 0:11:00  ETA 0:12:32
2026-10-05 16:53:56   46.80%  9,360,000 / 20,000,000 packets  elapsed 0:11:01  ETA 0:12:31
2026-10-05 16:53:56   46.85%  9,370,000 / 20,000,000 packets  elapsed 0:11:02  ETA 0:12:31
2026-10-05 16:53:57   46.90%  9,380,000 / 20,000,000 packets  elapsed 0:11:02  ETA 0:12:30
2026-10-05 16:53:58   46.95%  9,390,000 / 20,000,000 packets  elapsed 0:11:03  ETA 0:12:29
2026-10-05 16:53:59   47.00%  9,400,000 / 20,000,000 packets  elapsed 0:11:04  ETA 0:12:28
2026-10-05 16:53:59   47.05%  9,410,000 / 20,000,000 packets  elapsed 0:11:04  ETA 0:12:28
2026-10-05 16:54:00   47.10%  9,420,000 / 20,000,000 packets  elapsed 0:11:05  ETA 0:12:27
2026-10-05 16:54:01   47.15%  9,430,000 / 20,000,000 packets  elapsed 0:11:06  ETA 0:12:26
2026-10-05 16:54:01   47.20%  9,440,000 / 20,000,000 packets  elapsed 0:11:06  ETA 0:12:26
2026-10-05 16:54:02   47.25%  9,450,000 / 20,000,000 packets  elapsed 0:11:07  ETA 0:12:25
2026-10-05 16:54:03   47.30%  9,460,000 / 20,000,000 packets  elapsed 0:11:08  ETA 0:12:24
2026-10-05 16:54:03   47.35%  9,470,000 / 20,000,000 packets  elapsed 0:11:09  ETA 0:12:23
2026-10-05 16:54:04   47.40%  9,480,000 / 20,000,000 packets  elapsed 0:11:09  ETA 0:12:23
2026-10-05 16:54:05   47.45%  9,490,000 / 20,000,000 packets  elapsed 0:11:10  ETA 0:12:22
2026-10-05 16:54:05   47.50%  9,500,000 / 20,000,000 packets  elapsed 0:11:11  ETA 0:12:21
2026-10-05 16:54:06   47.55%  9,510,000 / 20,000,000 packets  elapsed 0:11:11  ETA 0:12:21
2026-10-05 16:54:07   47.60%  9,520,000 / 20,000,000 packets  elapsed 0:11:12  ETA 0:12:20
2026-10-05 16:54:08   47.65%  9,530,000 / 20,000,000 packets  elapsed 0:11:13  ETA 0:12:19
2026-10-05 16:54:08   47.70%  9,540,000 / 20,000,000 packets  elapsed 0:11:13  ETA 0:12:18
2026-10-05 16:54:09   47.75%  9,550,000 / 20,000,000 packets  elapsed 0:11:14  ETA 0:12:18
2026-10-05 16:54:10   47.80%  9,560,000 / 20,000,000 packets  elapsed 0:11:15  ETA 0:12:17
2026-10-05 16:54:10   47.85%  9,570,000 / 20,000,000 packets  elapsed 0:11:16  ETA 0:12:16
2026-10-05 16:54:11   47.90%  9,580,000 / 20,000,000 packets  elapsed 0:11:16  ETA 0:12:16
2026-10-05 16:54:12   47.95%  9,590,000 / 20,000,000 packets  elapsed 0:11:17  ETA 0:12:15
2026-10-05 16:54:12   48.00%  9,600,000 / 20,000,000 packets  elapsed 0:11:18  ETA 0:12:14
2026-10-05 16:54:13   48.05%  9,610,000 / 20,000,000 packets  elapsed 0:11:18  ETA 0:12:13
2026-10-05 16:54:14   48.10%  9,620,000 / 20,000,000 packets  elapsed 0:11:19  ETA 0:12:13
2026-10-05 16:54:15   48.15%  9,630,000 / 20,000,000 packets  elapsed 0:11:20  ETA 0:12:12
2026-10-05 16:54:15   48.20%  9,640,000 / 20,000,000 packets  elapsed 0:11:20  ETA 0:12:11
2026-10-05 16:54:16   48.25%  9,650,000 / 20,000,000 packets  elapsed 0:11:21  ETA 0:12:10
2026-10-05 16:54:17   48.30%  9,660,000 / 20,000,000 packets  elapsed 0:11:22  ETA 0:12:10
2026-10-05 16:54:17   48.35%  9,670,000 / 20,000,000 packets  elapsed 0:11:22  ETA 0:12:09
2026-10-05 16:54:18   48.40%  9,680,000 / 20,000,000 packets  elapsed 0:11:23  ETA 0:12:08
2026-10-05 16:54:19   48.45%  9,690,000 / 20,000,000 packets  elapsed 0:11:24  ETA 0:12:08
2026-10-05 16:54:19   48.50%  9,700,000 / 20,000,000 packets  elapsed 0:11:25  ETA 0:12:07
2026-10-05 16:54:20   48.55%  9,710,000 / 20,000,000 packets  elapsed 0:11:25  ETA 0:12:06
2026-10-05 16:54:21   48.60%  9,720,000 / 20,000,000 packets  elapsed 0:11:26  ETA 0:12:05
2026-10-05 16:54:21   48.65%  9,730,000 / 20,000,000 packets  elapsed 0:11:27  ETA 0:12:05
2026-10-05 16:54:22   48.70%  9,740,000 / 20,000,000 packets  elapsed 0:11:27  ETA 0:12:04
2026-10-05 16:54:23   48.75%  9,750,000 / 20,000,000 packets  elapsed 0:11:28  ETA 0:12:03
2026-10-05 16:54:24   48.80%  9,760,000 / 20,000,000 packets  elapsed 0:11:29  ETA 0:12:03
2026-10-05 16:54:24   48.85%  9,770,000 / 20,000,000 packets  elapsed 0:11:29  ETA 0:12:02
2026-10-05 16:54:25   48.90%  9,780,000 / 20,000,000 packets  elapsed 0:11:30  ETA 0:12:01
2026-10-05 16:54:26   48.95%  9,790,000 / 20,000,000 packets  elapsed 0:11:31  ETA 0:12:00
2026-10-05 16:54:26   49.00%  9,800,000 / 20,000,000 packets  elapsed 0:11:32  ETA 0:12:00
2026-10-05 16:54:27   49.05%  9,810,000 / 20,000,000 packets  elapsed 0:11:32  ETA 0:11:59
2026-10-05 16:54:28   49.10%  9,820,000 / 20,000,000 packets  elapsed 0:11:33  ETA 0:11:58
2026-10-05 16:54:28   49.15%  9,830,000 / 20,000,000 packets  elapsed 0:11:34  ETA 0:11:58
2026-10-05 16:54:29   49.20%  9,840,000 / 20,000,000 packets  elapsed 0:11:34  ETA 0:11:57
2026-10-05 16:54:30   49.25%  9,850,000 / 20,000,000 packets  elapsed 0:11:35  ETA 0:11:56
2026-10-05 16:54:30   49.30%  9,860,000 / 20,000,000 packets  elapsed 0:11:36  ETA 0:11:55
2026-10-05 16:54:31   49.35%  9,870,000 / 20,000,000 packets  elapsed 0:11:36  ETA 0:11:55
2026-10-05 16:54:32   49.40%  9,880,000 / 20,000,000 packets  elapsed 0:11:37  ETA 0:11:54
2026-10-05 16:54:33   49.45%  9,890,000 / 20,000,000 packets  elapsed 0:11:38  ETA 0:11:53
2026-10-05 16:54:33   49.50%  9,900,000 / 20,000,000 packets  elapsed 0:11:38  ETA 0:11:53
2026-10-05 16:54:34   49.55%  9,910,000 / 20,000,000 packets  elapsed 0:11:39  ETA 0:11:52
2026-10-05 16:54:35   49.60%  9,920,000 / 20,000,000 packets  elapsed 0:11:40  ETA 0:11:51
2026-10-05 16:54:35   49.65%  9,930,000 / 20,000,000 packets  elapsed 0:11:41  ETA 0:11:50
2026-10-05 16:54:36   49.70%  9,940,000 / 20,000,000 packets  elapsed 0:11:41  ETA 0:11:50
2026-10-05 16:54:37   49.75%  9,950,000 / 20,000,000 packets  elapsed 0:11:42  ETA 0:11:49
2026-10-05 16:54:37   49.80%  9,960,000 / 20,000,000 packets  elapsed 0:11:43  ETA 0:11:48
2026-10-05 16:54:38   49.85%  9,970,000 / 20,000,000 packets  elapsed 0:11:43  ETA 0:11:48
2026-10-05 16:54:39   49.90%  9,980,000 / 20,000,000 packets  elapsed 0:11:44  ETA 0:11:47
2026-10-05 16:54:40   49.95%  9,990,000 / 20,000,000 packets  elapsed 0:11:45  ETA 0:11:46
2026-10-05 16:54:40   50.00%  10,000,000 / 20,000,000 packets  elapsed 0:11:45  ETA 0:11:45
2026-10-05 16:54:41   50.05%  10,010,000 / 20,000,000 packets  elapsed 0:11:46  ETA 0:11:45
2026-10-05 16:54:42   50.10%  10,020,000 / 20,000,000 packets  elapsed 0:11:47  ETA 0:11:44
2026-10-05 16:54:42   50.15%  10,030,000 / 20,000,000 packets  elapsed 0:11:48  ETA 0:11:43
2026-10-05 16:54:43   50.20%  10,040,000 / 20,000,000 packets  elapsed 0:11:48  ETA 0:11:43
2026-10-05 16:54:44   50.25%  10,050,000 / 20,000,000 packets  elapsed 0:11:49  ETA 0:11:42
2026-10-05 16:54:44   50.30%  10,060,000 / 20,000,000 packets  elapsed 0:11:50  ETA 0:11:41
2026-10-05 16:54:45   50.35%  10,070,000 / 20,000,000 packets  elapsed 0:11:50  ETA 0:11:40
2026-10-05 16:54:46   50.40%  10,080,000 / 20,000,000 packets  elapsed 0:11:51  ETA 0:11:40
2026-10-05 16:54:46   50.45%  10,090,000 / 20,000,000 packets  elapsed 0:11:52  ETA 0:11:39
2026-10-05 16:54:47   50.50%  10,100,000 / 20,000,000 packets  elapsed 0:11:52  ETA 0:11:38
2026-10-05 16:54:48   50.55%  10,110,000 / 20,000,000 packets  elapsed 0:11:53  ETA 0:11:38
2026-10-05 16:54:49   50.60%  10,120,000 / 20,000,000 packets  elapsed 0:11:54  ETA 0:11:37
2026-10-05 16:54:49   50.65%  10,130,000 / 20,000,000 packets  elapsed 0:11:54  ETA 0:11:36
2026-10-05 16:54:50   50.70%  10,140,000 / 20,000,000 packets  elapsed 0:11:55  ETA 0:11:35
2026-10-05 16:54:51   50.75%  10,150,000 / 20,000,000 packets  elapsed 0:11:56  ETA 0:11:35
2026-10-05 16:54:51   50.80%  10,160,000 / 20,000,000 packets  elapsed 0:11:57  ETA 0:11:34
2026-10-05 16:54:52   50.85%  10,170,000 / 20,000,000 packets  elapsed 0:11:57  ETA 0:11:33
2026-10-05 16:54:53   50.90%  10,180,000 / 20,000,000 packets  elapsed 0:11:58  ETA 0:11:33
2026-10-05 16:54:53   50.95%  10,190,000 / 20,000,000 packets  elapsed 0:11:59  ETA 0:11:32
2026-10-05 16:54:54   51.00%  10,200,000 / 20,000,000 packets  elapsed 0:11:59  ETA 0:11:31
2026-10-05 16:54:55   51.05%  10,210,000 / 20,000,000 packets  elapsed 0:12:00  ETA 0:11:30
2026-10-05 16:54:56   51.10%  10,220,000 / 20,000,000 packets  elapsed 0:12:01  ETA 0:11:30
2026-10-05 16:54:56   51.15%  10,230,000 / 20,000,000 packets  elapsed 0:12:01  ETA 0:11:29
2026-10-05 16:54:57   51.20%  10,240,000 / 20,000,000 packets  elapsed 0:12:02  ETA 0:11:28
2026-10-05 16:54:58   51.25%  10,250,000 / 20,000,000 packets  elapsed 0:12:03  ETA 0:11:28
2026-10-05 16:54:58   51.30%  10,260,000 / 20,000,000 packets  elapsed 0:12:04  ETA 0:11:27
2026-10-05 16:54:59   51.35%  10,270,000 / 20,000,000 packets  elapsed 0:12:04  ETA 0:11:26
2026-10-05 16:55:00   51.40%  10,280,000 / 20,000,000 packets  elapsed 0:12:05  ETA 0:11:25
2026-10-05 16:55:00   51.45%  10,290,000 / 20,000,000 packets  elapsed 0:12:06  ETA 0:11:25
2026-10-05 16:55:01   51.50%  10,300,000 / 20,000,000 packets  elapsed 0:12:06  ETA 0:11:24
2026-10-05 16:55:02   51.55%  10,310,000 / 20,000,000 packets  elapsed 0:12:07  ETA 0:11:23
2026-10-05 16:55:02   51.60%  10,320,000 / 20,000,000 packets  elapsed 0:12:08  ETA 0:11:23
2026-10-05 16:55:03   51.65%  10,330,000 / 20,000,000 packets  elapsed 0:12:08  ETA 0:11:22
2026-10-05 16:55:04   51.70%  10,340,000 / 20,000,000 packets  elapsed 0:12:09  ETA 0:11:21
2026-10-05 16:55:05   51.75%  10,350,000 / 20,000,000 packets  elapsed 0:12:10  ETA 0:11:20
2026-10-05 16:55:05   51.80%  10,360,000 / 20,000,000 packets  elapsed 0:12:10  ETA 0:11:20
2026-10-05 16:55:06   51.85%  10,370,000 / 20,000,000 packets  elapsed 0:12:11  ETA 0:11:19
2026-10-05 16:55:07   51.90%  10,380,000 / 20,000,000 packets  elapsed 0:12:12  ETA 0:11:18
2026-10-05 16:55:07   51.95%  10,390,000 / 20,000,000 packets  elapsed 0:12:13  ETA 0:11:18
2026-10-05 16:55:08   52.00%  10,400,000 / 20,000,000 packets  elapsed 0:12:13  ETA 0:11:17
2026-10-05 16:55:09   52.05%  10,410,000 / 20,000,000 packets  elapsed 0:12:14  ETA 0:11:16
2026-10-05 16:55:09   52.10%  10,420,000 / 20,000,000 packets  elapsed 0:12:15  ETA 0:11:15
2026-10-05 16:55:10   52.15%  10,430,000 / 20,000,000 packets  elapsed 0:12:15  ETA 0:11:15
2026-10-05 16:55:11   52.20%  10,440,000 / 20,000,000 packets  elapsed 0:12:16  ETA 0:11:14
2026-10-05 16:55:12   52.25%  10,450,000 / 20,000,000 packets  elapsed 0:12:17  ETA 0:11:13
2026-10-05 16:55:12   52.30%  10,460,000 / 20,000,000 packets  elapsed 0:12:17  ETA 0:11:13
2026-10-05 16:55:13   52.35%  10,470,000 / 20,000,000 packets  elapsed 0:12:18  ETA 0:11:12
2026-10-05 16:55:14   52.40%  10,480,000 / 20,000,000 packets  elapsed 0:12:19  ETA 0:11:11
2026-10-05 16:55:14   52.45%  10,490,000 / 20,000,000 packets  elapsed 0:12:19  ETA 0:11:10
2026-10-05 16:55:15   52.50%  10,500,000 / 20,000,000 packets  elapsed 0:12:20  ETA 0:11:10
2026-10-05 16:55:16   52.55%  10,510,000 / 20,000,000 packets  elapsed 0:12:21  ETA 0:11:09
2026-10-05 16:55:16   52.60%  10,520,000 / 20,000,000 packets  elapsed 0:12:22  ETA 0:11:08
2026-10-05 16:55:17   52.65%  10,530,000 / 20,000,000 packets  elapsed 0:12:22  ETA 0:11:08
2026-10-05 16:55:18   52.70%  10,540,000 / 20,000,000 packets  elapsed 0:12:23  ETA 0:11:07
2026-10-05 16:55:18   52.75%  10,550,000 / 20,000,000 packets  elapsed 0:12:24  ETA 0:11:06
2026-10-05 16:55:19   52.80%  10,560,000 / 20,000,000 packets  elapsed 0:12:24  ETA 0:11:05
2026-10-05 16:55:20   52.85%  10,570,000 / 20,000,000 packets  elapsed 0:12:25  ETA 0:11:05
2026-10-05 16:55:21   52.90%  10,580,000 / 20,000,000 packets  elapsed 0:12:26  ETA 0:11:04
2026-10-05 16:55:21   52.95%  10,590,000 / 20,000,000 packets  elapsed 0:12:26  ETA 0:11:03
2026-10-05 16:55:22   53.00%  10,600,000 / 20,000,000 packets  elapsed 0:12:27  ETA 0:11:03
2026-10-05 16:55:23   53.05%  10,610,000 / 20,000,000 packets  elapsed 0:12:28  ETA 0:11:02
2026-10-05 16:55:23   53.10%  10,620,000 / 20,000,000 packets  elapsed 0:12:29  ETA 0:11:01
2026-10-05 16:55:24   53.15%  10,630,000 / 20,000,000 packets  elapsed 0:12:29  ETA 0:11:00
2026-10-05 16:55:25   53.20%  10,640,000 / 20,000,000 packets  elapsed 0:12:30  ETA 0:11:00
2026-10-05 16:55:25   53.25%  10,650,000 / 20,000,000 packets  elapsed 0:12:31  ETA 0:10:59
2026-10-05 16:55:26   53.30%  10,660,000 / 20,000,000 packets  elapsed 0:12:31  ETA 0:10:58
2026-10-05 16:55:27   53.35%  10,670,000 / 20,000,000 packets  elapsed 0:12:32  ETA 0:10:58
2026-10-05 16:55:28   53.40%  10,680,000 / 20,000,000 packets  elapsed 0:12:33  ETA 0:10:57
2026-10-05 16:55:28   53.45%  10,690,000 / 20,000,000 packets  elapsed 0:12:33  ETA 0:10:56
2026-10-05 16:55:29   53.50%  10,700,000 / 20,000,000 packets  elapsed 0:12:34  ETA 0:10:55
2026-10-05 16:55:30   53.55%  10,710,000 / 20,000,000 packets  elapsed 0:12:35  ETA 0:10:55
2026-10-05 16:55:30   53.60%  10,720,000 / 20,000,000 packets  elapsed 0:12:35  ETA 0:10:54
2026-10-05 16:55:31   53.65%  10,730,000 / 20,000,000 packets  elapsed 0:12:36  ETA 0:10:53
2026-10-05 16:55:32   53.70%  10,740,000 / 20,000,000 packets  elapsed 0:12:37  ETA 0:10:53
2026-10-05 16:55:32   53.75%  10,750,000 / 20,000,000 packets  elapsed 0:12:38  ETA 0:10:52
2026-10-05 16:55:33   53.80%  10,760,000 / 20,000,000 packets  elapsed 0:12:38  ETA 0:10:51
2026-10-05 16:55:34   53.85%  10,770,000 / 20,000,000 packets  elapsed 0:12:39  ETA 0:10:50
2026-10-05 16:55:34   53.90%  10,780,000 / 20,000,000 packets  elapsed 0:12:40  ETA 0:10:50
2026-10-05 16:55:35   53.95%  10,790,000 / 20,000,000 packets  elapsed 0:12:40  ETA 0:10:49
2026-10-05 16:55:36   54.00%  10,800,000 / 20,000,000 packets  elapsed 0:12:41  ETA 0:10:48
2026-10-05 16:55:37   54.05%  10,810,000 / 20,000,000 packets  elapsed 0:12:42  ETA 0:10:48
2026-10-05 16:55:37   54.10%  10,820,000 / 20,000,000 packets  elapsed 0:12:42  ETA 0:10:47
2026-10-05 16:55:38   54.15%  10,830,000 / 20,000,000 packets  elapsed 0:12:43  ETA 0:10:46
2026-10-05 16:55:39   54.20%  10,840,000 / 20,000,000 packets  elapsed 0:12:44  ETA 0:10:45
2026-10-05 16:55:39   54.25%  10,850,000 / 20,000,000 packets  elapsed 0:12:45  ETA 0:10:45
2026-10-05 16:55:40   54.30%  10,860,000 / 20,000,000 packets  elapsed 0:12:45  ETA 0:10:44
2026-10-05 16:55:41   54.35%  10,870,000 / 20,000,000 packets  elapsed 0:12:46  ETA 0:10:43
2026-10-05 16:55:41   54.40%  10,880,000 / 20,000,000 packets  elapsed 0:12:47  ETA 0:10:43
2026-10-05 16:55:42   54.45%  10,890,000 / 20,000,000 packets  elapsed 0:12:47  ETA 0:10:42
2026-10-05 16:55:43   54.50%  10,900,000 / 20,000,000 packets  elapsed 0:12:48  ETA 0:10:41
2026-10-05 16:55:44   54.55%  10,910,000 / 20,000,000 packets  elapsed 0:12:49  ETA 0:10:40
2026-10-05 16:55:44   54.60%  10,920,000 / 20,000,000 packets  elapsed 0:12:49  ETA 0:10:40
2026-10-05 16:55:45   54.65%  10,930,000 / 20,000,000 packets  elapsed 0:12:50  ETA 0:10:39
2026-10-05 16:55:46   54.70%  10,940,000 / 20,000,000 packets  elapsed 0:12:51  ETA 0:10:38
2026-10-05 16:55:46   54.75%  10,950,000 / 20,000,000 packets  elapsed 0:12:51  ETA 0:10:38
2026-10-05 16:55:47   54.80%  10,960,000 / 20,000,000 packets  elapsed 0:12:52  ETA 0:10:37
2026-10-05 16:55:48   54.85%  10,970,000 / 20,000,000 packets  elapsed 0:12:53  ETA 0:10:36
2026-10-05 16:55:48   54.90%  10,980,000 / 20,000,000 packets  elapsed 0:12:54  ETA 0:10:36
2026-10-05 16:55:49   54.95%  10,990,000 / 20,000,000 packets  elapsed 0:12:54  ETA 0:10:35
2026-10-05 16:55:50   55.00%  11,000,000 / 20,000,000 packets  elapsed 0:12:55  ETA 0:10:34
2026-10-05 16:55:51   55.05%  11,010,000 / 20,000,000 packets  elapsed 0:12:56  ETA 0:10:33
2026-10-05 16:55:51   55.10%  11,020,000 / 20,000,000 packets  elapsed 0:12:56  ETA 0:10:33
2026-10-05 16:55:52   55.15%  11,030,000 / 20,000,000 packets  elapsed 0:12:57  ETA 0:10:32
2026-10-05 16:55:53   55.20%  11,040,000 / 20,000,000 packets  elapsed 0:12:58  ETA 0:10:31
2026-10-05 16:55:53   55.25%  11,050,000 / 20,000,000 packets  elapsed 0:12:59  ETA 0:10:31
2026-10-05 16:55:54   55.30%  11,060,000 / 20,000,000 packets  elapsed 0:12:59  ETA 0:10:30
2026-10-05 16:55:55   55.35%  11,070,000 / 20,000,000 packets  elapsed 0:13:00  ETA 0:10:29
2026-10-05 16:55:55   55.40%  11,080,000 / 20,000,000 packets  elapsed 0:13:01  ETA 0:10:28
2026-10-05 16:55:56   55.45%  11,090,000 / 20,000,000 packets  elapsed 0:13:01  ETA 0:10:28
2026-10-05 16:55:57   55.50%  11,100,000 / 20,000,000 packets  elapsed 0:13:02  ETA 0:10:27
2026-10-05 16:55:57   55.55%  11,110,000 / 20,000,000 packets  elapsed 0:13:03  ETA 0:10:26
2026-10-05 16:55:58   55.60%  11,120,000 / 20,000,000 packets  elapsed 0:13:03  ETA 0:10:26
2026-10-05 16:55:59   55.65%  11,130,000 / 20,000,000 packets  elapsed 0:13:04  ETA 0:10:25
2026-10-05 16:56:00   55.70%  11,140,000 / 20,000,000 packets  elapsed 0:13:05  ETA 0:10:24
2026-10-05 16:56:00   55.75%  11,150,000 / 20,000,000 packets  elapsed 0:13:05  ETA 0:10:23
2026-10-05 16:56:01   55.80%  11,160,000 / 20,000,000 packets  elapsed 0:13:06  ETA 0:10:23
2026-10-05 16:56:02   55.85%  11,170,000 / 20,000,000 packets  elapsed 0:13:07  ETA 0:10:22
2026-10-05 16:56:02   55.90%  11,180,000 / 20,000,000 packets  elapsed 0:13:08  ETA 0:10:21
2026-10-05 16:56:03   55.95%  11,190,000 / 20,000,000 packets  elapsed 0:13:08  ETA 0:10:21
2026-10-05 16:56:04   56.00%  11,200,000 / 20,000,000 packets  elapsed 0:13:09  ETA 0:10:20
2026-10-05 16:56:04   56.05%  11,210,000 / 20,000,000 packets  elapsed 0:13:10  ETA 0:10:19
2026-10-05 16:56:05   56.10%  11,220,000 / 20,000,000 packets  elapsed 0:13:10  ETA 0:10:18
2026-10-05 16:56:06   56.15%  11,230,000 / 20,000,000 packets  elapsed 0:13:11  ETA 0:10:18
2026-10-05 16:56:07   56.20%  11,240,000 / 20,000,000 packets  elapsed 0:13:12  ETA 0:10:17
2026-10-05 16:56:07   56.25%  11,250,000 / 20,000,000 packets  elapsed 0:13:12  ETA 0:10:16
2026-10-05 16:56:08   56.30%  11,260,000 / 20,000,000 packets  elapsed 0:13:13  ETA 0:10:16
2026-10-05 16:56:09   56.35%  11,270,000 / 20,000,000 packets  elapsed 0:13:14  ETA 0:10:15
2026-10-05 16:56:09   56.40%  11,280,000 / 20,000,000 packets  elapsed 0:13:14  ETA 0:10:14
2026-10-05 16:56:10   56.45%  11,290,000 / 20,000,000 packets  elapsed 0:13:15  ETA 0:10:13
2026-10-05 16:56:11   56.50%  11,300,000 / 20,000,000 packets  elapsed 0:13:16  ETA 0:10:13
2026-10-05 16:56:11   56.55%  11,310,000 / 20,000,000 packets  elapsed 0:13:17  ETA 0:10:12
2026-10-05 16:56:12   56.60%  11,320,000 / 20,000,000 packets  elapsed 0:13:17  ETA 0:10:11
2026-10-05 16:56:13   56.65%  11,330,000 / 20,000,000 packets  elapsed 0:13:18  ETA 0:10:11
2026-10-05 16:56:13   56.70%  11,340,000 / 20,000,000 packets  elapsed 0:13:19  ETA 0:10:10
2026-10-05 16:56:14   56.75%  11,350,000 / 20,000,000 packets  elapsed 0:13:19  ETA 0:10:09
2026-10-05 16:56:15   56.80%  11,360,000 / 20,000,000 packets  elapsed 0:13:20  ETA 0:10:08
2026-10-05 16:56:16   56.85%  11,370,000 / 20,000,000 packets  elapsed 0:13:21  ETA 0:10:08
2026-10-05 16:56:16   56.90%  11,380,000 / 20,000,000 packets  elapsed 0:13:21  ETA 0:10:07
2026-10-05 16:56:17   56.95%  11,390,000 / 20,000,000 packets  elapsed 0:13:22  ETA 0:10:06
2026-10-05 16:56:18   57.00%  11,400,000 / 20,000,000 packets  elapsed 0:13:23  ETA 0:10:06
2026-10-05 16:56:18   57.05%  11,410,000 / 20,000,000 packets  elapsed 0:13:24  ETA 0:10:05
2026-10-05 16:56:19   57.10%  11,420,000 / 20,000,000 packets  elapsed 0:13:24  ETA 0:10:04
2026-10-05 16:56:20   57.15%  11,430,000 / 20,000,000 packets  elapsed 0:13:25  ETA 0:10:04
2026-10-05 16:56:20   57.20%  11,440,000 / 20,000,000 packets  elapsed 0:13:26  ETA 0:10:03
2026-10-05 16:56:21   57.25%  11,450,000 / 20,000,000 packets  elapsed 0:13:26  ETA 0:10:02
2026-10-05 16:56:22   57.30%  11,460,000 / 20,000,000 packets  elapsed 0:13:27  ETA 0:10:01
2026-10-05 16:56:23   57.35%  11,470,000 / 20,000,000 packets  elapsed 0:13:28  ETA 0:10:01
2026-10-05 16:56:23   57.40%  11,480,000 / 20,000,000 packets  elapsed 0:13:28  ETA 0:10:00
2026-10-05 16:56:24   57.45%  11,490,000 / 20,000,000 packets  elapsed 0:13:29  ETA 0:09:59
2026-10-05 16:56:25   57.50%  11,500,000 / 20,000,000 packets  elapsed 0:13:30  ETA 0:09:59
2026-10-05 16:56:25   57.55%  11,510,000 / 20,000,000 packets  elapsed 0:13:31  ETA 0:09:58
2026-10-05 16:56:26   57.60%  11,520,000 / 20,000,000 packets  elapsed 0:13:31  ETA 0:09:57
2026-10-05 16:56:27   57.65%  11,530,000 / 20,000,000 packets  elapsed 0:13:32  ETA 0:09:56
2026-10-05 16:56:27   57.70%  11,540,000 / 20,000,000 packets  elapsed 0:13:33  ETA 0:09:56
2026-10-05 16:56:28   57.75%  11,550,000 / 20,000,000 packets  elapsed 0:13:33  ETA 0:09:55
2026-10-05 16:56:29   57.80%  11,560,000 / 20,000,000 packets  elapsed 0:13:34  ETA 0:09:54
2026-10-05 16:56:29   57.85%  11,570,000 / 20,000,000 packets  elapsed 0:13:35  ETA 0:09:54
2026-10-05 16:56:30   57.90%  11,580,000 / 20,000,000 packets  elapsed 0:13:35  ETA 0:09:53
2026-10-05 16:56:31   57.95%  11,590,000 / 20,000,000 packets  elapsed 0:13:36  ETA 0:09:52
2026-10-05 16:56:32   58.00%  11,600,000 / 20,000,000 packets  elapsed 0:13:37  ETA 0:09:51
2026-10-05 16:56:32   58.05%  11,610,000 / 20,000,000 packets  elapsed 0:13:37  ETA 0:09:51
2026-10-05 16:56:33   58.10%  11,620,000 / 20,000,000 packets  elapsed 0:13:38  ETA 0:09:50
2026-10-05 16:56:34   58.15%  11,630,000 / 20,000,000 packets  elapsed 0:13:39  ETA 0:09:49
2026-10-05 16:56:34   58.20%  11,640,000 / 20,000,000 packets  elapsed 0:13:40  ETA 0:09:49
2026-10-05 16:56:35   58.25%  11,650,000 / 20,000,000 packets  elapsed 0:13:40  ETA 0:09:48
2026-10-05 16:56:36   58.30%  11,660,000 / 20,000,000 packets  elapsed 0:13:41  ETA 0:09:47
2026-10-05 16:56:36   58.35%  11,670,000 / 20,000,000 packets  elapsed 0:13:42  ETA 0:09:46
2026-10-05 16:56:37   58.40%  11,680,000 / 20,000,000 packets  elapsed 0:13:42  ETA 0:09:46
2026-10-05 16:56:38   58.45%  11,690,000 / 20,000,000 packets  elapsed 0:13:43  ETA 0:09:45
2026-10-05 16:56:39   58.50%  11,700,000 / 20,000,000 packets  elapsed 0:13:44  ETA 0:09:44
2026-10-05 16:56:39   58.55%  11,710,000 / 20,000,000 packets  elapsed 0:13:44  ETA 0:09:44
2026-10-05 16:56:40   58.60%  11,720,000 / 20,000,000 packets  elapsed 0:13:45  ETA 0:09:43
2026-10-05 16:56:41   58.65%  11,730,000 / 20,000,000 packets  elapsed 0:13:46  ETA 0:09:42
2026-10-05 16:56:41   58.70%  11,740,000 / 20,000,000 packets  elapsed 0:13:46  ETA 0:09:42
2026-10-05 16:56:42   58.75%  11,750,000 / 20,000,000 packets  elapsed 0:13:47  ETA 0:09:41
2026-10-05 16:56:43   58.80%  11,760,000 / 20,000,000 packets  elapsed 0:13:48  ETA 0:09:40
2026-10-05 16:56:43   58.85%  11,770,000 / 20,000,000 packets  elapsed 0:13:49  ETA 0:09:39
2026-10-05 16:56:44   58.90%  11,780,000 / 20,000,000 packets  elapsed 0:13:49  ETA 0:09:39
2026-10-05 16:56:45   58.95%  11,790,000 / 20,000,000 packets  elapsed 0:13:50  ETA 0:09:38
2026-10-05 16:56:45   59.00%  11,800,000 / 20,000,000 packets  elapsed 0:13:51  ETA 0:09:37
2026-10-05 16:56:46   59.05%  11,810,000 / 20,000,000 packets  elapsed 0:13:51  ETA 0:09:37
2026-10-05 16:56:47   59.10%  11,820,000 / 20,000,000 packets  elapsed 0:13:52  ETA 0:09:36
2026-10-05 16:56:48   59.15%  11,830,000 / 20,000,000 packets  elapsed 0:13:53  ETA 0:09:35
2026-10-05 16:56:48   59.20%  11,840,000 / 20,000,000 packets  elapsed 0:13:53  ETA 0:09:34
2026-10-05 16:56:49   59.25%  11,850,000 / 20,000,000 packets  elapsed 0:13:54  ETA 0:09:34
2026-10-05 16:56:50   59.30%  11,860,000 / 20,000,000 packets  elapsed 0:13:55  ETA 0:09:33
2026-10-05 16:56:50   59.35%  11,870,000 / 20,000,000 packets  elapsed 0:13:56  ETA 0:09:32
2026-10-05 16:56:51   59.40%  11,880,000 / 20,000,000 packets  elapsed 0:13:56  ETA 0:09:32
2026-10-05 16:56:52   59.45%  11,890,000 / 20,000,000 packets  elapsed 0:13:57  ETA 0:09:31
2026-10-05 16:56:52   59.50%  11,900,000 / 20,000,000 packets  elapsed 0:13:58  ETA 0:09:30
2026-10-05 16:56:53   59.55%  11,910,000 / 20,000,000 packets  elapsed 0:13:58  ETA 0:09:29
2026-10-05 16:56:54   59.60%  11,920,000 / 20,000,000 packets  elapsed 0:13:59  ETA 0:09:29
2026-10-05 16:56:55   59.65%  11,930,000 / 20,000,000 packets  elapsed 0:14:00  ETA 0:09:28
2026-10-05 16:56:55   59.70%  11,940,000 / 20,000,000 packets  elapsed 0:14:00  ETA 0:09:27
2026-10-05 16:56:56   59.75%  11,950,000 / 20,000,000 packets  elapsed 0:14:01  ETA 0:09:27
2026-10-05 16:56:57   59.80%  11,960,000 / 20,000,000 packets  elapsed 0:14:02  ETA 0:09:26
2026-10-05 16:56:57   59.85%  11,970,000 / 20,000,000 packets  elapsed 0:14:03  ETA 0:09:25
2026-10-05 16:56:58   59.90%  11,980,000 / 20,000,000 packets  elapsed 0:14:03  ETA 0:09:24
2026-10-05 16:56:59   59.95%  11,990,000 / 20,000,000 packets  elapsed 0:14:04  ETA 0:09:24
2026-10-05 16:56:59   60.00%  12,000,000 / 20,000,000 packets  elapsed 0:14:05  ETA 0:09:23
2026-10-05 16:57:00   60.05%  12,010,000 / 20,000,000 packets  elapsed 0:14:05  ETA 0:09:22
2026-10-05 16:57:01   60.10%  12,020,000 / 20,000,000 packets  elapsed 0:14:06  ETA 0:09:22
2026-10-05 16:57:02   60.15%  12,030,000 / 20,000,000 packets  elapsed 0:14:07  ETA 0:09:21
2026-10-05 16:57:02   60.20%  12,040,000 / 20,000,000 packets  elapsed 0:14:07  ETA 0:09:20
2026-10-05 16:57:03   60.25%  12,050,000 / 20,000,000 packets  elapsed 0:14:08  ETA 0:09:20
2026-10-05 16:57:04   60.30%  12,060,000 / 20,000,000 packets  elapsed 0:14:09  ETA 0:09:19
2026-10-05 16:57:04   60.35%  12,070,000 / 20,000,000 packets  elapsed 0:14:09  ETA 0:09:18
2026-10-05 16:57:05   60.40%  12,080,000 / 20,000,000 packets  elapsed 0:14:10  ETA 0:09:17
2026-10-05 16:57:06   60.45%  12,090,000 / 20,000,000 packets  elapsed 0:14:11  ETA 0:09:17
2026-10-05 16:57:06   60.50%  12,100,000 / 20,000,000 packets  elapsed 0:14:12  ETA 0:09:16
2026-10-05 16:57:07   60.55%  12,110,000 / 20,000,000 packets  elapsed 0:14:12  ETA 0:09:15
2026-10-05 16:57:08   60.60%  12,120,000 / 20,000,000 packets  elapsed 0:14:13  ETA 0:09:15
2026-10-05 16:57:08   60.65%  12,130,000 / 20,000,000 packets  elapsed 0:14:14  ETA 0:09:14
2026-10-05 16:57:09   60.70%  12,140,000 / 20,000,000 packets  elapsed 0:14:14  ETA 0:09:13
2026-10-05 16:57:10   60.75%  12,150,000 / 20,000,000 packets  elapsed 0:14:15  ETA 0:09:12
2026-10-05 16:57:11   60.80%  12,160,000 / 20,000,000 packets  elapsed 0:14:16  ETA 0:09:12
2026-10-05 16:57:11   60.85%  12,170,000 / 20,000,000 packets  elapsed 0:14:16  ETA 0:09:11
2026-10-05 16:57:12   60.90%  12,180,000 / 20,000,000 packets  elapsed 0:14:17  ETA 0:09:10
2026-10-05 16:57:13   60.95%  12,190,000 / 20,000,000 packets  elapsed 0:14:18  ETA 0:09:10
2026-10-05 16:57:13   61.00%  12,200,000 / 20,000,000 packets  elapsed 0:14:19  ETA 0:09:09
2026-10-05 16:57:14   61.05%  12,210,000 / 20,000,000 packets  elapsed 0:14:19  ETA 0:09:08
2026-10-05 16:57:15   61.10%  12,220,000 / 20,000,000 packets  elapsed 0:14:20  ETA 0:09:07
2026-10-05 16:57:15   61.15%  12,230,000 / 20,000,000 packets  elapsed 0:14:21  ETA 0:09:07
2026-10-05 16:57:16   61.20%  12,240,000 / 20,000,000 packets  elapsed 0:14:21  ETA 0:09:06
2026-10-05 16:57:17   61.25%  12,250,000 / 20,000,000 packets  elapsed 0:14:22  ETA 0:09:05
2026-10-05 16:57:18   61.30%  12,260,000 / 20,000,000 packets  elapsed 0:14:23  ETA 0:09:05
2026-10-05 16:57:18   61.35%  12,270,000 / 20,000,000 packets  elapsed 0:14:23  ETA 0:09:04
2026-10-05 16:57:19   61.40%  12,280,000 / 20,000,000 packets  elapsed 0:14:24  ETA 0:09:03
2026-10-05 16:57:20   61.45%  12,290,000 / 20,000,000 packets  elapsed 0:14:25  ETA 0:09:03
2026-10-05 16:57:20   61.50%  12,300,000 / 20,000,000 packets  elapsed 0:14:25  ETA 0:09:02
2026-10-05 16:57:21   61.55%  12,310,000 / 20,000,000 packets  elapsed 0:14:26  ETA 0:09:01
2026-10-05 16:57:22   61.60%  12,320,000 / 20,000,000 packets  elapsed 0:14:27  ETA 0:09:00
2026-10-05 16:57:22   61.65%  12,330,000 / 20,000,000 packets  elapsed 0:14:28  ETA 0:09:00
2026-10-05 16:57:23   61.70%  12,340,000 / 20,000,000 packets  elapsed 0:14:28  ETA 0:08:59
2026-10-05 16:57:24   61.75%  12,350,000 / 20,000,000 packets  elapsed 0:14:29  ETA 0:08:58
2026-10-05 16:57:24   61.80%  12,360,000 / 20,000,000 packets  elapsed 0:14:30  ETA 0:08:58
2026-10-05 16:57:25   61.85%  12,370,000 / 20,000,000 packets  elapsed 0:14:30  ETA 0:08:57
2026-10-05 16:57:26   61.90%  12,380,000 / 20,000,000 packets  elapsed 0:14:31  ETA 0:08:56
2026-10-05 16:57:27   61.95%  12,390,000 / 20,000,000 packets  elapsed 0:14:32  ETA 0:08:55
2026-10-05 16:57:27   62.00%  12,400,000 / 20,000,000 packets  elapsed 0:14:32  ETA 0:08:55
2026-10-05 16:57:28   62.05%  12,410,000 / 20,000,000 packets  elapsed 0:14:33  ETA 0:08:54
2026-10-05 16:57:29   62.10%  12,420,000 / 20,000,000 packets  elapsed 0:14:34  ETA 0:08:53
2026-10-05 16:57:29   62.15%  12,430,000 / 20,000,000 packets  elapsed 0:14:35  ETA 0:08:53
2026-10-05 16:57:30   62.20%  12,440,000 / 20,000,000 packets  elapsed 0:14:35  ETA 0:08:52
2026-10-05 16:57:31   62.25%  12,450,000 / 20,000,000 packets  elapsed 0:14:36  ETA 0:08:51
2026-10-05 16:57:31   62.30%  12,460,000 / 20,000,000 packets  elapsed 0:14:37  ETA 0:08:50
2026-10-05 16:57:32   62.35%  12,470,000 / 20,000,000 packets  elapsed 0:14:37  ETA 0:08:50
2026-10-05 16:57:33   62.40%  12,480,000 / 20,000,000 packets  elapsed 0:14:38  ETA 0:08:49
2026-10-05 16:57:34   62.45%  12,490,000 / 20,000,000 packets  elapsed 0:14:39  ETA 0:08:48
2026-10-05 16:57:34   62.50%  12,500,000 / 20,000,000 packets  elapsed 0:14:39  ETA 0:08:48
2026-10-05 16:57:35   62.55%  12,510,000 / 20,000,000 packets  elapsed 0:14:40  ETA 0:08:47
2026-10-05 16:57:36   62.60%  12,520,000 / 20,000,000 packets  elapsed 0:14:41  ETA 0:08:46
2026-10-05 16:57:36   62.65%  12,530,000 / 20,000,000 packets  elapsed 0:14:42  ETA 0:08:46
2026-10-05 16:57:37   62.70%  12,540,000 / 20,000,000 packets  elapsed 0:14:42  ETA 0:08:45
2026-10-05 16:57:38   62.75%  12,550,000 / 20,000,000 packets  elapsed 0:14:43  ETA 0:08:44
2026-10-05 16:57:38   62.80%  12,560,000 / 20,000,000 packets  elapsed 0:14:44  ETA 0:08:43
2026-10-05 16:57:39   62.85%  12,570,000 / 20,000,000 packets  elapsed 0:14:44  ETA 0:08:43
2026-10-05 16:57:40   62.90%  12,580,000 / 20,000,000 packets  elapsed 0:14:45  ETA 0:08:42
2026-10-05 16:57:41   62.95%  12,590,000 / 20,000,000 packets  elapsed 0:14:46  ETA 0:08:41
2026-10-05 16:57:41   63.00%  12,600,000 / 20,000,000 packets  elapsed 0:14:46  ETA 0:08:41
2026-10-05 16:57:42   63.05%  12,610,000 / 20,000,000 packets  elapsed 0:14:47  ETA 0:08:40
2026-10-05 16:57:43   63.10%  12,620,000 / 20,000,000 packets  elapsed 0:14:48  ETA 0:08:39
2026-10-05 16:57:43   63.15%  12,630,000 / 20,000,000 packets  elapsed 0:14:49  ETA 0:08:38
2026-10-05 16:57:44   63.20%  12,640,000 / 20,000,000 packets  elapsed 0:14:49  ETA 0:08:38
2026-10-05 16:57:45   63.25%  12,650,000 / 20,000,000 packets  elapsed 0:14:50  ETA 0:08:37
2026-10-05 16:57:45   63.30%  12,660,000 / 20,000,000 packets  elapsed 0:14:51  ETA 0:08:36
2026-10-05 16:57:46   63.35%  12,670,000 / 20,000,000 packets  elapsed 0:14:51  ETA 0:08:36
2026-10-05 16:57:47   63.40%  12,680,000 / 20,000,000 packets  elapsed 0:14:52  ETA 0:08:35
2026-10-05 16:57:47   63.45%  12,690,000 / 20,000,000 packets  elapsed 0:14:53  ETA 0:08:34
2026-10-05 16:57:48   63.50%  12,700,000 / 20,000,000 packets  elapsed 0:14:53  ETA 0:08:34
2026-10-05 16:57:49   63.55%  12,710,000 / 20,000,000 packets  elapsed 0:14:54  ETA 0:08:33
2026-10-05 16:57:50   63.60%  12,720,000 / 20,000,000 packets  elapsed 0:14:55  ETA 0:08:32
2026-10-05 16:57:50   63.65%  12,730,000 / 20,000,000 packets  elapsed 0:14:55  ETA 0:08:31
2026-10-05 16:57:51   63.70%  12,740,000 / 20,000,000 packets  elapsed 0:14:56  ETA 0:08:31
2026-10-05 16:57:52   63.75%  12,750,000 / 20,000,000 packets  elapsed 0:14:57  ETA 0:08:30
2026-10-05 16:57:52   63.80%  12,760,000 / 20,000,000 packets  elapsed 0:14:58  ETA 0:08:29
2026-10-05 16:57:53   63.85%  12,770,000 / 20,000,000 packets  elapsed 0:14:58  ETA 0:08:29
2026-10-05 16:57:54   63.90%  12,780,000 / 20,000,000 packets  elapsed 0:14:59  ETA 0:08:28
2026-10-05 16:57:54   63.95%  12,790,000 / 20,000,000 packets  elapsed 0:15:00  ETA 0:08:27
2026-10-05 16:57:55   64.00%  12,800,000 / 20,000,000 packets  elapsed 0:15:00  ETA 0:08:26
2026-10-05 16:57:56   64.05%  12,810,000 / 20,000,000 packets  elapsed 0:15:01  ETA 0:08:26
2026-10-05 16:57:57   64.10%  12,820,000 / 20,000,000 packets  elapsed 0:15:02  ETA 0:08:25
2026-10-05 16:57:57   64.15%  12,830,000 / 20,000,000 packets  elapsed 0:15:02  ETA 0:08:24
2026-10-05 16:57:58   64.20%  12,840,000 / 20,000,000 packets  elapsed 0:15:03  ETA 0:08:24
2026-10-05 16:57:59   64.25%  12,850,000 / 20,000,000 packets  elapsed 0:15:04  ETA 0:08:23
2026-10-05 16:57:59   64.30%  12,860,000 / 20,000,000 packets  elapsed 0:15:05  ETA 0:08:22
2026-10-05 16:58:00   64.35%  12,870,000 / 20,000,000 packets  elapsed 0:15:05  ETA 0:08:21
2026-10-05 16:58:01   64.40%  12,880,000 / 20,000,000 packets  elapsed 0:15:06  ETA 0:08:21
2026-10-05 16:58:01   64.45%  12,890,000 / 20,000,000 packets  elapsed 0:15:07  ETA 0:08:20
2026-10-05 16:58:02   64.50%  12,900,000 / 20,000,000 packets  elapsed 0:15:07  ETA 0:08:19
2026-10-05 16:58:03   64.55%  12,910,000 / 20,000,000 packets  elapsed 0:15:08  ETA 0:08:19
2026-10-05 16:58:03   64.60%  12,920,000 / 20,000,000 packets  elapsed 0:15:09  ETA 0:08:18
2026-10-05 16:58:04   64.65%  12,930,000 / 20,000,000 packets  elapsed 0:15:09  ETA 0:08:17
2026-10-05 16:58:05   64.70%  12,940,000 / 20,000,000 packets  elapsed 0:15:10  ETA 0:08:17
2026-10-05 16:58:06   64.75%  12,950,000 / 20,000,000 packets  elapsed 0:15:11  ETA 0:08:16
2026-10-05 16:58:06   64.80%  12,960,000 / 20,000,000 packets  elapsed 0:15:11  ETA 0:08:15
2026-10-05 16:58:07   64.85%  12,970,000 / 20,000,000 packets  elapsed 0:15:12  ETA 0:08:14
2026-10-05 16:58:08   64.90%  12,980,000 / 20,000,000 packets  elapsed 0:15:13  ETA 0:08:14
2026-10-05 16:58:08   64.95%  12,990,000 / 20,000,000 packets  elapsed 0:15:14  ETA 0:08:13
2026-10-05 16:58:09   65.00%  13,000,000 / 20,000,000 packets  elapsed 0:15:14  ETA 0:08:12
2026-10-05 16:58:10   65.05%  13,010,000 / 20,000,000 packets  elapsed 0:15:15  ETA 0:08:12
2026-10-05 16:58:10   65.10%  13,020,000 / 20,000,000 packets  elapsed 0:15:16  ETA 0:08:11
2026-10-05 16:58:11   65.15%  13,030,000 / 20,000,000 packets  elapsed 0:15:16  ETA 0:08:10
2026-10-05 16:58:12   65.20%  13,040,000 / 20,000,000 packets  elapsed 0:15:17  ETA 0:08:09
2026-10-05 16:58:13   65.25%  13,050,000 / 20,000,000 packets  elapsed 0:15:18  ETA 0:08:09
2026-10-05 16:58:13   65.30%  13,060,000 / 20,000,000 packets  elapsed 0:15:18  ETA 0:08:08
2026-10-05 16:58:14   65.35%  13,070,000 / 20,000,000 packets  elapsed 0:15:19  ETA 0:08:07
2026-10-05 16:58:15   65.40%  13,080,000 / 20,000,000 packets  elapsed 0:15:20  ETA 0:08:07
2026-10-05 16:58:15   65.45%  13,090,000 / 20,000,000 packets  elapsed 0:15:21  ETA 0:08:06
2026-10-05 16:58:16   65.50%  13,100,000 / 20,000,000 packets  elapsed 0:15:21  ETA 0:08:05
2026-10-05 16:58:17   65.55%  13,110,000 / 20,000,000 packets  elapsed 0:15:22  ETA 0:08:05
2026-10-05 16:58:17   65.60%  13,120,000 / 20,000,000 packets  elapsed 0:15:23  ETA 0:08:04
2026-10-05 16:58:18   65.65%  13,130,000 / 20,000,000 packets  elapsed 0:15:23  ETA 0:08:03
2026-10-05 16:58:19   65.70%  13,140,000 / 20,000,000 packets  elapsed 0:15:24  ETA 0:08:02
2026-10-05 16:58:19   65.75%  13,150,000 / 20,000,000 packets  elapsed 0:15:25  ETA 0:08:02
2026-10-05 16:58:20   65.80%  13,160,000 / 20,000,000 packets  elapsed 0:15:25  ETA 0:08:01
2026-10-05 16:58:21   65.85%  13,170,000 / 20,000,000 packets  elapsed 0:15:26  ETA 0:08:00
2026-10-05 16:58:22   65.90%  13,180,000 / 20,000,000 packets  elapsed 0:15:27  ETA 0:08:00
2026-10-05 16:58:22   65.95%  13,190,000 / 20,000,000 packets  elapsed 0:15:27  ETA 0:07:59
2026-10-05 16:58:23   66.00%  13,200,000 / 20,000,000 packets  elapsed 0:15:28  ETA 0:07:58
2026-10-05 16:58:24   66.05%  13,210,000 / 20,000,000 packets  elapsed 0:15:29  ETA 0:07:57
2026-10-05 16:58:24   66.10%  13,220,000 / 20,000,000 packets  elapsed 0:15:30  ETA 0:07:57
2026-10-05 16:58:25   66.15%  13,230,000 / 20,000,000 packets  elapsed 0:15:30  ETA 0:07:56
2026-10-05 16:58:26   66.20%  13,240,000 / 20,000,000 packets  elapsed 0:15:31  ETA 0:07:55
2026-10-05 16:58:26   66.25%  13,250,000 / 20,000,000 packets  elapsed 0:15:32  ETA 0:07:55
2026-10-05 16:58:27   66.30%  13,260,000 / 20,000,000 packets  elapsed 0:15:32  ETA 0:07:54
2026-10-05 16:58:28   66.35%  13,270,000 / 20,000,000 packets  elapsed 0:15:33  ETA 0:07:53
2026-10-05 16:58:29   66.40%  13,280,000 / 20,000,000 packets  elapsed 0:15:34  ETA 0:07:52
2026-10-05 16:58:29   66.45%  13,290,000 / 20,000,000 packets  elapsed 0:15:34  ETA 0:07:52
2026-10-05 16:58:30   66.50%  13,300,000 / 20,000,000 packets  elapsed 0:15:35  ETA 0:07:51
2026-10-05 16:58:31   66.55%  13,310,000 / 20,000,000 packets  elapsed 0:15:36  ETA 0:07:50
2026-10-05 16:58:31   66.60%  13,320,000 / 20,000,000 packets  elapsed 0:15:37  ETA 0:07:50
2026-10-05 16:58:32   66.65%  13,330,000 / 20,000,000 packets  elapsed 0:15:37  ETA 0:07:49
2026-10-05 16:58:33   66.70%  13,340,000 / 20,000,000 packets  elapsed 0:15:38  ETA 0:07:48
2026-10-05 16:58:33   66.75%  13,350,000 / 20,000,000 packets  elapsed 0:15:39  ETA 0:07:48
2026-10-05 16:58:34   66.80%  13,360,000 / 20,000,000 packets  elapsed 0:15:39  ETA 0:07:47
2026-10-05 16:58:35   66.85%  13,370,000 / 20,000,000 packets  elapsed 0:15:40  ETA 0:07:46
2026-10-05 16:58:35   66.90%  13,380,000 / 20,000,000 packets  elapsed 0:15:41  ETA 0:07:45
2026-10-05 16:58:36   66.95%  13,390,000 / 20,000,000 packets  elapsed 0:15:41  ETA 0:07:45
2026-10-05 16:58:37   67.00%  13,400,000 / 20,000,000 packets  elapsed 0:15:42  ETA 0:07:44
2026-10-05 16:58:38   67.05%  13,410,000 / 20,000,000 packets  elapsed 0:15:43  ETA 0:07:43
2026-10-05 16:58:38   67.10%  13,420,000 / 20,000,000 packets  elapsed 0:15:43  ETA 0:07:43
2026-10-05 16:58:39   67.15%  13,430,000 / 20,000,000 packets  elapsed 0:15:44  ETA 0:07:42
2026-10-05 16:58:40   67.20%  13,440,000 / 20,000,000 packets  elapsed 0:15:45  ETA 0:07:41
2026-10-05 16:58:40   67.25%  13,450,000 / 20,000,000 packets  elapsed 0:15:46  ETA 0:07:40
2026-10-05 16:58:41   67.30%  13,460,000 / 20,000,000 packets  elapsed 0:15:46  ETA 0:07:40
2026-10-05 16:58:42   67.35%  13,470,000 / 20,000,000 packets  elapsed 0:15:47  ETA 0:07:39
2026-10-05 16:58:42   67.40%  13,480,000 / 20,000,000 packets  elapsed 0:15:48  ETA 0:07:38
2026-10-05 16:58:43   67.45%  13,490,000 / 20,000,000 packets  elapsed 0:15:48  ETA 0:07:38
2026-10-05 16:58:44   67.50%  13,500,000 / 20,000,000 packets  elapsed 0:15:49  ETA 0:07:37
2026-10-05 16:58:45   67.55%  13,510,000 / 20,000,000 packets  elapsed 0:15:50  ETA 0:07:36
2026-10-05 16:58:45   67.60%  13,520,000 / 20,000,000 packets  elapsed 0:15:50  ETA 0:07:36
2026-10-05 16:58:46   67.65%  13,530,000 / 20,000,000 packets  elapsed 0:15:51  ETA 0:07:35
2026-10-05 16:58:47   67.70%  13,540,000 / 20,000,000 packets  elapsed 0:15:52  ETA 0:07:34
2026-10-05 16:58:47   67.75%  13,550,000 / 20,000,000 packets  elapsed 0:15:52  ETA 0:07:33
2026-10-05 16:58:48   67.80%  13,560,000 / 20,000,000 packets  elapsed 0:15:53  ETA 0:07:33
2026-10-05 16:58:49   67.85%  13,570,000 / 20,000,000 packets  elapsed 0:15:54  ETA 0:07:32
2026-10-05 16:58:49   67.90%  13,580,000 / 20,000,000 packets  elapsed 0:15:55  ETA 0:07:31
2026-10-05 16:58:50   67.95%  13,590,000 / 20,000,000 packets  elapsed 0:15:55  ETA 0:07:31
2026-10-05 16:58:51   68.00%  13,600,000 / 20,000,000 packets  elapsed 0:15:56  ETA 0:07:30
2026-10-05 16:58:51   68.05%  13,610,000 / 20,000,000 packets  elapsed 0:15:57  ETA 0:07:29
2026-10-05 16:58:52   68.10%  13,620,000 / 20,000,000 packets  elapsed 0:15:57  ETA 0:07:28
2026-10-05 16:58:53   68.15%  13,630,000 / 20,000,000 packets  elapsed 0:15:58  ETA 0:07:28
2026-10-05 16:58:54   68.20%  13,640,000 / 20,000,000 packets  elapsed 0:15:59  ETA 0:07:27
2026-10-05 16:58:54   68.25%  13,650,000 / 20,000,000 packets  elapsed 0:15:59  ETA 0:07:26
2026-10-05 16:58:55   68.30%  13,660,000 / 20,000,000 packets  elapsed 0:16:00  ETA 0:07:26
2026-10-05 16:58:56   68.35%  13,670,000 / 20,000,000 packets  elapsed 0:16:01  ETA 0:07:25
2026-10-05 16:58:56   68.40%  13,680,000 / 20,000,000 packets  elapsed 0:16:02  ETA 0:07:24
2026-10-05 16:58:57   68.45%  13,690,000 / 20,000,000 packets  elapsed 0:16:02  ETA 0:07:24
2026-10-05 16:58:58   68.50%  13,700,000 / 20,000,000 packets  elapsed 0:16:03  ETA 0:07:23
2026-10-05 16:58:58   68.55%  13,710,000 / 20,000,000 packets  elapsed 0:16:04  ETA 0:07:22
2026-10-05 16:58:59   68.60%  13,720,000 / 20,000,000 packets  elapsed 0:16:04  ETA 0:07:21
2026-10-05 16:59:00   68.65%  13,730,000 / 20,000,000 packets  elapsed 0:16:05  ETA 0:07:21
2026-10-05 16:59:01   68.70%  13,740,000 / 20,000,000 packets  elapsed 0:16:06  ETA 0:07:20
2026-10-05 16:59:01   68.75%  13,750,000 / 20,000,000 packets  elapsed 0:16:06  ETA 0:07:19
2026-10-05 16:59:02   68.80%  13,760,000 / 20,000,000 packets  elapsed 0:16:07  ETA 0:07:19
2026-10-05 16:59:03   68.85%  13,770,000 / 20,000,000 packets  elapsed 0:16:08  ETA 0:07:18
2026-10-05 16:59:03   68.90%  13,780,000 / 20,000,000 packets  elapsed 0:16:08  ETA 0:07:17
2026-10-05 16:59:04   68.95%  13,790,000 / 20,000,000 packets  elapsed 0:16:09  ETA 0:07:16
2026-10-05 16:59:05   69.00%  13,800,000 / 20,000,000 packets  elapsed 0:16:10  ETA 0:07:16
2026-10-05 16:59:05   69.05%  13,810,000 / 20,000,000 packets  elapsed 0:16:11  ETA 0:07:15
2026-10-05 16:59:06   69.10%  13,820,000 / 20,000,000 packets  elapsed 0:16:11  ETA 0:07:14
2026-10-05 16:59:07   69.15%  13,830,000 / 20,000,000 packets  elapsed 0:16:12  ETA 0:07:14
2026-10-05 16:59:07   69.20%  13,840,000 / 20,000,000 packets  elapsed 0:16:13  ETA 0:07:13
2026-10-05 16:59:08   69.25%  13,850,000 / 20,000,000 packets  elapsed 0:16:13  ETA 0:07:12
2026-10-05 16:59:09   69.30%  13,860,000 / 20,000,000 packets  elapsed 0:16:14  ETA 0:07:12
2026-10-05 16:59:10   69.35%  13,870,000 / 20,000,000 packets  elapsed 0:16:15  ETA 0:07:11
2026-10-05 16:59:10   69.40%  13,880,000 / 20,000,000 packets  elapsed 0:16:15  ETA 0:07:10
2026-10-05 16:59:11   69.45%  13,890,000 / 20,000,000 packets  elapsed 0:16:16  ETA 0:07:09
2026-10-05 16:59:12   69.50%  13,900,000 / 20,000,000 packets  elapsed 0:16:17  ETA 0:07:09
2026-10-05 16:59:12   69.55%  13,910,000 / 20,000,000 packets  elapsed 0:16:18  ETA 0:07:08
2026-10-05 16:59:13   69.60%  13,920,000 / 20,000,000 packets  elapsed 0:16:18  ETA 0:07:07
2026-10-05 16:59:14   69.65%  13,930,000 / 20,000,000 packets  elapsed 0:16:19  ETA 0:07:07
2026-10-05 16:59:14   69.70%  13,940,000 / 20,000,000 packets  elapsed 0:16:20  ETA 0:07:06
2026-10-05 16:59:15   69.75%  13,950,000 / 20,000,000 packets  elapsed 0:16:20  ETA 0:07:05
2026-10-05 16:59:16   69.80%  13,960,000 / 20,000,000 packets  elapsed 0:16:21  ETA 0:07:04
2026-10-05 16:59:17   69.85%  13,970,000 / 20,000,000 packets  elapsed 0:16:22  ETA 0:07:04
2026-10-05 16:59:17   69.90%  13,980,000 / 20,000,000 packets  elapsed 0:16:22  ETA 0:07:03
2026-10-05 16:59:18   69.95%  13,990,000 / 20,000,000 packets  elapsed 0:16:23  ETA 0:07:02
2026-10-05 16:59:19   70.00%  14,000,000 / 20,000,000 packets  elapsed 0:16:24  ETA 0:07:02
2026-10-05 16:59:19   70.05%  14,010,000 / 20,000,000 packets  elapsed 0:16:24  ETA 0:07:01
2026-10-05 16:59:20   70.10%  14,020,000 / 20,000,000 packets  elapsed 0:16:25  ETA 0:07:00
2026-10-05 16:59:21   70.15%  14,030,000 / 20,000,000 packets  elapsed 0:16:26  ETA 0:07:00
2026-10-05 16:59:21   70.20%  14,040,000 / 20,000,000 packets  elapsed 0:16:27  ETA 0:06:59
2026-10-05 16:59:22   70.25%  14,050,000 / 20,000,000 packets  elapsed 0:16:27  ETA 0:06:58
2026-10-05 16:59:23   70.30%  14,060,000 / 20,000,000 packets  elapsed 0:16:28  ETA 0:06:57
2026-10-05 16:59:23   70.35%  14,070,000 / 20,000,000 packets  elapsed 0:16:29  ETA 0:06:57
2026-10-05 16:59:24   70.40%  14,080,000 / 20,000,000 packets  elapsed 0:16:29  ETA 0:06:56
2026-10-05 16:59:25   70.45%  14,090,000 / 20,000,000 packets  elapsed 0:16:30  ETA 0:06:55
2026-10-05 16:59:26   70.50%  14,100,000 / 20,000,000 packets  elapsed 0:16:31  ETA 0:06:55
2026-10-05 16:59:26   70.55%  14,110,000 / 20,000,000 packets  elapsed 0:16:31  ETA 0:06:54
2026-10-05 16:59:27   70.60%  14,120,000 / 20,000,000 packets  elapsed 0:16:32  ETA 0:06:53
2026-10-05 16:59:28   70.65%  14,130,000 / 20,000,000 packets  elapsed 0:16:33  ETA 0:06:52
2026-10-05 16:59:28   70.70%  14,140,000 / 20,000,000 packets  elapsed 0:16:34  ETA 0:06:52
2026-10-05 16:59:29   70.75%  14,150,000 / 20,000,000 packets  elapsed 0:16:34  ETA 0:06:51
2026-10-05 16:59:30   70.80%  14,160,000 / 20,000,000 packets  elapsed 0:16:35  ETA 0:06:50
2026-10-05 16:59:30   70.85%  14,170,000 / 20,000,000 packets  elapsed 0:16:36  ETA 0:06:50
2026-10-05 16:59:31   70.90%  14,180,000 / 20,000,000 packets  elapsed 0:16:36  ETA 0:06:49
2026-10-05 16:59:32   70.95%  14,190,000 / 20,000,000 packets  elapsed 0:16:37  ETA 0:06:48
2026-10-05 16:59:33   71.00%  14,200,000 / 20,000,000 packets  elapsed 0:16:38  ETA 0:06:48
2026-10-05 16:59:33   71.05%  14,210,000 / 20,000,000 packets  elapsed 0:16:38  ETA 0:06:47
2026-10-05 16:59:34   71.10%  14,220,000 / 20,000,000 packets  elapsed 0:16:39  ETA 0:06:46
2026-10-05 16:59:35   71.15%  14,230,000 / 20,000,000 packets  elapsed 0:16:40  ETA 0:06:45
2026-10-05 16:59:35   71.20%  14,240,000 / 20,000,000 packets  elapsed 0:16:40  ETA 0:06:45
2026-10-05 16:59:36   71.25%  14,250,000 / 20,000,000 packets  elapsed 0:16:41  ETA 0:06:44
2026-10-05 16:59:37   71.30%  14,260,000 / 20,000,000 packets  elapsed 0:16:42  ETA 0:06:43
2026-10-05 16:59:37   71.35%  14,270,000 / 20,000,000 packets  elapsed 0:16:43  ETA 0:06:43
2026-10-05 16:59:38   71.40%  14,280,000 / 20,000,000 packets  elapsed 0:16:43  ETA 0:06:42
2026-10-05 16:59:39   71.45%  14,290,000 / 20,000,000 packets  elapsed 0:16:44  ETA 0:06:41
2026-10-05 16:59:39   71.50%  14,300,000 / 20,000,000 packets  elapsed 0:16:45  ETA 0:06:40
2026-10-05 16:59:40   71.55%  14,310,000 / 20,000,000 packets  elapsed 0:16:45  ETA 0:06:40
2026-10-05 16:59:41   71.60%  14,320,000 / 20,000,000 packets  elapsed 0:16:46  ETA 0:06:39
2026-10-05 16:59:42   71.65%  14,330,000 / 20,000,000 packets  elapsed 0:16:47  ETA 0:06:38
2026-10-05 16:59:42   71.70%  14,340,000 / 20,000,000 packets  elapsed 0:16:47  ETA 0:06:38
2026-10-05 16:59:43   71.75%  14,350,000 / 20,000,000 packets  elapsed 0:16:48  ETA 0:06:37
2026-10-05 16:59:44   71.80%  14,360,000 / 20,000,000 packets  elapsed 0:16:49  ETA 0:06:36
2026-10-05 16:59:44   71.85%  14,370,000 / 20,000,000 packets  elapsed 0:16:50  ETA 0:06:36
2026-10-05 16:59:45   71.90%  14,380,000 / 20,000,000 packets  elapsed 0:16:50  ETA 0:06:35
2026-10-05 16:59:46   71.95%  14,390,000 / 20,000,000 packets  elapsed 0:16:51  ETA 0:06:34
2026-10-05 16:59:46   72.00%  14,400,000 / 20,000,000 packets  elapsed 0:16:52  ETA 0:06:33
2026-10-05 16:59:47   72.05%  14,410,000 / 20,000,000 packets  elapsed 0:16:52  ETA 0:06:33
2026-10-05 16:59:48   72.10%  14,420,000 / 20,000,000 packets  elapsed 0:16:53  ETA 0:06:32
2026-10-05 16:59:48   72.15%  14,430,000 / 20,000,000 packets  elapsed 0:16:54  ETA 0:06:31
2026-10-05 16:59:49   72.20%  14,440,000 / 20,000,000 packets  elapsed 0:16:54  ETA 0:06:31
2026-10-05 16:59:50   72.25%  14,450,000 / 20,000,000 packets  elapsed 0:16:55  ETA 0:06:30
2026-10-05 16:59:51   72.30%  14,460,000 / 20,000,000 packets  elapsed 0:16:56  ETA 0:06:29
2026-10-05 16:59:51   72.35%  14,470,000 / 20,000,000 packets  elapsed 0:16:56  ETA 0:06:28
2026-10-05 16:59:52   72.40%  14,480,000 / 20,000,000 packets  elapsed 0:16:57  ETA 0:06:28
2026-10-05 16:59:53   72.45%  14,490,000 / 20,000,000 packets  elapsed 0:16:58  ETA 0:06:27
2026-10-05 16:59:53   72.50%  14,500,000 / 20,000,000 packets  elapsed 0:16:59  ETA 0:06:26
2026-10-05 16:59:54   72.55%  14,510,000 / 20,000,000 packets  elapsed 0:16:59  ETA 0:06:26
2026-10-05 16:59:55   72.60%  14,520,000 / 20,000,000 packets  elapsed 0:17:00  ETA 0:06:25
2026-10-05 16:59:55   72.65%  14,530,000 / 20,000,000 packets  elapsed 0:17:01  ETA 0:06:24
2026-10-05 16:59:56   72.70%  14,540,000 / 20,000,000 packets  elapsed 0:17:01  ETA 0:06:24
2026-10-05 16:59:57   72.75%  14,550,000 / 20,000,000 packets  elapsed 0:17:02  ETA 0:06:23
2026-10-05 16:59:58   72.80%  14,560,000 / 20,000,000 packets  elapsed 0:17:03  ETA 0:06:22
2026-10-05 16:59:58   72.85%  14,570,000 / 20,000,000 packets  elapsed 0:17:03  ETA 0:06:21
2026-10-05 16:59:59   72.90%  14,580,000 / 20,000,000 packets  elapsed 0:17:04  ETA 0:06:21
2026-10-05 17:00:00   72.95%  14,590,000 / 20,000,000 packets  elapsed 0:17:05  ETA 0:06:20
2026-10-05 17:00:00   73.00%  14,600,000 / 20,000,000 packets  elapsed 0:17:06  ETA 0:06:19
2026-10-05 17:00:01   73.05%  14,610,000 / 20,000,000 packets  elapsed 0:17:06  ETA 0:06:19
2026-10-05 17:00:02   73.10%  14,620,000 / 20,000,000 packets  elapsed 0:17:07  ETA 0:06:18
2026-10-05 17:00:02   73.15%  14,630,000 / 20,000,000 packets  elapsed 0:17:08  ETA 0:06:17
2026-10-05 17:00:03   73.20%  14,640,000 / 20,000,000 packets  elapsed 0:17:08  ETA 0:06:16
2026-10-05 17:00:04   73.25%  14,650,000 / 20,000,000 packets  elapsed 0:17:09  ETA 0:06:16
2026-10-05 17:00:04   73.30%  14,660,000 / 20,000,000 packets  elapsed 0:17:10  ETA 0:06:15
2026-10-05 17:00:05   73.35%  14,670,000 / 20,000,000 packets  elapsed 0:17:10  ETA 0:06:14
2026-10-05 17:00:06   73.40%  14,680,000 / 20,000,000 packets  elapsed 0:17:11  ETA 0:06:14
2026-10-05 17:00:07   73.45%  14,690,000 / 20,000,000 packets  elapsed 0:17:12  ETA 0:06:13
2026-10-05 17:00:07   73.50%  14,700,000 / 20,000,000 packets  elapsed 0:17:12  ETA 0:06:12
2026-10-05 17:00:08   73.55%  14,710,000 / 20,000,000 packets  elapsed 0:17:13  ETA 0:06:12
2026-10-05 17:00:09   73.60%  14,720,000 / 20,000,000 packets  elapsed 0:17:14  ETA 0:06:11
2026-10-05 17:00:09   73.65%  14,730,000 / 20,000,000 packets  elapsed 0:17:15  ETA 0:06:10
2026-10-05 17:00:10   73.70%  14,740,000 / 20,000,000 packets  elapsed 0:17:15  ETA 0:06:09
2026-10-05 17:00:11   73.75%  14,750,000 / 20,000,000 packets  elapsed 0:17:16  ETA 0:06:09
2026-10-05 17:00:11   73.80%  14,760,000 / 20,000,000 packets  elapsed 0:17:17  ETA 0:06:08
2026-10-05 17:00:12   73.85%  14,770,000 / 20,000,000 packets  elapsed 0:17:17  ETA 0:06:07
2026-10-05 17:00:13   73.90%  14,780,000 / 20,000,000 packets  elapsed 0:17:18  ETA 0:06:07
2026-10-05 17:00:14   73.95%  14,790,000 / 20,000,000 packets  elapsed 0:17:19  ETA 0:06:06
2026-10-05 17:00:14   74.00%  14,800,000 / 20,000,000 packets  elapsed 0:17:19  ETA 0:06:05
2026-10-05 17:00:15   74.05%  14,810,000 / 20,000,000 packets  elapsed 0:17:20  ETA 0:06:04
2026-10-05 17:00:16   74.10%  14,820,000 / 20,000,000 packets  elapsed 0:17:21  ETA 0:06:04
2026-10-05 17:00:16   74.15%  14,830,000 / 20,000,000 packets  elapsed 0:17:21  ETA 0:06:03
2026-10-05 17:00:17   74.20%  14,840,000 / 20,000,000 packets  elapsed 0:17:22  ETA 0:06:02
2026-10-05 17:00:18   74.25%  14,850,000 / 20,000,000 packets  elapsed 0:17:23  ETA 0:06:02
2026-10-05 17:00:18   74.30%  14,860,000 / 20,000,000 packets  elapsed 0:17:24  ETA 0:06:01
2026-10-05 17:00:19   74.35%  14,870,000 / 20,000,000 packets  elapsed 0:17:24  ETA 0:06:00
2026-10-05 17:00:20   74.40%  14,880,000 / 20,000,000 packets  elapsed 0:17:25  ETA 0:06:00
2026-10-05 17:00:20   74.45%  14,890,000 / 20,000,000 packets  elapsed 0:17:26  ETA 0:05:59
2026-10-05 17:00:21   74.50%  14,900,000 / 20,000,000 packets  elapsed 0:17:26  ETA 0:05:58
2026-10-05 17:00:22   74.55%  14,910,000 / 20,000,000 packets  elapsed 0:17:27  ETA 0:05:57
2026-10-05 17:00:23   74.60%  14,920,000 / 20,000,000 packets  elapsed 0:17:28  ETA 0:05:57
2026-10-05 17:00:23   74.65%  14,930,000 / 20,000,000 packets  elapsed 0:17:28  ETA 0:05:56
2026-10-05 17:00:24   74.70%  14,940,000 / 20,000,000 packets  elapsed 0:17:29  ETA 0:05:55
2026-10-05 17:00:25   74.75%  14,950,000 / 20,000,000 packets  elapsed 0:17:30  ETA 0:05:55
2026-10-05 17:00:25   74.80%  14,960,000 / 20,000,000 packets  elapsed 0:17:31  ETA 0:05:54
2026-10-05 17:00:26   74.85%  14,970,000 / 20,000,000 packets  elapsed 0:17:31  ETA 0:05:53
2026-10-05 17:00:27   74.90%  14,980,000 / 20,000,000 packets  elapsed 0:17:32  ETA 0:05:53
2026-10-05 17:00:27   74.95%  14,990,000 / 20,000,000 packets  elapsed 0:17:33  ETA 0:05:52
2026-10-05 17:00:28   75.00%  15,000,000 / 20,000,000 packets  elapsed 0:17:33  ETA 0:05:51
2026-10-05 17:00:29   75.05%  15,010,000 / 20,000,000 packets  elapsed 0:17:34  ETA 0:05:50
2026-10-05 17:00:30   75.10%  15,020,000 / 20,000,000 packets  elapsed 0:17:35  ETA 0:05:50
2026-10-05 17:00:30   75.15%  15,030,000 / 20,000,000 packets  elapsed 0:17:35  ETA 0:05:49
2026-10-05 17:00:31   75.20%  15,040,000 / 20,000,000 packets  elapsed 0:17:36  ETA 0:05:48
2026-10-05 17:00:32   75.25%  15,050,000 / 20,000,000 packets  elapsed 0:17:37  ETA 0:05:48
2026-10-05 17:00:32   75.30%  15,060,000 / 20,000,000 packets  elapsed 0:17:37  ETA 0:05:47
2026-10-05 17:00:33   75.35%  15,070,000 / 20,000,000 packets  elapsed 0:17:38  ETA 0:05:46
2026-10-05 17:00:34   75.40%  15,080,000 / 20,000,000 packets  elapsed 0:17:39  ETA 0:05:45
2026-10-05 17:00:34   75.45%  15,090,000 / 20,000,000 packets  elapsed 0:17:40  ETA 0:05:45
2026-10-05 17:00:35   75.50%  15,100,000 / 20,000,000 packets  elapsed 0:17:40  ETA 0:05:44
2026-10-05 17:00:36   75.55%  15,110,000 / 20,000,000 packets  elapsed 0:17:41  ETA 0:05:43
2026-10-05 17:00:36   75.60%  15,120,000 / 20,000,000 packets  elapsed 0:17:42  ETA 0:05:43
2026-10-05 17:00:37   75.65%  15,130,000 / 20,000,000 packets  elapsed 0:17:42  ETA 0:05:42
2026-10-05 17:00:38   75.70%  15,140,000 / 20,000,000 packets  elapsed 0:17:43  ETA 0:05:41
2026-10-05 17:00:39   75.75%  15,150,000 / 20,000,000 packets  elapsed 0:17:44  ETA 0:05:41
2026-10-05 17:00:39   75.80%  15,160,000 / 20,000,000 packets  elapsed 0:17:44  ETA 0:05:40
2026-10-05 17:00:40   75.85%  15,170,000 / 20,000,000 packets  elapsed 0:17:45  ETA 0:05:39
2026-10-05 17:00:41   75.90%  15,180,000 / 20,000,000 packets  elapsed 0:17:46  ETA 0:05:38
2026-10-05 17:00:41   75.95%  15,190,000 / 20,000,000 packets  elapsed 0:17:47  ETA 0:05:38
2026-10-05 17:00:42   76.00%  15,200,000 / 20,000,000 packets  elapsed 0:17:47  ETA 0:05:37
2026-10-05 17:00:43   76.05%  15,210,000 / 20,000,000 packets  elapsed 0:17:48  ETA 0:05:36
2026-10-05 17:00:43   76.10%  15,220,000 / 20,000,000 packets  elapsed 0:17:49  ETA 0:05:36
2026-10-05 17:00:44   76.15%  15,230,000 / 20,000,000 packets  elapsed 0:17:49  ETA 0:05:35
2026-10-05 17:00:45   76.20%  15,240,000 / 20,000,000 packets  elapsed 0:17:50  ETA 0:05:34
2026-10-05 17:00:46   76.25%  15,250,000 / 20,000,000 packets  elapsed 0:17:51  ETA 0:05:33
2026-10-05 17:00:46   76.30%  15,260,000 / 20,000,000 packets  elapsed 0:17:51  ETA 0:05:33
2026-10-05 17:00:47   76.35%  15,270,000 / 20,000,000 packets  elapsed 0:17:52  ETA 0:05:32
2026-10-05 17:00:48   76.40%  15,280,000 / 20,000,000 packets  elapsed 0:17:53  ETA 0:05:31
2026-10-05 17:00:48   76.45%  15,290,000 / 20,000,000 packets  elapsed 0:17:53  ETA 0:05:31
2026-10-05 17:00:49   76.50%  15,300,000 / 20,000,000 packets  elapsed 0:17:54  ETA 0:05:30
2026-10-05 17:00:50   76.55%  15,310,000 / 20,000,000 packets  elapsed 0:17:55  ETA 0:05:29
2026-10-05 17:00:50   76.60%  15,320,000 / 20,000,000 packets  elapsed 0:17:56  ETA 0:05:29
2026-10-05 17:00:51   76.65%  15,330,000 / 20,000,000 packets  elapsed 0:17:56  ETA 0:05:28
2026-10-05 17:00:52   76.70%  15,340,000 / 20,000,000 packets  elapsed 0:17:57  ETA 0:05:27
2026-10-05 17:00:52   76.75%  15,350,000 / 20,000,000 packets  elapsed 0:17:58  ETA 0:05:26
2026-10-05 17:00:53   76.80%  15,360,000 / 20,000,000 packets  elapsed 0:17:58  ETA 0:05:26
2026-10-05 17:00:54   76.85%  15,370,000 / 20,000,000 packets  elapsed 0:17:59  ETA 0:05:25
2026-10-05 17:00:55   76.90%  15,380,000 / 20,000,000 packets  elapsed 0:18:00  ETA 0:05:24
2026-10-05 17:00:55   76.95%  15,390,000 / 20,000,000 packets  elapsed 0:18:00  ETA 0:05:24
2026-10-05 17:00:56   77.00%  15,400,000 / 20,000,000 packets  elapsed 0:18:01  ETA 0:05:23
2026-10-05 17:00:57   77.05%  15,410,000 / 20,000,000 packets  elapsed 0:18:02  ETA 0:05:22
2026-10-05 17:00:57   77.10%  15,420,000 / 20,000,000 packets  elapsed 0:18:03  ETA 0:05:22
2026-10-05 17:00:58   77.15%  15,430,000 / 20,000,000 packets  elapsed 0:18:03  ETA 0:05:21
2026-10-05 17:00:59   77.20%  15,440,000 / 20,000,000 packets  elapsed 0:18:04  ETA 0:05:20
2026-10-05 17:00:59   77.25%  15,450,000 / 20,000,000 packets  elapsed 0:18:05  ETA 0:05:19
2026-10-05 17:01:00   77.30%  15,460,000 / 20,000,000 packets  elapsed 0:18:05  ETA 0:05:19
2026-10-05 17:01:01   77.35%  15,470,000 / 20,000,000 packets  elapsed 0:18:06  ETA 0:05:18
2026-10-05 17:01:02   77.40%  15,480,000 / 20,000,000 packets  elapsed 0:18:07  ETA 0:05:17
2026-10-05 17:01:02   77.45%  15,490,000 / 20,000,000 packets  elapsed 0:18:07  ETA 0:05:17
2026-10-05 17:01:03   77.50%  15,500,000 / 20,000,000 packets  elapsed 0:18:08  ETA 0:05:16
2026-10-05 17:01:04   77.55%  15,510,000 / 20,000,000 packets  elapsed 0:18:09  ETA 0:05:15
2026-10-05 17:01:04   77.60%  15,520,000 / 20,000,000 packets  elapsed 0:18:09  ETA 0:05:14
2026-10-05 17:01:05   77.65%  15,530,000 / 20,000,000 packets  elapsed 0:18:10  ETA 0:05:14
2026-10-05 17:01:06   77.70%  15,540,000 / 20,000,000 packets  elapsed 0:18:11  ETA 0:05:13
2026-10-05 17:01:06   77.75%  15,550,000 / 20,000,000 packets  elapsed 0:18:12  ETA 0:05:12
2026-10-05 17:01:07   77.80%  15,560,000 / 20,000,000 packets  elapsed 0:18:12  ETA 0:05:12
2026-10-05 17:01:08   77.85%  15,570,000 / 20,000,000 packets  elapsed 0:18:13  ETA 0:05:11
2026-10-05 17:01:08   77.90%  15,580,000 / 20,000,000 packets  elapsed 0:18:14  ETA 0:05:10
2026-10-05 17:01:09   77.95%  15,590,000 / 20,000,000 packets  elapsed 0:18:14  ETA 0:05:10
2026-10-05 17:01:10   78.00%  15,600,000 / 20,000,000 packets  elapsed 0:18:15  ETA 0:05:09
2026-10-05 17:01:11   78.05%  15,610,000 / 20,000,000 packets  elapsed 0:18:16  ETA 0:05:08
2026-10-05 17:01:11   78.10%  15,620,000 / 20,000,000 packets  elapsed 0:18:16  ETA 0:05:07
2026-10-05 17:01:12   78.15%  15,630,000 / 20,000,000 packets  elapsed 0:18:17  ETA 0:05:07
2026-10-05 17:01:13   78.20%  15,640,000 / 20,000,000 packets  elapsed 0:18:18  ETA 0:05:06
2026-10-05 17:01:13   78.25%  15,650,000 / 20,000,000 packets  elapsed 0:18:19  ETA 0:05:05
2026-10-05 17:01:14   78.30%  15,660,000 / 20,000,000 packets  elapsed 0:18:19  ETA 0:05:05
2026-10-05 17:01:15   78.35%  15,670,000 / 20,000,000 packets  elapsed 0:18:20  ETA 0:05:04
2026-10-05 17:01:15   78.40%  15,680,000 / 20,000,000 packets  elapsed 0:18:21  ETA 0:05:03
2026-10-05 17:01:16   78.45%  15,690,000 / 20,000,000 packets  elapsed 0:18:21  ETA 0:05:03
2026-10-05 17:01:17   78.50%  15,700,000 / 20,000,000 packets  elapsed 0:18:22  ETA 0:05:02
2026-10-05 17:01:17   78.55%  15,710,000 / 20,000,000 packets  elapsed 0:18:23  ETA 0:05:01
2026-10-05 17:01:18   78.60%  15,720,000 / 20,000,000 packets  elapsed 0:18:23  ETA 0:05:00
2026-10-05 17:01:19   78.65%  15,730,000 / 20,000,000 packets  elapsed 0:18:24  ETA 0:05:00
2026-10-05 17:01:20   78.70%  15,740,000 / 20,000,000 packets  elapsed 0:18:25  ETA 0:04:59
2026-10-05 17:01:20   78.75%  15,750,000 / 20,000,000 packets  elapsed 0:18:25  ETA 0:04:58
2026-10-05 17:01:21   78.80%  15,760,000 / 20,000,000 packets  elapsed 0:18:26  ETA 0:04:58
2026-10-05 17:01:22   78.85%  15,770,000 / 20,000,000 packets  elapsed 0:18:27  ETA 0:04:57
2026-10-05 17:01:22   78.90%  15,780,000 / 20,000,000 packets  elapsed 0:18:28  ETA 0:04:56
2026-10-05 17:01:23   78.95%  15,790,000 / 20,000,000 packets  elapsed 0:18:28  ETA 0:04:55
2026-10-05 17:01:24   79.00%  15,800,000 / 20,000,000 packets  elapsed 0:18:29  ETA 0:04:55
2026-10-05 17:01:24   79.05%  15,810,000 / 20,000,000 packets  elapsed 0:18:30  ETA 0:04:54
2026-10-05 17:01:25   79.10%  15,820,000 / 20,000,000 packets  elapsed 0:18:30  ETA 0:04:53
2026-10-05 17:01:26   79.15%  15,830,000 / 20,000,000 packets  elapsed 0:18:31  ETA 0:04:53
2026-10-05 17:01:27   79.20%  15,840,000 / 20,000,000 packets  elapsed 0:18:32  ETA 0:04:52
2026-10-05 17:01:27   79.25%  15,850,000 / 20,000,000 packets  elapsed 0:18:32  ETA 0:04:51
2026-10-05 17:01:28   79.30%  15,860,000 / 20,000,000 packets  elapsed 0:18:33  ETA 0:04:51
2026-10-05 17:01:29   79.35%  15,870,000 / 20,000,000 packets  elapsed 0:18:34  ETA 0:04:50
2026-10-05 17:01:29   79.40%  15,880,000 / 20,000,000 packets  elapsed 0:18:34  ETA 0:04:49
2026-10-05 17:01:30   79.45%  15,890,000 / 20,000,000 packets  elapsed 0:18:35  ETA 0:04:48
2026-10-05 17:01:31   79.50%  15,900,000 / 20,000,000 packets  elapsed 0:18:36  ETA 0:04:48
2026-10-05 17:01:31   79.55%  15,910,000 / 20,000,000 packets  elapsed 0:18:37  ETA 0:04:47
2026-10-05 17:01:32   79.60%  15,920,000 / 20,000,000 packets  elapsed 0:18:37  ETA 0:04:46
2026-10-05 17:01:33   79.65%  15,930,000 / 20,000,000 packets  elapsed 0:18:38  ETA 0:04:46
2026-10-05 17:01:33   79.70%  15,940,000 / 20,000,000 packets  elapsed 0:18:39  ETA 0:04:45
2026-10-05 17:01:34   79.75%  15,950,000 / 20,000,000 packets  elapsed 0:18:39  ETA 0:04:44
2026-10-05 17:01:35   79.80%  15,960,000 / 20,000,000 packets  elapsed 0:18:40  ETA 0:04:44
2026-10-05 17:01:36   79.85%  15,970,000 / 20,000,000 packets  elapsed 0:18:41  ETA 0:04:43
2026-10-05 17:01:36   79.90%  15,980,000 / 20,000,000 packets  elapsed 0:18:41  ETA 0:04:42
2026-10-05 17:01:37   79.95%  15,990,000 / 20,000,000 packets  elapsed 0:18:42  ETA 0:04:41
2026-10-05 17:01:38   80.00%  16,000,000 / 20,000,000 packets  elapsed 0:18:43  ETA 0:04:41
2026-10-05 17:01:38   80.05%  16,010,000 / 20,000,000 packets  elapsed 0:18:44  ETA 0:04:40
2026-10-05 17:01:39   80.10%  16,020,000 / 20,000,000 packets  elapsed 0:18:44  ETA 0:04:39
2026-10-05 17:01:40   80.15%  16,030,000 / 20,000,000 packets  elapsed 0:18:45  ETA 0:04:39
2026-10-05 17:01:40   80.20%  16,040,000 / 20,000,000 packets  elapsed 0:18:46  ETA 0:04:38
2026-10-05 17:01:41   80.25%  16,050,000 / 20,000,000 packets  elapsed 0:18:46  ETA 0:04:37
2026-10-05 17:01:42   80.30%  16,060,000 / 20,000,000 packets  elapsed 0:18:47  ETA 0:04:36
2026-10-05 17:01:43   80.35%  16,070,000 / 20,000,000 packets  elapsed 0:18:48  ETA 0:04:36
2026-10-05 17:01:43   80.40%  16,080,000 / 20,000,000 packets  elapsed 0:18:48  ETA 0:04:35
2026-10-05 17:01:44   80.45%  16,090,000 / 20,000,000 packets  elapsed 0:18:49  ETA 0:04:34
2026-10-05 17:01:45   80.50%  16,100,000 / 20,000,000 packets  elapsed 0:18:50  ETA 0:04:34
2026-10-05 17:01:45   80.55%  16,110,000 / 20,000,000 packets  elapsed 0:18:50  ETA 0:04:33
2026-10-05 17:01:46   80.60%  16,120,000 / 20,000,000 packets  elapsed 0:18:51  ETA 0:04:32
2026-10-05 17:01:47   80.65%  16,130,000 / 20,000,000 packets  elapsed 0:18:52  ETA 0:04:32
2026-10-05 17:01:47   80.70%  16,140,000 / 20,000,000 packets  elapsed 0:18:53  ETA 0:04:31
2026-10-05 17:01:48   80.75%  16,150,000 / 20,000,000 packets  elapsed 0:18:53  ETA 0:04:30
2026-10-05 17:01:49   80.80%  16,160,000 / 20,000,000 packets  elapsed 0:18:54  ETA 0:04:29
2026-10-05 17:01:49   80.85%  16,170,000 / 20,000,000 packets  elapsed 0:18:55  ETA 0:04:29
2026-10-05 17:01:50   80.90%  16,180,000 / 20,000,000 packets  elapsed 0:18:55  ETA 0:04:28
2026-10-05 17:01:51   80.95%  16,190,000 / 20,000,000 packets  elapsed 0:18:56  ETA 0:04:27
2026-10-05 17:01:52   81.00%  16,200,000 / 20,000,000 packets  elapsed 0:18:57  ETA 0:04:27
2026-10-05 17:01:52   81.05%  16,210,000 / 20,000,000 packets  elapsed 0:18:57  ETA 0:04:26
2026-10-05 17:01:53   81.10%  16,220,000 / 20,000,000 packets  elapsed 0:18:58  ETA 0:04:25
2026-10-05 17:01:54   81.15%  16,230,000 / 20,000,000 packets  elapsed 0:18:59  ETA 0:04:25
2026-10-05 17:01:54   81.20%  16,240,000 / 20,000,000 packets  elapsed 0:19:00  ETA 0:04:24
2026-10-05 17:01:55   81.25%  16,250,000 / 20,000,000 packets  elapsed 0:19:00  ETA 0:04:23
2026-10-05 17:01:56   81.30%  16,260,000 / 20,000,000 packets  elapsed 0:19:01  ETA 0:04:22
2026-10-05 17:01:56   81.35%  16,270,000 / 20,000,000 packets  elapsed 0:19:02  ETA 0:04:22
2026-10-05 17:01:57   81.40%  16,280,000 / 20,000,000 packets  elapsed 0:19:02  ETA 0:04:21
2026-10-05 17:01:58   81.45%  16,290,000 / 20,000,000 packets  elapsed 0:19:03  ETA 0:04:20
2026-10-05 17:01:59   81.50%  16,300,000 / 20,000,000 packets  elapsed 0:19:04  ETA 0:04:20
2026-10-05 17:01:59   81.55%  16,310,000 / 20,000,000 packets  elapsed 0:19:04  ETA 0:04:19
2026-10-05 17:02:00   81.60%  16,320,000 / 20,000,000 packets  elapsed 0:19:05  ETA 0:04:18
2026-10-05 17:02:01   81.65%  16,330,000 / 20,000,000 packets  elapsed 0:19:06  ETA 0:04:18
2026-10-05 17:02:01   81.70%  16,340,000 / 20,000,000 packets  elapsed 0:19:06  ETA 0:04:17
2026-10-05 17:02:02   81.75%  16,350,000 / 20,000,000 packets  elapsed 0:19:07  ETA 0:04:16
2026-10-05 17:02:03   81.80%  16,360,000 / 20,000,000 packets  elapsed 0:19:08  ETA 0:04:15
2026-10-05 17:02:03   81.85%  16,370,000 / 20,000,000 packets  elapsed 0:19:09  ETA 0:04:15
2026-10-05 17:02:04   81.90%  16,380,000 / 20,000,000 packets  elapsed 0:19:09  ETA 0:04:14
2026-10-05 17:02:05   81.95%  16,390,000 / 20,000,000 packets  elapsed 0:19:10  ETA 0:04:13
2026-10-05 17:02:05   82.00%  16,400,000 / 20,000,000 packets  elapsed 0:19:11  ETA 0:04:13
2026-10-05 17:02:06   82.05%  16,410,000 / 20,000,000 packets  elapsed 0:19:11  ETA 0:04:12
2026-10-05 17:02:07   82.10%  16,420,000 / 20,000,000 packets  elapsed 0:19:12  ETA 0:04:11
2026-10-05 17:02:08   82.15%  16,430,000 / 20,000,000 packets  elapsed 0:19:13  ETA 0:04:10
2026-10-05 17:02:08   82.20%  16,440,000 / 20,000,000 packets  elapsed 0:19:13  ETA 0:04:10
2026-10-05 17:02:09   82.25%  16,450,000 / 20,000,000 packets  elapsed 0:19:14  ETA 0:04:09
2026-10-05 17:02:10   82.30%  16,460,000 / 20,000,000 packets  elapsed 0:19:15  ETA 0:04:08
2026-10-05 17:02:10   82.35%  16,470,000 / 20,000,000 packets  elapsed 0:19:16  ETA 0:04:08
2026-10-05 17:02:11   82.40%  16,480,000 / 20,000,000 packets  elapsed 0:19:16  ETA 0:04:07
2026-10-05 17:02:12   82.45%  16,490,000 / 20,000,000 packets  elapsed 0:19:17  ETA 0:04:06
2026-10-05 17:02:12   82.50%  16,500,000 / 20,000,000 packets  elapsed 0:19:18  ETA 0:04:06
2026-10-05 17:02:13   82.55%  16,510,000 / 20,000,000 packets  elapsed 0:19:18  ETA 0:04:05
2026-10-05 17:02:14   82.60%  16,520,000 / 20,000,000 packets  elapsed 0:19:19  ETA 0:04:04
2026-10-05 17:02:15   82.65%  16,530,000 / 20,000,000 packets  elapsed 0:19:20  ETA 0:04:03
2026-10-05 17:02:15   82.70%  16,540,000 / 20,000,000 packets  elapsed 0:19:20  ETA 0:04:03
2026-10-05 17:02:16   82.75%  16,550,000 / 20,000,000 packets  elapsed 0:19:21  ETA 0:04:02
2026-10-05 17:02:17   82.80%  16,560,000 / 20,000,000 packets  elapsed 0:19:22  ETA 0:04:01
2026-10-05 17:02:17   82.85%  16,570,000 / 20,000,000 packets  elapsed 0:19:22  ETA 0:04:01
2026-10-05 17:02:18   82.90%  16,580,000 / 20,000,000 packets  elapsed 0:19:23  ETA 0:04:00
2026-10-05 17:02:19   82.95%  16,590,000 / 20,000,000 packets  elapsed 0:19:24  ETA 0:03:59
2026-10-05 17:02:19   83.00%  16,600,000 / 20,000,000 packets  elapsed 0:19:25  ETA 0:03:59
2026-10-05 17:02:20   83.05%  16,610,000 / 20,000,000 packets  elapsed 0:19:25  ETA 0:03:58
2026-10-05 17:02:21   83.10%  16,620,000 / 20,000,000 packets  elapsed 0:19:26  ETA 0:03:57
2026-10-05 17:02:21   83.15%  16,630,000 / 20,000,000 packets  elapsed 0:19:27  ETA 0:03:56
2026-10-05 17:02:22   83.20%  16,640,000 / 20,000,000 packets  elapsed 0:19:27  ETA 0:03:56
2026-10-05 17:02:23   83.25%  16,650,000 / 20,000,000 packets  elapsed 0:19:28  ETA 0:03:55
2026-10-05 17:02:24   83.30%  16,660,000 / 20,000,000 packets  elapsed 0:19:29  ETA 0:03:54
2026-10-05 17:02:24   83.35%  16,670,000 / 20,000,000 packets  elapsed 0:19:29  ETA 0:03:54
2026-10-05 17:02:25   83.40%  16,680,000 / 20,000,000 packets  elapsed 0:19:30  ETA 0:03:53
2026-10-05 17:02:26   83.45%  16,690,000 / 20,000,000 packets  elapsed 0:19:31  ETA 0:03:52
2026-10-05 17:02:26   83.50%  16,700,000 / 20,000,000 packets  elapsed 0:19:32  ETA 0:03:51
2026-10-05 17:02:27   83.55%  16,710,000 / 20,000,000 packets  elapsed 0:19:32  ETA 0:03:51
2026-10-05 17:02:28   83.60%  16,720,000 / 20,000,000 packets  elapsed 0:19:33  ETA 0:03:50
2026-10-05 17:02:28   83.65%  16,730,000 / 20,000,000 packets  elapsed 0:19:34  ETA 0:03:49
2026-10-05 17:02:29   83.70%  16,740,000 / 20,000,000 packets  elapsed 0:19:34  ETA 0:03:49
2026-10-05 17:02:30   83.75%  16,750,000 / 20,000,000 packets  elapsed 0:19:35  ETA 0:03:48
2026-10-05 17:02:31   83.80%  16,760,000 / 20,000,000 packets  elapsed 0:19:36  ETA 0:03:47
2026-10-05 17:02:31   83.85%  16,770,000 / 20,000,000 packets  elapsed 0:19:36  ETA 0:03:47
2026-10-05 17:02:32   83.90%  16,780,000 / 20,000,000 packets  elapsed 0:19:37  ETA 0:03:46
2026-10-05 17:02:33   83.95%  16,790,000 / 20,000,000 packets  elapsed 0:19:38  ETA 0:03:45
2026-10-05 17:02:33   84.00%  16,800,000 / 20,000,000 packets  elapsed 0:19:38  ETA 0:03:44
2026-10-05 17:02:34   84.05%  16,810,000 / 20,000,000 packets  elapsed 0:19:39  ETA 0:03:44
2026-10-05 17:02:35   84.10%  16,820,000 / 20,000,000 packets  elapsed 0:19:40  ETA 0:03:43
2026-10-05 17:02:35   84.15%  16,830,000 / 20,000,000 packets  elapsed 0:19:41  ETA 0:03:42
2026-10-05 17:02:36   84.20%  16,840,000 / 20,000,000 packets  elapsed 0:19:41  ETA 0:03:42
2026-10-05 17:02:37   84.25%  16,850,000 / 20,000,000 packets  elapsed 0:19:42  ETA 0:03:41
2026-10-05 17:02:37   84.30%  16,860,000 / 20,000,000 packets  elapsed 0:19:43  ETA 0:03:40
2026-10-05 17:02:38   84.35%  16,870,000 / 20,000,000 packets  elapsed 0:19:43  ETA 0:03:40
2026-10-05 17:02:39   84.40%  16,880,000 / 20,000,000 packets  elapsed 0:19:44  ETA 0:03:39
2026-10-05 17:02:40   84.45%  16,890,000 / 20,000,000 packets  elapsed 0:19:45  ETA 0:03:38
2026-10-05 17:02:40   84.50%  16,900,000 / 20,000,000 packets  elapsed 0:19:45  ETA 0:03:37
2026-10-05 17:02:41   84.55%  16,910,000 / 20,000,000 packets  elapsed 0:19:46  ETA 0:03:37
2026-10-05 17:02:42   84.60%  16,920,000 / 20,000,000 packets  elapsed 0:19:47  ETA 0:03:36
2026-10-05 17:02:42   84.65%  16,930,000 / 20,000,000 packets  elapsed 0:19:48  ETA 0:03:35
2026-10-05 17:02:43   84.70%  16,940,000 / 20,000,000 packets  elapsed 0:19:48  ETA 0:03:35
2026-10-05 17:02:44   84.75%  16,950,000 / 20,000,000 packets  elapsed 0:19:49  ETA 0:03:34
2026-10-05 17:02:44   84.80%  16,960,000 / 20,000,000 packets  elapsed 0:19:50  ETA 0:03:33
2026-10-05 17:02:45   84.85%  16,970,000 / 20,000,000 packets  elapsed 0:19:50  ETA 0:03:33
2026-10-05 17:02:46   84.90%  16,980,000 / 20,000,000 packets  elapsed 0:19:51  ETA 0:03:32
2026-10-05 17:02:47   84.95%  16,990,000 / 20,000,000 packets  elapsed 0:19:52  ETA 0:03:31
2026-10-05 17:02:47   85.00%  17,000,000 / 20,000,000 packets  elapsed 0:19:52  ETA 0:03:30
2026-10-05 17:02:48   85.05%  17,010,000 / 20,000,000 packets  elapsed 0:19:53  ETA 0:03:30
2026-10-05 17:02:49   85.10%  17,020,000 / 20,000,000 packets  elapsed 0:19:54  ETA 0:03:29
2026-10-05 17:02:49   85.15%  17,030,000 / 20,000,000 packets  elapsed 0:19:54  ETA 0:03:28
2026-10-05 17:02:50   85.20%  17,040,000 / 20,000,000 packets  elapsed 0:19:55  ETA 0:03:28
2026-10-05 17:02:51   85.25%  17,050,000 / 20,000,000 packets  elapsed 0:19:56  ETA 0:03:27
2026-10-05 17:02:51   85.30%  17,060,000 / 20,000,000 packets  elapsed 0:19:57  ETA 0:03:26
2026-10-05 17:02:52   85.35%  17,070,000 / 20,000,000 packets  elapsed 0:19:57  ETA 0:03:26
2026-10-05 17:02:53   85.40%  17,080,000 / 20,000,000 packets  elapsed 0:19:58  ETA 0:03:25
2026-10-05 17:02:53   85.45%  17,090,000 / 20,000,000 packets  elapsed 0:19:59  ETA 0:03:24
2026-10-05 17:02:54   85.50%  17,100,000 / 20,000,000 packets  elapsed 0:19:59  ETA 0:03:23
2026-10-05 17:02:55   85.55%  17,110,000 / 20,000,000 packets  elapsed 0:20:00  ETA 0:03:23
2026-10-05 17:02:56   85.60%  17,120,000 / 20,000,000 packets  elapsed 0:20:01  ETA 0:03:22
2026-10-05 17:02:56   85.65%  17,130,000 / 20,000,000 packets  elapsed 0:20:01  ETA 0:03:21
2026-10-05 17:02:57   85.70%  17,140,000 / 20,000,000 packets  elapsed 0:20:02  ETA 0:03:21
2026-10-05 17:02:58   85.75%  17,150,000 / 20,000,000 packets  elapsed 0:20:03  ETA 0:03:20
2026-10-05 17:02:58   85.80%  17,160,000 / 20,000,000 packets  elapsed 0:20:04  ETA 0:03:19
2026-10-05 17:02:59   85.85%  17,170,000 / 20,000,000 packets  elapsed 0:20:04  ETA 0:03:18
2026-10-05 17:03:00   85.90%  17,180,000 / 20,000,000 packets  elapsed 0:20:05  ETA 0:03:18
2026-10-05 17:03:00   85.95%  17,190,000 / 20,000,000 packets  elapsed 0:20:06  ETA 0:03:17
2026-10-05 17:03:01   86.00%  17,200,000 / 20,000,000 packets  elapsed 0:20:06  ETA 0:03:16
2026-10-05 17:03:02   86.05%  17,210,000 / 20,000,000 packets  elapsed 0:20:07  ETA 0:03:16
2026-10-05 17:03:02   86.10%  17,220,000 / 20,000,000 packets  elapsed 0:20:08  ETA 0:03:15
2026-10-05 17:03:03   86.15%  17,230,000 / 20,000,000 packets  elapsed 0:20:08  ETA 0:03:14
2026-10-05 17:03:04   86.20%  17,240,000 / 20,000,000 packets  elapsed 0:20:09  ETA 0:03:14
2026-10-05 17:03:05   86.25%  17,250,000 / 20,000,000 packets  elapsed 0:20:10  ETA 0:03:13
2026-10-05 17:03:05   86.30%  17,260,000 / 20,000,000 packets  elapsed 0:20:10  ETA 0:03:12
2026-10-05 17:03:06   86.35%  17,270,000 / 20,000,000 packets  elapsed 0:20:11  ETA 0:03:11
2026-10-05 17:03:07   86.40%  17,280,000 / 20,000,000 packets  elapsed 0:20:12  ETA 0:03:11
2026-10-05 17:03:07   86.45%  17,290,000 / 20,000,000 packets  elapsed 0:20:13  ETA 0:03:10
2026-10-05 17:03:08   86.50%  17,300,000 / 20,000,000 packets  elapsed 0:20:13  ETA 0:03:09
2026-10-05 17:03:09   86.55%  17,310,000 / 20,000,000 packets  elapsed 0:20:14  ETA 0:03:09
2026-10-05 17:03:09   86.60%  17,320,000 / 20,000,000 packets  elapsed 0:20:15  ETA 0:03:08
2026-10-05 17:03:10   86.65%  17,330,000 / 20,000,000 packets  elapsed 0:20:15  ETA 0:03:07
2026-10-05 17:03:11   86.70%  17,340,000 / 20,000,000 packets  elapsed 0:20:16  ETA 0:03:07
2026-10-05 17:03:12   86.75%  17,350,000 / 20,000,000 packets  elapsed 0:20:17  ETA 0:03:06
2026-10-05 17:03:12   86.80%  17,360,000 / 20,000,000 packets  elapsed 0:20:17  ETA 0:03:05
2026-10-05 17:03:13   86.85%  17,370,000 / 20,000,000 packets  elapsed 0:20:18  ETA 0:03:04
2026-10-05 17:03:14   86.90%  17,380,000 / 20,000,000 packets  elapsed 0:20:19  ETA 0:03:04
2026-10-05 17:03:14   86.95%  17,390,000 / 20,000,000 packets  elapsed 0:20:20  ETA 0:03:03
2026-10-05 17:03:15   87.00%  17,400,000 / 20,000,000 packets  elapsed 0:20:20  ETA 0:03:02
2026-10-05 17:03:16   87.05%  17,410,000 / 20,000,000 packets  elapsed 0:20:21  ETA 0:03:02
2026-10-05 17:03:16   87.10%  17,420,000 / 20,000,000 packets  elapsed 0:20:22  ETA 0:03:01
2026-10-05 17:03:17   87.15%  17,430,000 / 20,000,000 packets  elapsed 0:20:22  ETA 0:03:00
2026-10-05 17:03:18   87.20%  17,440,000 / 20,000,000 packets  elapsed 0:20:23  ETA 0:03:00
2026-10-05 17:03:18   87.25%  17,450,000 / 20,000,000 packets  elapsed 0:20:24  ETA 0:02:59
2026-10-05 17:03:19   87.30%  17,460,000 / 20,000,000 packets  elapsed 0:20:24  ETA 0:02:58
2026-10-05 17:03:20   87.35%  17,470,000 / 20,000,000 packets  elapsed 0:20:25  ETA 0:02:57
2026-10-05 17:03:21   87.40%  17,480,000 / 20,000,000 packets  elapsed 0:20:26  ETA 0:02:57
2026-10-05 17:03:21   87.45%  17,490,000 / 20,000,000 packets  elapsed 0:20:26  ETA 0:02:56
2026-10-05 17:03:22   87.50%  17,500,000 / 20,000,000 packets  elapsed 0:20:27  ETA 0:02:55
2026-10-05 17:03:23   87.55%  17,510,000 / 20,000,000 packets  elapsed 0:20:28  ETA 0:02:55
2026-10-05 17:03:23   87.60%  17,520,000 / 20,000,000 packets  elapsed 0:20:29  ETA 0:02:54
2026-10-05 17:03:24   87.65%  17,530,000 / 20,000,000 packets  elapsed 0:20:29  ETA 0:02:53
2026-10-05 17:03:25   87.70%  17,540,000 / 20,000,000 packets  elapsed 0:20:30  ETA 0:02:53
2026-10-05 17:03:26   87.75%  17,550,000 / 20,000,000 packets  elapsed 0:20:31  ETA 0:02:52
2026-10-05 17:03:26   87.80%  17,560,000 / 20,000,000 packets  elapsed 0:20:31  ETA 0:02:51
2026-10-05 17:03:27   87.85%  17,570,000 / 20,000,000 packets  elapsed 0:20:32  ETA 0:02:50
2026-10-05 17:03:28   87.90%  17,580,000 / 20,000,000 packets  elapsed 0:20:33  ETA 0:02:50
2026-10-05 17:03:28   87.95%  17,590,000 / 20,000,000 packets  elapsed 0:20:33  ETA 0:02:49
2026-10-05 17:03:29   88.00%  17,600,000 / 20,000,000 packets  elapsed 0:20:34  ETA 0:02:48
2026-10-05 17:03:30   88.05%  17,610,000 / 20,000,000 packets  elapsed 0:20:35  ETA 0:02:48
2026-10-05 17:03:30   88.10%  17,620,000 / 20,000,000 packets  elapsed 0:20:36  ETA 0:02:47
2026-10-05 17:03:31   88.15%  17,630,000 / 20,000,000 packets  elapsed 0:20:36  ETA 0:02:46
2026-10-05 17:03:32   88.20%  17,640,000 / 20,000,000 packets  elapsed 0:20:37  ETA 0:02:45
2026-10-05 17:03:32   88.25%  17,650,000 / 20,000,000 packets  elapsed 0:20:38  ETA 0:02:45
2026-10-05 17:03:33   88.30%  17,660,000 / 20,000,000 packets  elapsed 0:20:38  ETA 0:02:44
2026-10-05 17:03:34   88.35%  17,670,000 / 20,000,000 packets  elapsed 0:20:39  ETA 0:02:43
2026-10-05 17:03:35   88.40%  17,680,000 / 20,000,000 packets  elapsed 0:20:40  ETA 0:02:43
2026-10-05 17:03:35   88.45%  17,690,000 / 20,000,000 packets  elapsed 0:20:40  ETA 0:02:42
2026-10-05 17:03:36   88.50%  17,700,000 / 20,000,000 packets  elapsed 0:20:41  ETA 0:02:41
2026-10-05 17:03:37   88.55%  17,710,000 / 20,000,000 packets  elapsed 0:20:42  ETA 0:02:41
2026-10-05 17:03:37   88.60%  17,720,000 / 20,000,000 packets  elapsed 0:20:43  ETA 0:02:40
2026-10-05 17:03:38   88.65%  17,730,000 / 20,000,000 packets  elapsed 0:20:43  ETA 0:02:39
2026-10-05 17:03:39   88.70%  17,740,000 / 20,000,000 packets  elapsed 0:20:44  ETA 0:02:38
2026-10-05 17:03:39   88.75%  17,750,000 / 20,000,000 packets  elapsed 0:20:45  ETA 0:02:38
2026-10-05 17:03:40   88.80%  17,760,000 / 20,000,000 packets  elapsed 0:20:45  ETA 0:02:37
2026-10-05 17:03:41   88.85%  17,770,000 / 20,000,000 packets  elapsed 0:20:46  ETA 0:02:36
2026-10-05 17:03:42   88.90%  17,780,000 / 20,000,000 packets  elapsed 0:20:47  ETA 0:02:36
2026-10-05 17:03:42   88.95%  17,790,000 / 20,000,000 packets  elapsed 0:20:47  ETA 0:02:35
2026-10-05 17:03:43   89.00%  17,800,000 / 20,000,000 packets  elapsed 0:20:48  ETA 0:02:34
2026-10-05 17:03:44   89.05%  17,810,000 / 20,000,000 packets  elapsed 0:20:49  ETA 0:02:34
2026-10-05 17:03:44   89.10%  17,820,000 / 20,000,000 packets  elapsed 0:20:49  ETA 0:02:33
2026-10-05 17:03:45   89.15%  17,830,000 / 20,000,000 packets  elapsed 0:20:50  ETA 0:02:32
2026-10-05 17:03:46   89.20%  17,840,000 / 20,000,000 packets  elapsed 0:20:51  ETA 0:02:31
2026-10-05 17:03:46   89.25%  17,850,000 / 20,000,000 packets  elapsed 0:20:52  ETA 0:02:31
2026-10-05 17:03:47   89.30%  17,860,000 / 20,000,000 packets  elapsed 0:20:52  ETA 0:02:30
2026-10-05 17:03:48   89.35%  17,870,000 / 20,000,000 packets  elapsed 0:20:53  ETA 0:02:29
2026-10-05 17:03:48   89.40%  17,880,000 / 20,000,000 packets  elapsed 0:20:54  ETA 0:02:29
2026-10-05 17:03:49   89.45%  17,890,000 / 20,000,000 packets  elapsed 0:20:54  ETA 0:02:28
2026-10-05 17:03:50   89.50%  17,900,000 / 20,000,000 packets  elapsed 0:20:55  ETA 0:02:27
2026-10-05 17:03:51   89.55%  17,910,000 / 20,000,000 packets  elapsed 0:20:56  ETA 0:02:27
2026-10-05 17:03:51   89.60%  17,920,000 / 20,000,000 packets  elapsed 0:20:56  ETA 0:02:26
2026-10-05 17:03:52   89.65%  17,930,000 / 20,000,000 packets  elapsed 0:20:57  ETA 0:02:25
2026-10-05 17:03:53   89.70%  17,940,000 / 20,000,000 packets  elapsed 0:20:58  ETA 0:02:24
2026-10-05 17:03:53   89.75%  17,950,000 / 20,000,000 packets  elapsed 0:20:59  ETA 0:02:24
2026-10-05 17:03:54   89.80%  17,960,000 / 20,000,000 packets  elapsed 0:20:59  ETA 0:02:23
2026-10-05 17:03:55   89.85%  17,970,000 / 20,000,000 packets  elapsed 0:21:00  ETA 0:02:22
2026-10-05 17:03:55   89.90%  17,980,000 / 20,000,000 packets  elapsed 0:21:01  ETA 0:02:22
2026-10-05 17:03:56   89.95%  17,990,000 / 20,000,000 packets  elapsed 0:21:01  ETA 0:02:21
2026-10-05 17:03:57   90.00%  18,000,000 / 20,000,000 packets  elapsed 0:21:02  ETA 0:02:20
2026-10-05 17:03:58   90.05%  18,010,000 / 20,000,000 packets  elapsed 0:21:03  ETA 0:02:20
2026-10-05 17:03:58   90.10%  18,020,000 / 20,000,000 packets  elapsed 0:21:03  ETA 0:02:19
2026-10-05 17:03:59   90.15%  18,030,000 / 20,000,000 packets  elapsed 0:21:04  ETA 0:02:18
2026-10-05 17:04:00   90.20%  18,040,000 / 20,000,000 packets  elapsed 0:21:05  ETA 0:02:17
2026-10-05 17:04:00   90.25%  18,050,000 / 20,000,000 packets  elapsed 0:21:05  ETA 0:02:17
2026-10-05 17:04:01   90.30%  18,060,000 / 20,000,000 packets  elapsed 0:21:06  ETA 0:02:16
2026-10-05 17:04:02   90.35%  18,070,000 / 20,000,000 packets  elapsed 0:21:07  ETA 0:02:15
2026-10-05 17:04:02   90.40%  18,080,000 / 20,000,000 packets  elapsed 0:21:08  ETA 0:02:15
2026-10-05 17:04:03   90.45%  18,090,000 / 20,000,000 packets  elapsed 0:21:08  ETA 0:02:14
2026-10-05 17:04:04   90.50%  18,100,000 / 20,000,000 packets  elapsed 0:21:09  ETA 0:02:13
2026-10-05 17:04:04   90.55%  18,110,000 / 20,000,000 packets  elapsed 0:21:10  ETA 0:02:13
2026-10-05 17:04:05   90.60%  18,120,000 / 20,000,000 packets  elapsed 0:21:10  ETA 0:02:12
2026-10-05 17:04:06   90.65%  18,130,000 / 20,000,000 packets  elapsed 0:21:11  ETA 0:02:11
2026-10-05 17:04:07   90.70%  18,140,000 / 20,000,000 packets  elapsed 0:21:12  ETA 0:02:10
2026-10-05 17:04:07   90.75%  18,150,000 / 20,000,000 packets  elapsed 0:21:12  ETA 0:02:10
2026-10-05 17:04:08   90.80%  18,160,000 / 20,000,000 packets  elapsed 0:21:13  ETA 0:02:09
2026-10-05 17:04:09   90.85%  18,170,000 / 20,000,000 packets  elapsed 0:21:14  ETA 0:02:08
2026-10-05 17:04:09   90.90%  18,180,000 / 20,000,000 packets  elapsed 0:21:15  ETA 0:02:08
2026-10-05 17:04:10   90.95%  18,190,000 / 20,000,000 packets  elapsed 0:21:15  ETA 0:02:07
2026-10-05 17:04:11   91.00%  18,200,000 / 20,000,000 packets  elapsed 0:21:16  ETA 0:02:06
2026-10-05 17:04:11   91.05%  18,210,000 / 20,000,000 packets  elapsed 0:21:17  ETA 0:02:05
2026-10-05 17:04:12   91.10%  18,220,000 / 20,000,000 packets  elapsed 0:21:17  ETA 0:02:05
2026-10-05 17:04:13   91.15%  18,230,000 / 20,000,000 packets  elapsed 0:21:18  ETA 0:02:04
2026-10-05 17:04:14   91.20%  18,240,000 / 20,000,000 packets  elapsed 0:21:19  ETA 0:02:03
2026-10-05 17:04:14   91.25%  18,250,000 / 20,000,000 packets  elapsed 0:21:19  ETA 0:02:03
2026-10-05 17:04:15   91.30%  18,260,000 / 20,000,000 packets  elapsed 0:21:20  ETA 0:02:02
2026-10-05 17:04:16   91.35%  18,270,000 / 20,000,000 packets  elapsed 0:21:21  ETA 0:02:01
2026-10-05 17:04:16   91.40%  18,280,000 / 20,000,000 packets  elapsed 0:21:21  ETA 0:02:01
2026-10-05 17:04:17   91.45%  18,290,000 / 20,000,000 packets  elapsed 0:21:22  ETA 0:02:00
2026-10-05 17:04:18   91.50%  18,300,000 / 20,000,000 packets  elapsed 0:21:23  ETA 0:01:59
2026-10-05 17:04:18   91.55%  18,310,000 / 20,000,000 packets  elapsed 0:21:24  ETA 0:01:58
2026-10-05 17:04:19   91.60%  18,320,000 / 20,000,000 packets  elapsed 0:21:24  ETA 0:01:58
2026-10-05 17:04:20   91.65%  18,330,000 / 20,000,000 packets  elapsed 0:21:25  ETA 0:01:57
2026-10-05 17:04:20   91.70%  18,340,000 / 20,000,000 packets  elapsed 0:21:26  ETA 0:01:56
2026-10-05 17:04:21   91.75%  18,350,000 / 20,000,000 packets  elapsed 0:21:26  ETA 0:01:56
2026-10-05 17:04:22   91.80%  18,360,000 / 20,000,000 packets  elapsed 0:21:27  ETA 0:01:55
2026-10-05 17:04:23   91.85%  18,370,000 / 20,000,000 packets  elapsed 0:21:28  ETA 0:01:54
2026-10-05 17:04:23   91.90%  18,380,000 / 20,000,000 packets  elapsed 0:21:28  ETA 0:01:54
2026-10-05 17:04:24   91.95%  18,390,000 / 20,000,000 packets  elapsed 0:21:29  ETA 0:01:53
2026-10-05 17:04:25   92.00%  18,400,000 / 20,000,000 packets  elapsed 0:21:30  ETA 0:01:52
2026-10-05 17:04:25   92.05%  18,410,000 / 20,000,000 packets  elapsed 0:21:31  ETA 0:01:51
2026-10-05 17:04:26   92.10%  18,420,000 / 20,000,000 packets  elapsed 0:21:31  ETA 0:01:51
2026-10-05 17:04:27   92.15%  18,430,000 / 20,000,000 packets  elapsed 0:21:32  ETA 0:01:50
2026-10-05 17:04:27   92.20%  18,440,000 / 20,000,000 packets  elapsed 0:21:33  ETA 0:01:49
2026-10-05 17:04:28   92.25%  18,450,000 / 20,000,000 packets  elapsed 0:21:33  ETA 0:01:49
2026-10-05 17:04:29   92.30%  18,460,000 / 20,000,000 packets  elapsed 0:21:34  ETA 0:01:48
2026-10-05 17:04:30   92.35%  18,470,000 / 20,000,000 packets  elapsed 0:21:35  ETA 0:01:47
2026-10-05 17:04:30   92.40%  18,480,000 / 20,000,000 packets  elapsed 0:21:35  ETA 0:01:47
2026-10-05 17:04:31   92.45%  18,490,000 / 20,000,000 packets  elapsed 0:21:36  ETA 0:01:46
2026-10-05 17:04:32   92.50%  18,500,000 / 20,000,000 packets  elapsed 0:21:37  ETA 0:01:45
2026-10-05 17:04:32   92.55%  18,510,000 / 20,000,000 packets  elapsed 0:21:37  ETA 0:01:44
2026-10-05 17:04:33   92.60%  18,520,000 / 20,000,000 packets  elapsed 0:21:38  ETA 0:01:44
2026-10-05 17:04:34   92.65%  18,530,000 / 20,000,000 packets  elapsed 0:21:39  ETA 0:01:43
2026-10-05 17:04:34   92.70%  18,540,000 / 20,000,000 packets  elapsed 0:21:40  ETA 0:01:42
2026-10-05 17:04:35   92.75%  18,550,000 / 20,000,000 packets  elapsed 0:21:40  ETA 0:01:42
2026-10-05 17:04:36   92.80%  18,560,000 / 20,000,000 packets  elapsed 0:21:41  ETA 0:01:41
2026-10-05 17:04:36   92.85%  18,570,000 / 20,000,000 packets  elapsed 0:21:42  ETA 0:01:40
2026-10-05 17:04:37   92.90%  18,580,000 / 20,000,000 packets  elapsed 0:21:42  ETA 0:01:40
2026-10-05 17:04:38   92.95%  18,590,000 / 20,000,000 packets  elapsed 0:21:43  ETA 0:01:39
2026-10-05 17:04:39   93.00%  18,600,000 / 20,000,000 packets  elapsed 0:21:44  ETA 0:01:38
2026-10-05 17:04:39   93.05%  18,610,000 / 20,000,000 packets  elapsed 0:21:44  ETA 0:01:37
2026-10-05 17:04:40   93.10%  18,620,000 / 20,000,000 packets  elapsed 0:21:45  ETA 0:01:37
2026-10-05 17:04:41   93.15%  18,630,000 / 20,000,000 packets  elapsed 0:21:46  ETA 0:01:36
2026-10-05 17:04:41   93.20%  18,640,000 / 20,000,000 packets  elapsed 0:21:47  ETA 0:01:35
2026-10-05 17:04:42   93.25%  18,650,000 / 20,000,000 packets  elapsed 0:21:47  ETA 0:01:35
2026-10-05 17:04:43   93.30%  18,660,000 / 20,000,000 packets  elapsed 0:21:48  ETA 0:01:34
2026-10-05 17:04:43   93.35%  18,670,000 / 20,000,000 packets  elapsed 0:21:49  ETA 0:01:33
2026-10-05 17:04:44   93.40%  18,680,000 / 20,000,000 packets  elapsed 0:21:49  ETA 0:01:33
2026-10-05 17:04:45   93.45%  18,690,000 / 20,000,000 packets  elapsed 0:21:50  ETA 0:01:32
2026-10-05 17:04:46   93.50%  18,700,000 / 20,000,000 packets  elapsed 0:21:51  ETA 0:01:31
2026-10-05 17:04:46   93.55%  18,710,000 / 20,000,000 packets  elapsed 0:21:51  ETA 0:01:30
2026-10-05 17:04:47   93.60%  18,720,000 / 20,000,000 packets  elapsed 0:21:52  ETA 0:01:30
2026-10-05 17:04:48   93.65%  18,730,000 / 20,000,000 packets  elapsed 0:21:53  ETA 0:01:29
2026-10-05 17:04:48   93.70%  18,740,000 / 20,000,000 packets  elapsed 0:21:53  ETA 0:01:28
2026-10-05 17:04:49   93.75%  18,750,000 / 20,000,000 packets  elapsed 0:21:54  ETA 0:01:28
2026-10-05 17:04:50   93.80%  18,760,000 / 20,000,000 packets  elapsed 0:21:55  ETA 0:01:27
2026-10-05 17:04:50   93.85%  18,770,000 / 20,000,000 packets  elapsed 0:21:56  ETA 0:01:26
2026-10-05 17:04:51   93.90%  18,780,000 / 20,000,000 packets  elapsed 0:21:56  ETA 0:01:26
2026-10-05 17:04:52   93.95%  18,790,000 / 20,000,000 packets  elapsed 0:21:57  ETA 0:01:25
2026-10-05 17:04:52   94.00%  18,800,000 / 20,000,000 packets  elapsed 0:21:58  ETA 0:01:24
2026-10-05 17:04:53   94.05%  18,810,000 / 20,000,000 packets  elapsed 0:21:58  ETA 0:01:23
2026-10-05 17:04:54   94.10%  18,820,000 / 20,000,000 packets  elapsed 0:21:59  ETA 0:01:23
2026-10-05 17:04:55   94.15%  18,830,000 / 20,000,000 packets  elapsed 0:22:00  ETA 0:01:22
2026-10-05 17:04:55   94.20%  18,840,000 / 20,000,000 packets  elapsed 0:22:00  ETA 0:01:21
2026-10-05 17:04:56   94.25%  18,850,000 / 20,000,000 packets  elapsed 0:22:01  ETA 0:01:21
2026-10-05 17:04:57   94.30%  18,860,000 / 20,000,000 packets  elapsed 0:22:02  ETA 0:01:20
2026-10-05 17:04:57   94.35%  18,870,000 / 20,000,000 packets  elapsed 0:22:03  ETA 0:01:19
2026-10-05 17:04:58   94.40%  18,880,000 / 20,000,000 packets  elapsed 0:22:03  ETA 0:01:18
2026-10-05 17:04:59   94.45%  18,890,000 / 20,000,000 packets  elapsed 0:22:04  ETA 0:01:18
2026-10-05 17:04:59   94.50%  18,900,000 / 20,000,000 packets  elapsed 0:22:05  ETA 0:01:17
2026-10-05 17:05:00   94.55%  18,910,000 / 20,000,000 packets  elapsed 0:22:05  ETA 0:01:16
2026-10-05 17:05:01   94.60%  18,920,000 / 20,000,000 packets  elapsed 0:22:06  ETA 0:01:16
2026-10-05 17:05:02   94.65%  18,930,000 / 20,000,000 packets  elapsed 0:22:07  ETA 0:01:15
2026-10-05 17:05:02   94.70%  18,940,000 / 20,000,000 packets  elapsed 0:22:07  ETA 0:01:14
2026-10-05 17:05:03   94.75%  18,950,000 / 20,000,000 packets  elapsed 0:22:08  ETA 0:01:14
2026-10-05 17:05:04   94.80%  18,960,000 / 20,000,000 packets  elapsed 0:22:09  ETA 0:01:13
2026-10-05 17:05:04   94.85%  18,970,000 / 20,000,000 packets  elapsed 0:22:09  ETA 0:01:12
2026-10-05 17:05:05   94.90%  18,980,000 / 20,000,000 packets  elapsed 0:22:10  ETA 0:01:11
2026-10-05 17:05:06   94.95%  18,990,000 / 20,000,000 packets  elapsed 0:22:11  ETA 0:01:11
2026-10-05 17:05:06   95.00%  19,000,000 / 20,000,000 packets  elapsed 0:22:12  ETA 0:01:10
2026-10-05 17:05:07   95.05%  19,010,000 / 20,000,000 packets  elapsed 0:22:12  ETA 0:01:09
2026-10-05 17:05:08   95.10%  19,020,000 / 20,000,000 packets  elapsed 0:22:13  ETA 0:01:09
2026-10-05 17:05:08   95.15%  19,030,000 / 20,000,000 packets  elapsed 0:22:14  ETA 0:01:08
2026-10-05 17:05:09   95.20%  19,040,000 / 20,000,000 packets  elapsed 0:22:14  ETA 0:01:07
2026-10-05 17:05:10   95.25%  19,050,000 / 20,000,000 packets  elapsed 0:22:15  ETA 0:01:07
2026-10-05 17:05:11   95.30%  19,060,000 / 20,000,000 packets  elapsed 0:22:16  ETA 0:01:06
2026-10-05 17:05:11   95.35%  19,070,000 / 20,000,000 packets  elapsed 0:22:16  ETA 0:01:05
2026-10-05 17:05:12   95.40%  19,080,000 / 20,000,000 packets  elapsed 0:22:17  ETA 0:01:04
2026-10-05 17:05:13   95.45%  19,090,000 / 20,000,000 packets  elapsed 0:22:18  ETA 0:01:04
2026-10-05 17:05:13   95.50%  19,100,000 / 20,000,000 packets  elapsed 0:22:19  ETA 0:01:03
2026-10-05 17:05:14   95.55%  19,110,000 / 20,000,000 packets  elapsed 0:22:19  ETA 0:01:02
2026-10-05 17:05:15   95.60%  19,120,000 / 20,000,000 packets  elapsed 0:22:20  ETA 0:01:02
2026-10-05 17:05:15   95.65%  19,130,000 / 20,000,000 packets  elapsed 0:22:21  ETA 0:01:01
2026-10-05 17:05:16   95.70%  19,140,000 / 20,000,000 packets  elapsed 0:22:21  ETA 0:01:00
2026-10-05 17:05:17   95.75%  19,150,000 / 20,000,000 packets  elapsed 0:22:22  ETA 0:01:00
2026-10-05 17:05:18   95.80%  19,160,000 / 20,000,000 packets  elapsed 0:22:23  ETA 0:00:59
2026-10-05 17:05:18   95.85%  19,170,000 / 20,000,000 packets  elapsed 0:22:23  ETA 0:00:58
2026-10-05 17:05:19   95.90%  19,180,000 / 20,000,000 packets  elapsed 0:22:24  ETA 0:00:57
2026-10-05 17:05:20   95.95%  19,190,000 / 20,000,000 packets  elapsed 0:22:25  ETA 0:00:57
2026-10-05 17:05:20   96.00%  19,200,000 / 20,000,000 packets  elapsed 0:22:26  ETA 0:00:56
2026-10-05 17:05:21   96.05%  19,210,000 / 20,000,000 packets  elapsed 0:22:26  ETA 0:00:55
2026-10-05 17:05:22   96.10%  19,220,000 / 20,000,000 packets  elapsed 0:22:27  ETA 0:00:55
2026-10-05 17:05:22   96.15%  19,230,000 / 20,000,000 packets  elapsed 0:22:28  ETA 0:00:54
2026-10-05 17:05:23   96.20%  19,240,000 / 20,000,000 packets  elapsed 0:22:28  ETA 0:00:53
2026-10-05 17:05:24   96.25%  19,250,000 / 20,000,000 packets  elapsed 0:22:29  ETA 0:00:53
2026-10-05 17:05:25   96.30%  19,260,000 / 20,000,000 packets  elapsed 0:22:30  ETA 0:00:52
2026-10-05 17:05:25   96.35%  19,270,000 / 20,000,000 packets  elapsed 0:22:30  ETA 0:00:51
2026-10-05 17:05:26   96.40%  19,280,000 / 20,000,000 packets  elapsed 0:22:31  ETA 0:00:50
2026-10-05 17:05:27   96.45%  19,290,000 / 20,000,000 packets  elapsed 0:22:32  ETA 0:00:50
2026-10-05 17:05:27   96.50%  19,300,000 / 20,000,000 packets  elapsed 0:22:32  ETA 0:00:49
2026-10-05 17:05:28   96.55%  19,310,000 / 20,000,000 packets  elapsed 0:22:33  ETA 0:00:48
2026-10-05 17:05:29   96.60%  19,320,000 / 20,000,000 packets  elapsed 0:22:34  ETA 0:00:48
2026-10-05 17:05:29   96.65%  19,330,000 / 20,000,000 packets  elapsed 0:22:35  ETA 0:00:47
2026-10-05 17:05:30   96.70%  19,340,000 / 20,000,000 packets  elapsed 0:22:35  ETA 0:00:46
2026-10-05 17:05:31   96.75%  19,350,000 / 20,000,000 packets  elapsed 0:22:36  ETA 0:00:46
2026-10-05 17:05:31   96.80%  19,360,000 / 20,000,000 packets  elapsed 0:22:37  ETA 0:00:45
2026-10-05 17:05:32   96.85%  19,370,000 / 20,000,000 packets  elapsed 0:22:37  ETA 0:00:44
2026-10-05 17:05:33   96.90%  19,380,000 / 20,000,000 packets  elapsed 0:22:38  ETA 0:00:43
2026-10-05 17:05:34   96.95%  19,390,000 / 20,000,000 packets  elapsed 0:22:39  ETA 0:00:43
2026-10-05 17:05:34   97.00%  19,400,000 / 20,000,000 packets  elapsed 0:22:39  ETA 0:00:42
2026-10-05 17:05:35   97.05%  19,410,000 / 20,000,000 packets  elapsed 0:22:40  ETA 0:00:41
2026-10-05 17:05:36   97.10%  19,420,000 / 20,000,000 packets  elapsed 0:22:41  ETA 0:00:41
2026-10-05 17:05:36   97.15%  19,430,000 / 20,000,000 packets  elapsed 0:22:42  ETA 0:00:40
2026-10-05 17:05:37   97.20%  19,440,000 / 20,000,000 packets  elapsed 0:22:42  ETA 0:00:39
2026-10-05 17:05:38   97.25%  19,450,000 / 20,000,000 packets  elapsed 0:22:43  ETA 0:00:39
2026-10-05 17:05:38   97.30%  19,460,000 / 20,000,000 packets  elapsed 0:22:44  ETA 0:00:38
2026-10-05 17:05:39   97.35%  19,470,000 / 20,000,000 packets  elapsed 0:22:44  ETA 0:00:37
2026-10-05 17:05:40   97.40%  19,480,000 / 20,000,000 packets  elapsed 0:22:45  ETA 0:00:36
2026-10-05 17:05:40   97.45%  19,490,000 / 20,000,000 packets  elapsed 0:22:46  ETA 0:00:36
2026-10-05 17:05:41   97.50%  19,500,000 / 20,000,000 packets  elapsed 0:22:46  ETA 0:00:35
2026-10-05 17:05:42   97.55%  19,510,000 / 20,000,000 packets  elapsed 0:22:47  ETA 0:00:34
2026-10-05 17:05:43   97.60%  19,520,000 / 20,000,000 packets  elapsed 0:22:48  ETA 0:00:34
2026-10-05 17:05:43   97.65%  19,530,000 / 20,000,000 packets  elapsed 0:22:48  ETA 0:00:33
2026-10-05 17:05:44   97.70%  19,540,000 / 20,000,000 packets  elapsed 0:22:49  ETA 0:00:32
2026-10-05 17:05:45   97.75%  19,550,000 / 20,000,000 packets  elapsed 0:22:50  ETA 0:00:32
2026-10-05 17:05:45   97.80%  19,560,000 / 20,000,000 packets  elapsed 0:22:51  ETA 0:00:31
2026-10-05 17:05:46   97.85%  19,570,000 / 20,000,000 packets  elapsed 0:22:51  ETA 0:00:30
2026-10-05 17:05:47   97.90%  19,580,000 / 20,000,000 packets  elapsed 0:22:52  ETA 0:00:29
2026-10-05 17:05:47   97.95%  19,590,000 / 20,000,000 packets  elapsed 0:22:53  ETA 0:00:29
2026-10-05 17:05:48   98.00%  19,600,000 / 20,000,000 packets  elapsed 0:22:53  ETA 0:00:28
2026-10-05 17:05:49   98.05%  19,610,000 / 20,000,000 packets  elapsed 0:22:54  ETA 0:00:27
2026-10-05 17:05:50   98.10%  19,620,000 / 20,000,000 packets  elapsed 0:22:55  ETA 0:00:27
2026-10-05 17:05:50   98.15%  19,630,000 / 20,000,000 packets  elapsed 0:22:55  ETA 0:00:26
2026-10-05 17:05:51   98.20%  19,640,000 / 20,000,000 packets  elapsed 0:22:56  ETA 0:00:25
2026-10-05 17:05:52   98.25%  19,650,000 / 20,000,000 packets  elapsed 0:22:57  ETA 0:00:25
2026-10-05 17:05:52   98.30%  19,660,000 / 20,000,000 packets  elapsed 0:22:58  ETA 0:00:24
2026-10-05 17:05:53   98.35%  19,670,000 / 20,000,000 packets  elapsed 0:22:58  ETA 0:00:23
2026-10-05 17:05:54   98.40%  19,680,000 / 20,000,000 packets  elapsed 0:22:59  ETA 0:00:22
2026-10-05 17:05:54   98.45%  19,690,000 / 20,000,000 packets  elapsed 0:23:00  ETA 0:00:22
2026-10-05 17:05:55   98.50%  19,700,000 / 20,000,000 packets  elapsed 0:23:00  ETA 0:00:21
2026-10-05 17:05:56   98.55%  19,710,000 / 20,000,000 packets  elapsed 0:23:01  ETA 0:00:20
2026-10-05 17:05:57   98.60%  19,720,000 / 20,000,000 packets  elapsed 0:23:02  ETA 0:00:20
2026-10-05 17:05:57   98.65%  19,730,000 / 20,000,000 packets  elapsed 0:23:02  ETA 0:00:19
2026-10-05 17:05:58   98.70%  19,740,000 / 20,000,000 packets  elapsed 0:23:03  ETA 0:00:18
2026-10-05 17:05:59   98.75%  19,750,000 / 20,000,000 packets  elapsed 0:23:04  ETA 0:00:18
2026-10-05 17:05:59   98.80%  19,760,000 / 20,000,000 packets  elapsed 0:23:04  ETA 0:00:17
2026-10-05 17:06:00   98.85%  19,770,000 / 20,000,000 packets  elapsed 0:23:05  ETA 0:00:16
2026-10-05 17:06:01   98.90%  19,780,000 / 20,000,000 packets  elapsed 0:23:06  ETA 0:00:15
2026-10-05 17:06:01   98.95%  19,790,000 / 20,000,000 packets  elapsed 0:23:07  ETA 0:00:15
2026-10-05 17:06:02   99.00%  19,800,000 / 20,000,000 packets  elapsed 0:23:07  ETA 0:00:14
2026-10-05 17:06:03   99.05%  19,810,000 / 20,000,000 packets  elapsed 0:23:08  ETA 0:00:13
2026-10-05 17:06:03   99.10%  19,820,000 / 20,000,000 packets  elapsed 0:23:09  ETA 0:00:13
2026-10-05 17:06:04   99.15%  19,830,000 / 20,000,000 packets  elapsed 0:23:09  ETA 0:00:12
2026-10-05 17:06:05   99.20%  19,840,000 / 20,000,000 packets  elapsed 0:23:10  ETA 0:00:11
2026-10-05 17:06:06   99.25%  19,850,000 / 20,000,000 packets  elapsed 0:23:11  ETA 0:00:11
2026-10-05 17:06:06   99.30%  19,860,000 / 20,000,000 packets  elapsed 0:23:11  ETA 0:00:10
2026-10-05 17:06:07   99.35%  19,870,000 / 20,000,000 packets  elapsed 0:23:12  ETA 0:00:09
2026-10-05 17:06:08   99.40%  19,880,000 / 20,000,000 packets  elapsed 0:23:13  ETA 0:00:08
2026-10-05 17:06:08   99.45%  19,890,000 / 20,000,000 packets  elapsed 0:23:14  ETA 0:00:08
2026-10-05 17:06:09   99.50%  19,900,000 / 20,000,000 packets  elapsed 0:23:14  ETA 0:00:07
2026-10-05 17:06:10   99.55%  19,910,000 / 20,000,000 packets  elapsed 0:23:15  ETA 0:00:06
2026-10-05 17:06:10   99.60%  19,920,000 / 20,000,000 packets  elapsed 0:23:16  ETA 0:00:06
2026-10-05 17:06:11   99.65%  19,930,000 / 20,000,000 packets  elapsed 0:23:16  ETA 0:00:05
2026-10-05 17:06:12   99.70%  19,940,000 / 20,000,000 packets  elapsed 0:23:17  ETA 0:00:04
2026-10-05 17:06:12   99.75%  19,950,000 / 20,000,000 packets  elapsed 0:23:18  ETA 0:00:04
2026-10-05 17:06:13   99.80%  19,960,000 / 20,000,000 packets  elapsed 0:23:18  ETA 0:00:03
2026-10-05 17:06:14   99.85%  19,970,000 / 20,000,000 packets  elapsed 0:23:19  ETA 0:00:02
2026-10-05 17:06:15   99.90%  19,980,000 / 20,000,000 packets  elapsed 0:23:20  ETA 0:00:01
2026-10-05 17:06:15   99.95%  19,990,000 / 20,000,000 packets  elapsed 0:23:20  ETA 0:00:01
2026-10-05 17:06:16  100.00%  20,000,000 / 20,000,000 packets  elapsed 0:23:21  ETA 0:00:00
Simulation wall time: 1401.2 s
Transport terminal states:
  active: 0
  reached the observer plane: 4,182,897
  escaped through the outer transport boundary: 15,802,968
  absorbed: 14,135
  reached the numerical interaction safety limit: 0
  energy lies outside the dust table: 0
  position or photon four-momentum is invalid: 0
Analog interactions/scatterings: 33,488 / 19,353
Scored/binned observer fluence [ph cm^-2]: 335417 / 333781.4
Scored events valid/binned: 19,353 / 689
Unbinned events outside sky/energy/arrival time: 0 / 0 / 18,664
Saved outputs/dsh_image.png
Saved outputs/dsh_count_image.png: 689 events, max 10 per pixel, 2,160 of 2,597 pixels empty
Total run time: 1407.6 s
Finished Mon Oct  5 17:06:20 +03 2026, elapsed 1414 s
